{
  "model_name": "projections",
  "version": "2.0.0",
  "generated_at_utc": "2026-04-24T03:39:25.557144+00:00",
  "train_seasons": [
    2021,
    2022,
    2023
  ],
  "target_season": 2024,
  "fit_metrics": {
    "n_train_seasons": 3,
    "train_seasons": [
      2021,
      2022,
      2023
    ],
    "n_batter_seasons": 2398,
    "n_pitcher_seasons": 2640,
    "league_war_per_pa_batter": 0.003177,
    "league_war_per_ip_pitcher": 0.009443,
    "n_batter_xstat_rows": 2393,
    "n_pitcher_xstat_rows": 2580,
    "v2_enable_tj_flag": true,
    "v2_enable_calibrated_age_curve": true,
    "v2_enable_role_change": true,
    "v2_n_tj_surgeries": 263,
    "v2_tj_coverage_years": [
      2016,
      2025
    ],
    "v2_age_curve_diagnostics": {
      "year_range": [
        2015,
        2023
      ],
      "min_sample_per_age": 30,
      "smoothing_window": 3,
      "batter_pairs_per_age": {
        "19": 1,
        "20": 9,
        "21": 33,
        "22": 71,
        "23": 142,
        "24": 231,
        "25": 274,
        "26": 285,
        "27": 279,
        "28": 238,
        "29": 226,
        "30": 207,
        "31": 189,
        "32": 153,
        "33": 101,
        "34": 70,
        "35": 45,
        "36": 31,
        "37": 18,
        "38": 12,
        "39": 6,
        "40": 2,
        "41": 3,
        "42": 1
      },
      "pitcher_pairs_per_age": {
        "20": 1,
        "21": 4,
        "22": 29,
        "23": 72,
        "24": 101,
        "25": 135,
        "26": 178,
        "27": 165,
        "28": 157,
        "29": 140,
        "30": 111,
        "31": 112,
        "32": 93,
        "33": 67,
        "34": 47,
        "35": 25,
        "36": 16,
        "37": 9,
        "38": 5,
        "39": 3,
        "40": 3,
        "41": 2,
        "42": 2,
        "43": 1,
        "44": 1
      },
      "fallback_ages_batter": [
        19,
        20,
        37,
        38,
        39,
        40,
        41,
        42
      ],
      "fallback_ages_pitcher": [
        20,
        21,
        22,
        35,
        36,
        37,
        38,
        39,
        40,
        41,
        42,
        43,
        44
      ],
      "batter_curve": {
        "21": 0.428,
        "22": 0.5293,
        "23": 0.1323,
        "24": 0.1984,
        "25": 0.0593,
        "26": -0.1128,
        "27": -0.2273,
        "28": -0.2795,
        "29": -0.377,
        "30": -0.4461,
        "31": -0.4644,
        "32": -0.427,
        "33": -0.5044,
        "34": -0.641,
        "35": -0.4628,
        "36": -0.6034
      },
      "pitcher_curve": {
        "23": 0.3463,
        "24": 0.2389,
        "25": -0.0151,
        "26": -0.1482,
        "27": -0.1614,
        "28": -0.2203,
        "29": -0.2401,
        "30": -0.3477,
        "31": -0.2011,
        "32": -0.2298,
        "33": -0.2719,
        "34": -0.3688
      }
    },
    "v2_n_role_rows": 2643
  },
  "n_projections": 1520,
  "n_batters": 695,
  "n_pitchers": 825,
  "wall_clock_seconds": 4.22,
  "config": {
    "weights": [
      5.0,
      4.0,
      3.0
    ],
    "batter_regression_pa": 1200.0,
    "pitcher_regression_ip": 134.0,
    "overlay_cap_war": 0.5,
    "batter_xwoba_threshold": 0.015,
    "pitcher_xfip_threshold": 0.3
  }
}