{
  "lead_time_t1.0": {
    "n_breached": 90,
    "n_total": 92,
    "fraction_breached": 0.9782608695652174,
    "median_days": 59.5,
    "mean_days": 54.74444444444445,
    "p25_days": 35.25,
    "p75_days": 77.75
  },
  "lead_time_t2.0": {
    "n_breached": 81,
    "n_total": 92,
    "fraction_breached": 0.8804347826086957,
    "median_days": 48.0,
    "mean_days": 46.160493827160494,
    "p25_days": 32.0,
    "p75_days": 65.0
  },
  "lead_time_t3.0": {
    "n_breached": 60,
    "n_total": 92,
    "fraction_breached": 0.6521739130434783,
    "median_days": 43.0,
    "mean_days": 41.35,
    "p25_days": 19.75,
    "p75_days": 61.25
  }
}