{
  "mdi": {
    "auc": 0.38409145516395415,
    "auc_ci_95": [
      0.35830545348815135,
      0.4144224669027267
    ],
    "tpr": [
      1.0,
      0.9934747145187602,
      0.9836867862969005,
      0.9787928221859706,
      0.9722675367047309,
      0.964110929853181,
      0.9592169657422512,
      0.9477977161500816,
      0.9347471451876019,
      0.9053833605220228,
      0.8809135399673735,
      0.866231647634584,
      0.8401305057096248,
      0.8042414355628059,
      0.763458401305057,
      0.7259380097879282,
      0.66721044045677,
      0.600326264274062,
      0.46818923327895595,
      0.2936378466557912,
      0.09135399673735727
    ],
    "fpr": [
      1.0,
      0.993798449612403,
      0.993798449612403,
      0.9922480620155039,
      0.9906976744186047,
      0.9906976744186047,
      0.9906976744186047,
      0.9891472868217054,
      0.9891472868217054,
      0.986046511627907,
      0.9782945736434109,
      0.9751937984496124,
      0.9674418604651163,
      0.9472868217054263,
      0.931782945736434,
      0.9023255813953488,
      0.8511627906976744,
      0.7705426356589147,
      0.6465116279069767,
      0.4232558139534884,
      0.05581395348837209
    ],
    "thresholds": [
      0,
      5,
      10,
      15,
      20,
      25,
      30,
      35,
      40,
      45,
      50,
      55,
      60,
      65,
      70,
      75,
      80,
      85,
      90,
      95,
      100
    ],
    "n_pos": 613,
    "n_neg": 645
  },
  "velocity_drop": {
    "auc": 0.27131656486715483,
    "auc_ci_95": [
      0.24642924381338838,
      0.2995128983735417
    ],
    "tpr": [
      1.0,
      0.9526916802610114,
      0.8858075040783034,
      0.7618270799347472,
      0.598694942903752,
      0.43882544861337686,
      0.32137030995106036,
      0.22512234910277323,
      0.15171288743882544,
      0.11092985318107668,
      0.07177814029363784,
      0.05546492659053834,
      0.04730831973898858,
      0.03915171288743882,
      0.03099510603588907,
      0.022838499184339316,
      0.01468189233278956,
      0.011419249592169658,
      0.0065252854812398045,
      0.004893964110929853,
      0.004893964110929853
    ],
    "fpr": [
      1.0,
      0.9984496124031008,
      0.993798449612403,
      0.9813953488372092,
      0.9348837209302325,
      0.8186046511627907,
      0.6465116279069767,
      0.4728682170542636,
      0.34418604651162793,
      0.22790697674418606,
      0.1813953488372093,
      0.12713178294573643,
      0.08837209302325581,
      0.07286821705426356,
      0.06201550387596899,
      0.04496124031007752,
      0.031007751937984496,
      0.027906976744186046,
      0.02635658914728682,
      0.018604651162790697,
      0.015503875968992248
    ],
    "thresholds": [
      0,
      5,
      10,
      15,
      20,
      25,
      30,
      35,
      40,
      45,
      50,
      55,
      60,
      65,
      70,
      75,
      80,
      85,
      90,
      95,
      100
    ],
    "n_pos": 613,
    "n_neg": 645
  },
  "delta_auc": 0.11277489029679932
}