{
  "mdi": {
    "auc": 0.387028461998318,
    "auc_ci_95": [
      0.356087188086121,
      0.4143380399904985
    ],
    "tpr": [
      1.0,
      0.99836867862969,
      0.9951060358890701,
      0.9918433931484503,
      0.9836867862969005,
      0.9787928221859706,
      0.9738988580750407,
      0.9592169657422512,
      0.933115823817292,
      0.9004893964110929,
      0.8450244698205547,
      0.7960848287112561,
      0.734094616639478,
      0.6590538336052202,
      0.598694942903752,
      0.5301794453507341,
      0.47145187601957583,
      0.4078303425774878,
      0.3523654159869494,
      0.3066884176182708,
      0.26753670473083196,
      0.2300163132137031,
      0.2039151712887439,
      0.17455138662316477,
      0.14845024469820556,
      0.13213703099510604,
      0.11582381729200653,
      0.10929853181076672,
      0.10114192495921696,
      0.08972267536704731,
      0.0734094616639478,
      0.06199021207177814,
      0.048939641109298535,
      0.04567699836867863,
      0.040783034257748776,
      0.03588907014681892,
      0.03588907014681892,
      0.02773246329526917,
      0.024469820554649267,
      0.022838499184339316,
      0.021207177814029365
    ],
    "fpr": [
      1.0,
      1.0,
      1.0,
      1.0,
      0.9968944099378882,
      0.9922360248447205,
      0.9922360248447205,
      0.9891304347826086,
      0.9891304347826086,
      0.9813664596273292,
      0.9642857142857143,
      0.9394409937888198,
      0.8975155279503105,
      0.8338509316770186,
      0.7717391304347826,
      0.6972049689440993,
      0.6335403726708074,
      0.5496894409937888,
      0.4922360248447205,
      0.42857142857142855,
      0.37267080745341613,
      0.32608695652173914,
      0.2686335403726708,
      0.2360248447204969,
      0.21583850931677018,
      0.18322981366459629,
      0.15527950310559005,
      0.14130434782608695,
      0.13198757763975155,
      0.11335403726708075,
      0.09006211180124224,
      0.08229813664596274,
      0.07453416149068323,
      0.059006211180124224,
      0.05124223602484472,
      0.04503105590062112,
      0.043478260869565216,
      0.037267080745341616,
      0.03260869565217391,
      0.027950310559006212,
      0.027950310559006212
    ],
    "thresholds": [
      -2.0,
      -1.8,
      -1.6,
      -1.4,
      -1.2,
      -1.0,
      -0.8,
      -0.6,
      -0.4,
      -0.2,
      0.0,
      0.2,
      0.4,
      0.6,
      0.8,
      1.0,
      1.2,
      1.4,
      1.6,
      1.8,
      2.0,
      2.2,
      2.4,
      2.6,
      2.8,
      3.0,
      3.2,
      3.4,
      3.6,
      3.8,
      4.0,
      4.2,
      4.4,
      4.6,
      4.8,
      5.0,
      5.2,
      5.4,
      5.6,
      5.8,
      6.0
    ],
    "n_pos": 613,
    "n_neg": 644
  },
  "velocity_drop": {
    "auc": 0.267973665812165,
    "auc_ci_95": [
      0.24492611185176577,
      0.29253413636607006
    ],
    "tpr": [
      1.0,
      0.9820554649265906,
      0.965742251223491,
      0.9526916802610114,
      0.9380097879282219,
      0.9265905383360522,
      0.8923327895595432,
      0.867862969004894,
      0.8303425774877651,
      0.7879282218597063,
      0.7406199021207178,
      0.6786296900489397,
      0.6313213703099511,
      0.5840130505709625,
      0.531810766721044,
      0.4812398042414356,
      0.433931484502447,
      0.399673735725938,
      0.3556280587275693,
      0.32137030995106036,
      0.27895595432300163,
      0.2544861337683524,
      0.23164763458401305,
      0.20228384991843393,
      0.18760195758564438,
      0.1598694942903752,
      0.14518760195758565,
      0.12887438825448613,
      0.11582381729200653,
      0.10277324632952692,
      0.0929853181076672
    ],
    "fpr": [
      1.0,
      0.9984472049689441,
      0.9984472049689441,
      0.9984472049689441,
      0.9968944099378882,
      0.9968944099378882,
      0.9953416149068323,
      0.9922360248447205,
      0.9875776397515528,
      0.984472049689441,
      0.9767080745341615,
      0.9627329192546584,
      0.9487577639751553,
      0.9285714285714286,
      0.8959627329192547,
      0.8618012422360248,
      0.8136645962732919,
      0.75,
      0.6925465838509317,
      0.6537267080745341,
      0.5916149068322981,
      0.5403726708074534,
      0.4922360248447205,
      0.44565217391304346,
      0.39596273291925466,
      0.36180124223602483,
      0.327639751552795,
      0.296583850931677,
      0.2608695652173913,
      0.234472049689441,
      0.21428571428571427
    ],
    "thresholds": [
      0.0,
      0.2,
      0.4,
      0.6,
      0.8,
      1.0,
      1.2,
      1.4,
      1.6,
      1.8,
      2.0,
      2.2,
      2.4,
      2.6,
      2.8,
      3.0,
      3.2,
      3.4,
      3.6,
      3.8,
      4.0,
      4.2,
      4.4,
      4.6,
      4.8,
      5.0,
      5.2,
      5.4,
      5.6,
      5.8,
      6.0
    ],
    "n_pos": 613,
    "n_neg": 644
  },
  "delta_auc": 0.119054796186153,
  "score_mode": "zscore"
}