{
  "mdi": {
    "auc": 0.3791193389865606,
    "auc_ci_95": [
      0.3536991636574837,
      0.4088911041252543
    ],
    "tpr": [
      1.0,
      0.9918433931484503,
      0.9836867862969005,
      0.9787928221859706,
      0.9722675367047309,
      0.967373572593801,
      0.9575856443719413,
      0.9445350734094616,
      0.9282218597063622,
      0.8988580750407831,
      0.8809135399673735,
      0.8646003262642741,
      0.8384991843393148,
      0.8075040783034257,
      0.7585644371941273,
      0.7259380097879282,
      0.6753670473083198,
      0.601957585644372,
      0.46166394779771613,
      0.28548123980424145,
      0.08972267536704731
    ],
    "fpr": [
      1.0,
      0.9938080495356038,
      0.9938080495356038,
      0.9922600619195047,
      0.9907120743034056,
      0.9907120743034056,
      0.9891640866873065,
      0.9876160990712074,
      0.9876160990712074,
      0.9860681114551083,
      0.978328173374613,
      0.9752321981424149,
      0.9674922600619195,
      0.9473684210526315,
      0.9318885448916409,
      0.9024767801857585,
      0.8513931888544891,
      0.7678018575851393,
      0.653250773993808,
      0.43343653250773995,
      0.05727554179566564
    ],
    "thresholds": [
      0,
      5,
      10,
      15,
      20,
      25,
      30,
      35,
      40,
      45,
      50,
      55,
      60,
      65,
      70,
      75,
      80,
      85,
      90,
      95,
      100
    ],
    "n_pos": 613,
    "n_neg": 646
  },
  "velocity_drop": {
    "auc": 0.27015161692735823,
    "auc_ci_95": [
      0.24809314733438043,
      0.29546352326528147
    ],
    "tpr": [
      1.0,
      0.9526916802610114,
      0.8841761827079935,
      0.7585644371941273,
      0.5938009787928222,
      0.433931484502447,
      0.31484502446982054,
      0.21859706362153344,
      0.1500815660685155,
      0.10440456769983687,
      0.06851549755301795,
      0.05546492659053834,
      0.04730831973898858,
      0.037520391517128875,
      0.03099510603588907,
      0.021207177814029365,
      0.01468189233278956,
      0.011419249592169658,
      0.004893964110929853,
      0.004893964110929853,
      0.004893964110929853
    ],
    "fpr": [
      1.0,
      0.9984520123839009,
      0.9953560371517027,
      0.9814241486068112,
      0.9365325077399381,
      0.8080495356037152,
      0.631578947368421,
      0.47058823529411764,
      0.3328173374613003,
      0.22910216718266255,
      0.17027863777089783,
      0.12074303405572756,
      0.08978328173374613,
      0.07430340557275542,
      0.06346749226006192,
      0.047987616099071206,
      0.034055727554179564,
      0.02786377708978328,
      0.02321981424148607,
      0.020123839009287926,
      0.015479876160990712
    ],
    "thresholds": [
      0,
      5,
      10,
      15,
      20,
      25,
      30,
      35,
      40,
      45,
      50,
      55,
      60,
      65,
      70,
      75,
      80,
      85,
      90,
      95,
      100
    ],
    "n_pos": 613,
    "n_neg": 646
  },
  "delta_auc": 0.10896772205920235,
  "score_mode": "percentile"
}