{
  "mdi": {
    "auc": 0.3894691387330239,
    "auc_ci_95": [
      0.36124863686450115,
      0.4174987148280659
    ],
    "tpr": [
      1.0,
      0.99836867862969,
      0.9967373572593801,
      0.9934747145187602,
      0.9836867862969005,
      0.9787928221859706,
      0.9706362153344209,
      0.9575856443719413,
      0.933115823817292,
      0.8955954323001631,
      0.8368678629690048,
      0.7846655791190864,
      0.7210440456769984,
      0.66721044045677,
      0.601957585644372,
      0.5350734094616639,
      0.47471451876019577,
      0.4159869494290375,
      0.3621533442088091,
      0.2969004893964111,
      0.25938009787928223,
      0.2169657422512235,
      0.19412724306688417,
      0.16965742251223492,
      0.14355628058727568,
      0.12887438825448613,
      0.11908646003262642,
      0.10603588907014681,
      0.09624796084828711,
      0.0864600326264274,
      0.07177814029363784,
      0.06525285481239804,
      0.053833605220228384,
      0.04730831973898858,
      0.04241435562805873,
      0.03588907014681892,
      0.03262642740619902,
      0.02773246329526917,
      0.022838499184339316,
      0.021207177814029365,
      0.021207177814029365
    ],
    "fpr": [
      1.0,
      1.0,
      1.0,
      0.9984520123839009,
      0.9938080495356038,
      0.9938080495356038,
      0.9907120743034056,
      0.9891640866873065,
      0.9860681114551083,
      0.9752321981424149,
      0.9628482972136223,
      0.934984520123839,
      0.8885448916408669,
      0.8390092879256966,
      0.7708978328173375,
      0.6981424148606811,
      0.628482972136223,
      0.5603715170278638,
      0.4891640866873065,
      0.42260061919504643,
      0.35758513931888547,
      0.30959752321981426,
      0.2724458204334365,
      0.23529411764705882,
      0.20588235294117646,
      0.1780185758513932,
      0.15325077399380804,
      0.13003095975232198,
      0.11609907120743033,
      0.09907120743034056,
      0.08668730650154799,
      0.07585139318885449,
      0.06811145510835913,
      0.058823529411764705,
      0.04953560371517028,
      0.04489164086687306,
      0.034055727554179564,
      0.02786377708978328,
      0.02786377708978328,
      0.02631578947368421,
      0.02631578947368421
    ],
    "thresholds": [
      -2.0,
      -1.8,
      -1.6,
      -1.4,
      -1.2,
      -1.0,
      -0.8,
      -0.6,
      -0.4,
      -0.2,
      0.0,
      0.2,
      0.4,
      0.6,
      0.8,
      1.0,
      1.2,
      1.4,
      1.6,
      1.8,
      2.0,
      2.2,
      2.4,
      2.6,
      2.8,
      3.0,
      3.2,
      3.4,
      3.6,
      3.8,
      4.0,
      4.2,
      4.4,
      4.6,
      4.8,
      5.0,
      5.2,
      5.4,
      5.6,
      5.8,
      6.0
    ],
    "n_pos": 613,
    "n_neg": 646
  },
  "velocity_drop": {
    "auc": 0.27178041303238903,
    "auc_ci_95": [
      0.24723409984203373,
      0.2977360276471198
    ],
    "tpr": [
      1.0,
      0.9820554649265906,
      0.965742251223491,
      0.9526916802610114,
      0.9380097879282219,
      0.9265905383360522,
      0.8923327895595432,
      0.867862969004894,
      0.8303425774877651,
      0.7879282218597063,
      0.7406199021207178,
      0.6786296900489397,
      0.6313213703099511,
      0.5840130505709625,
      0.531810766721044,
      0.4812398042414356,
      0.433931484502447,
      0.399673735725938,
      0.3556280587275693,
      0.32137030995106036,
      0.27895595432300163,
      0.2544861337683524,
      0.23164763458401305,
      0.20228384991843393,
      0.18760195758564438,
      0.1598694942903752,
      0.14518760195758565,
      0.12887438825448613,
      0.11582381729200653,
      0.10277324632952692,
      0.0929853181076672
    ],
    "fpr": [
      1.0,
      0.9984520123839009,
      0.9984520123839009,
      0.9984520123839009,
      0.9953560371517027,
      0.9953560371517027,
      0.9938080495356038,
      0.9907120743034056,
      0.9860681114551083,
      0.9829721362229102,
      0.9752321981424149,
      0.9628482972136223,
      0.9504643962848297,
      0.9303405572755418,
      0.8931888544891641,
      0.8591331269349846,
      0.8065015479876161,
      0.739938080495356,
      0.6826625386996904,
      0.6439628482972136,
      0.5789473684210527,
      0.5232198142414861,
      0.48297213622291024,
      0.44427244582043346,
      0.38854489164086686,
      0.3560371517027864,
      0.3204334365325077,
      0.29102167182662536,
      0.25232198142414863,
      0.22291021671826625,
      0.20588235294117646
    ],
    "thresholds": [
      0.0,
      0.2,
      0.4,
      0.6,
      0.8,
      1.0,
      1.2,
      1.4,
      1.6,
      1.8,
      2.0,
      2.2,
      2.4,
      2.6,
      2.8,
      3.0,
      3.2,
      3.4,
      3.6,
      3.8,
      4.0,
      4.2,
      4.4,
      4.6,
      4.8,
      5.0,
      5.2,
      5.4,
      5.6,
      5.8,
      6.0
    ],
    "n_pos": 613,
    "n_neg": 646
  },
  "delta_auc": 0.11768872570063488,
  "score_mode": "zscore"
}