{
  "vwr": {
    "auc": 0.4224186283674683,
    "auc_ci_95": [
      0.3798777172897177,
      0.46530864736473415
    ],
    "tpr": [
      1.0,
      0.9651567944250871,
      0.867595818815331,
      0.7839721254355401,
      0.6480836236933798,
      0.5993031358885017,
      0.5470383275261324,
      0.5087108013937283,
      0.47038327526132406,
      0.4425087108013937,
      0.4146341463414634,
      0.3902439024390244,
      0.36585365853658536,
      0.34494773519163763,
      0.3240418118466899,
      0.31010452961672474,
      0.29965156794425085,
      0.2926829268292683,
      0.28222996515679444,
      0.2787456445993031,
      0.2787456445993031,
      0.27526132404181186,
      0.26480836236933797,
      0.2613240418118467,
      0.25435540069686413,
      0.24390243902439024,
      0.23344947735191637,
      0.21951219512195122,
      0.20557491289198607,
      0.20209059233449478,
      0.17770034843205576,
      0.156794425087108,
      0.14982578397212543,
      0.13588850174216027,
      0.1254355400696864,
      0.10801393728222997,
      0.10104529616724739,
      0.07665505226480836,
      0.06968641114982578,
      0.0627177700348432,
      0.04878048780487805,
      0.04878048780487805,
      0.041811846689895474,
      0.041811846689895474,
      0.03484320557491289,
      0.03484320557491289,
      0.0313588850174216,
      0.0313588850174216,
      0.0313588850174216,
      0.0313588850174216,
      0.027874564459930314
    ],
    "fpr": [
      1.0,
      0.9714285714285714,
      0.9306620209059233,
      0.8867595818815331,
      0.8529616724738676,
      0.8142857142857143,
      0.7766550522648084,
      0.7331010452961673,
      0.6909407665505226,
      0.654006968641115,
      0.6156794425087108,
      0.5801393728222997,
      0.5344947735191637,
      0.49547038327526133,
      0.45818815331010454,
      0.41916376306620207,
      0.38013937282229965,
      0.3463414634146341,
      0.3097560975609756,
      0.2686411149825784,
      0.2348432055749129,
      0.20452961672473868,
      0.17073170731707318,
      0.14285714285714285,
      0.12020905923344948,
      0.10104529616724739,
      0.089198606271777,
      0.07874564459930314,
      0.06898954703832752,
      0.058885017421602785,
      0.049477351916376304,
      0.04355400696864112,
      0.03937282229965157,
      0.03519163763066202,
      0.0313588850174216,
      0.02578397212543554,
      0.02264808362369338,
      0.018815331010452963,
      0.017421602787456445,
      0.012195121951219513,
      0.010104529616724738,
      0.009407665505226481,
      0.007317073170731708,
      0.005923344947735192,
      0.004878048780487805,
      0.004181184668989547,
      0.0031358885017421603,
      0.0027874564459930314,
      0.0027874564459930314,
      0.0024390243902439024,
      0.0024390243902439024
    ],
    "thresholds": [
      0,
      2,
      4,
      6,
      8,
      10,
      12,
      14,
      16,
      18,
      20,
      22,
      24,
      26,
      28,
      30,
      32,
      34,
      36,
      38,
      40,
      42,
      44,
      46,
      48,
      50,
      52,
      54,
      56,
      58,
      60,
      62,
      64,
      66,
      68,
      70,
      72,
      74,
      76,
      78,
      80,
      82,
      84,
      86,
      88,
      90,
      92,
      94,
      96,
      98,
      100
    ],
    "n_pos": 287,
    "n_neg": 2870
  },
  "velocity_drop": {
    "auc": 0.48832327696099265,
    "auc_ci_95": [
      0.45542469475834324,
      0.519474704101459
    ],
    "tpr": [
      1.0,
      0.9860627177700348,
      0.9860627177700348,
      0.9686411149825784,
      0.8292682926829268,
      0.6794425087108014,
      0.5365853658536586,
      0.40418118466898956,
      0.2857142857142857,
      0.1986062717770035,
      0.15331010452961671,
      0.1254355400696864,
      0.11498257839721254,
      0.0975609756097561,
      0.09059233449477352,
      0.09059233449477352,
      0.08362369337979095,
      0.07317073170731707,
      0.06620209059233449,
      0.059233449477351915,
      0.059233449477351915,
      0.05226480836236934,
      0.04878048780487805,
      0.04529616724738676,
      0.04529616724738676,
      0.041811846689895474,
      0.041811846689895474,
      0.03832752613240418,
      0.03484320557491289,
      0.03484320557491289,
      0.03484320557491289,
      0.03484320557491289,
      0.03484320557491289,
      0.0313588850174216,
      0.027874564459930314,
      0.027874564459930314,
      0.024390243902439025,
      0.024390243902439025,
      0.017421602787456445,
      0.017421602787456445,
      0.017421602787456445,
      0.010452961672473868,
      0.010452961672473868,
      0.010452961672473868,
      0.010452961672473868,
      0.010452961672473868,
      0.010452961672473868,
      0.010452961672473868,
      0.006968641114982578,
      0.006968641114982578,
      0.006968641114982578
    ],
    "fpr": [
      1.0,
      0.9825783972125436,
      0.9738675958188153,
      0.927177700348432,
      0.8222996515679443,
      0.6832752613240418,
      0.5418118466898955,
      0.43031358885017423,
      0.33170731707317075,
      0.2602787456445993,
      0.2097560975609756,
      0.1735191637630662,
      0.14494773519163764,
      0.1278745644599303,
      0.1132404181184669,
      0.09547038327526132,
      0.08641114982578398,
      0.07909407665505226,
      0.07003484320557492,
      0.06655052264808363,
      0.06097560975609756,
      0.05749128919860627,
      0.05191637630662021,
      0.04808362369337979,
      0.04529616724738676,
      0.04425087108013937,
      0.041811846689895474,
      0.041463414634146344,
      0.037630662020905925,
      0.03554006968641115,
      0.033449477351916376,
      0.032752613240418116,
      0.030662020905923345,
      0.02857142857142857,
      0.027874564459930314,
      0.02613240418118467,
      0.024738675958188152,
      0.023693379790940768,
      0.020905923344947737,
      0.020209059233449476,
      0.01951219512195122,
      0.018815331010452963,
      0.01707317073170732,
      0.016724738675958188,
      0.01602787456445993,
      0.014634146341463415,
      0.013588850174216028,
      0.01289198606271777,
      0.012543554006968641,
      0.012195121951219513,
      0.010452961672473868
    ],
    "n_pos": 287,
    "n_neg": 2870
  },
  "delta_auc": -0.06590464859352435,
  "seasonal_control": {
    "season_day_auc": 0.4569589287231847,
    "residual_auc": 0.4932644562881667,
    "joint_auc": 0.5767084704196968,
    "logistic_coef_vwr": 0.004528446766567782,
    "logistic_coef_season_day": -0.005280147253303373,
    "compare_residual_auc": 0.4916036372907283,
    "compare_raw_auc": 0.48832327696099265,
    "delta_residual_auc": 0.0016608189974383625,
    "residual_auc_ci_95": [
      0.44732704750657715,
      0.5395064875146968
    ]
  },
  "per_injury_type": {
    "shoulder": {
      "auc": 0.3745730631909493,
      "n_pos": 81,
      "n_neg": 2870
    },
    "elbow": {
      "auc": 0.4534143798163737,
      "n_pos": 137,
      "n_neg": 2870
    },
    "forearm": {
      "auc": 0.42794273594909865,
      "n_pos": 46,
      "n_neg": 2870
    },
    "rotator_cuff": {
      "auc": 0.7628444726005702,
      "n_pos": 11,
      "n_neg": 2870
    },
    "other_arm": {
      "auc": 0.05827526132404182,
      "n_pos": 12,
      "n_neg": 2870
    }
  }
}