player_id,causal_war,causal_run_value,point_estimate_per_pa,park_adj_woba,raw_woba,pa,ci_low,ci_high,season,sparse,trad_war,pa_total,war_source,position,ip_total,rank_causal,rank_trad,rank_diff
592450,12.85,128.46,0.1352,0.591,0.456,1188,,,2023-2024,False,8.52781386165401,1226.0,season_batting_stats.war,batter,,1,1,0
660271,12.18,121.76,0.1113,0.547,0.435,1367,,,2023-2024,False,7.791728342240769,1406.0,season_batting_stats.war,batter,,2,2,0
665742,11.59,115.95,0.0994,0.521,0.421,1458,,,2023-2024,False,6.707959577772352,1485.0,season_batting_stats.war,batter,,3,7,4
670541,9.0,89.95,0.0974,0.519,0.422,1154,,,2023-2024,False,4.89804725494449,1188.0,season_batting_stats.war,batter,,4,20,16
518692,8.21,82.15,0.0733,0.47,0.397,1400,,,2023-2024,False,5.693756068625102,1435.0,season_batting_stats.war,batter,,5,16,11
605141,7.92,79.2,0.0775,0.478,0.4,1277,,,2023-2024,False,6.783286934649503,1296.0,season_batting_stats.war,batter,,6,5,-1
542303,7.2,71.99,0.0696,0.464,0.395,1293,,,2023-2024,False,3.9153952276532866,1303.0,season_batting_stats.war,batter,,7,37,30
660670,6.96,69.58,0.0904,0.504,0.413,962,,,2023-2024,False,6.489979171494378,974.0,season_batting_stats.war,batter,,8,8,0
608369,6.84,68.41,0.0766,0.479,0.403,1117,,,2023-2024,False,6.2723716612384175,1151.0,season_batting_stats.war,batter,,9,10,1
547180,6.75,67.51,0.0689,0.461,0.393,1225,,,2023-2024,False,4.138062450960219,1249.0,season_batting_stats.war,batter,,10,33,23
677951,6.39,63.88,0.0565,0.437,0.381,1413,,,2023-2024,False,7.0332726498583815,1430.0,season_batting_stats.war,batter,,11,4,-7
621566,6.17,61.71,0.0549,0.437,0.382,1406,,,2023-2024,False,5.756615314116845,1430.0,season_batting_stats.war,batter,,12,13,1
665489,5.91,59.12,0.0543,0.432,0.377,1360,,,2023-2024,False,3.911112688180339,1384.0,season_batting_stats.war,batter,,13,39,26
663656,5.29,52.86,0.063,0.45,0.387,1048,,,2023-2024,False,5.217858008963689,1069.0,season_batting_stats.war,batter,,14,18,4
650490,5.28,52.76,0.0541,0.43,0.376,1220,,,2023-2024,False,3.3265419915209367,1229.0,season_batting_stats.war,batter,,15,62,47
667670,5.02,50.19,0.0554,0.434,0.379,1132,,,2023-2024,False,3.9074036159013446,1140.0,season_batting_stats.war,batter,,16,40,24
656941,4.86,48.62,0.0413,0.406,0.365,1471,,,2023-2024,False,1.916673382563937,1488.0,season_batting_stats.war,batter,,17,155,138
606466,4.68,46.85,0.0454,0.432,0.387,1289,,,2023-2024,False,5.710952807490418,1312.0,season_batting_stats.war,batter,,18,15,-3
661388,4.63,46.26,0.0447,0.412,0.368,1294,,,2023-2024,False,4.358879620345627,1312.0,season_batting_stats.war,batter,,19,27,8
683002,4.51,45.08,0.0417,0.414,0.372,1351,,,2023-2024,False,7.522795364074819,1363.0,season_batting_stats.war,batter,,20,3,-17
514888,4.05,40.49,0.0441,0.415,0.371,1147,,,2023-2024,False,3.0617810484640087,1151.0,season_batting_stats.war,batter,,21,74,53
592885,3.98,39.83,0.053,0.431,0.378,940,,,2023-2024,False,3.108683366386868,957.0,season_batting_stats.war,batter,,22,71,49
646240,3.98,39.75,0.0406,0.411,0.37,1225,,,2023-2024,False,3.7002871177223122,1254.0,season_batting_stats.war,batter,,22,47,25
673548,3.89,38.88,0.0419,0.412,0.37,1160,,,2023-2024,False,3.350308242930125,1168.0,season_batting_stats.war,batter,,24,61,37
663586,3.88,38.81,0.0408,0.406,0.365,1189,,,2023-2024,False,4.809900100979578,1201.0,season_batting_stats.war,batter,,25,21,-4
677594,3.44,34.42,0.0329,0.386,0.353,1308,,,2023-2024,False,4.914091962930756,1327.0,season_batting_stats.war,batter,,26,19,-7
607208,3.39,33.94,0.0328,0.389,0.356,1295,,,2023-2024,False,3.2096159469147434,1302.0,season_batting_stats.war,batter,,27,66,39
680776,3.35,33.52,0.0384,0.408,0.369,1092,,,2023-2024,False,6.743217412906765,1094.0,season_batting_stats.war,batter,,28,6,-22
665487,3.34,33.43,0.0381,0.397,0.359,1098,,,2023-2024,False,4.13531283476303,1103.0,season_batting_stats.war,batter,,29,34,5
575929,3.31,33.1,0.049,0.42,0.37,844,,,2023-2024,False,3.2082883336200245,853.0,season_batting_stats.war,batter,,30,67,37
624413,3.25,32.5,0.0293,0.383,0.353,1388,,,2023-2024,False,2.8530687424073737,1411.0,season_batting_stats.war,batter,,31,87,56
596019,3.07,30.71,0.027,0.387,0.36,1424,,,2023-2024,False,6.481244699016566,1438.0,season_batting_stats.war,batter,,32,9,-23
606192,3.07,30.74,0.0277,0.378,0.35,1385,,,2023-2024,False,3.2495502292216463,1401.0,season_batting_stats.war,batter,,32,63,31
624585,3.0,30.04,0.0325,0.389,0.356,1156,,,2023-2024,False,1.2709231174909152,1170.0,season_batting_stats.war,batter,,34,222,188
608070,2.9,28.99,0.0265,0.388,0.361,1366,,,2023-2024,False,5.873959212212304,1417.0,season_batting_stats.war,batter,,35,12,-23
682998,2.89,28.9,0.0262,0.384,0.358,1379,,,2023-2024,False,4.307164273536536,1407.0,season_batting_stats.war,batter,,36,28,-8
670623,2.88,28.76,0.0297,0.383,0.353,1212,,,2023-2024,False,3.427647460484114,1220.0,season_batting_stats.war,batter,,37,55,18
608324,2.79,27.93,0.0249,0.376,0.352,1404,,,2023-2024,False,4.466197825994593,1415.0,season_batting_stats.war,batter,,38,25,-13
668227,2.71,27.12,0.026,0.374,0.348,1303,,,2023-2024,False,2.579190892299623,1310.0,season_batting_stats.war,batter,,39,101,62
682985,2.68,26.83,0.033,0.392,0.359,1016,,,2023-2024,False,3.9121630679740127,1031.0,season_batting_stats.war,batter,,40,38,-2
641355,2.62,26.17,0.0295,0.391,0.362,1110,,,2023-2024,False,3.4703822366926405,1125.0,season_batting_stats.war,batter,,41,54,13
681481,2.59,25.95,0.0426,0.412,0.369,762,,,2023-2024,False,2.0744644451141356,775.0,season_batting_stats.war,batter,,42,140,98
592626,2.44,24.45,0.0357,0.406,0.37,856,,,2023-2024,False,1.7696567290298453,874.0,season_batting_stats.war,batter,,43,167,124
607043,2.43,24.29,0.0219,0.368,0.346,1388,,,2023-2024,False,3.0598432320997873,1403.0,season_batting_stats.war,batter,,44,75,31
670242,2.35,23.49,0.0558,0.439,0.383,526,,,2023-2024,False,2.1500000953674316,527.0,season_batting_stats.war,batter,,45,138,93
502110,2.29,22.86,0.0286,0.383,0.354,999,,,2023-2024,False,1.2335148320634766,1010.0,season_batting_stats.war,batter,,46,226,180
621043,2.29,22.9,0.03,0.384,0.354,954,,,2023-2024,False,2.200648884326373,971.0,season_batting_stats.war,batter,,46,131,85
650333,2.29,22.93,0.022,0.369,0.347,1303,,,2023-2024,False,2.707801322351737,1328.0,season_batting_stats.war,batter,,46,90,44
571970,2.27,22.69,0.0304,0.387,0.356,933,,,2023-2024,False,2.9164985023462435,951.0,season_batting_stats.war,batter,,49,83,34
502671,2.26,22.63,0.0213,0.365,0.344,1326,,,2023-2024,False,2.382885860916752,1341.0,season_batting_stats.war,batter,,50,118,68
668804,2.26,22.59,0.0214,0.375,0.354,1319,,,2023-2024,False,3.029789789302929,1332.0,season_batting_stats.war,batter,,50,78,28
592518,2.15,21.46,0.0214,0.364,0.343,1253,,,2023-2024,False,2.8868317562829025,1272.0,season_batting_stats.war,batter,,52,85,33
671213,2.13,21.27,0.0363,0.402,0.366,733,,,2023-2024,False,1.7154178175964767,742.0,season_batting_stats.war,batter,,53,175,122
543760,2.13,21.29,0.0173,0.358,0.341,1536,,,2023-2024,False,6.2220475457210505,1553.0,season_batting_stats.war,batter,,53,11,-42
673237,2.07,20.67,0.0256,0.379,0.354,1011,,,2023-2024,False,3.136886012109183,1018.0,season_batting_stats.war,batter,,55,69,14
545361,2.07,20.7,0.0538,0.431,0.377,481,,,2023-2024,False,2.424590220216845,488.0,season_batting_stats.war,batter,,55,114,59
656305,2.06,20.63,0.0211,0.364,0.343,1220,,,2023-2024,False,5.754757344144062,1236.0,season_batting_stats.war,batter,,57,14,-43
663993,2.0,19.97,0.0185,0.364,0.345,1347,,,2023-2024,False,2.943967724266865,1361.0,season_batting_stats.war,batter,,58,80,22
572233,1.99,19.85,0.0196,0.37,0.35,1268,,,2023-2024,False,3.2171428544180736,1288.0,season_batting_stats.war,batter,,59,65,6
457759,1.97,19.74,0.0213,0.368,0.347,1157,,,2023-2024,False,1.7853904868400148,1165.0,season_batting_stats.war,batter,,60,166,106
666969,1.95,19.54,0.0184,0.361,0.342,1330,,,2023-2024,False,2.685706804248051,1337.0,season_batting_stats.war,batter,,61,92,31
668715,1.92,19.21,0.0183,0.365,0.347,1310,,,2023-2024,False,2.1847009312285337,1321.0,season_batting_stats.war,batter,,62,133,71
670042,1.9,18.96,0.0278,0.38,0.353,854,,,2023-2024,False,2.9425203935886786,861.0,season_batting_stats.war,batter,,63,81,18
664774,1.87,18.7,0.0259,0.379,0.353,901,,,2023-2024,False,2.4813042923160222,920.0,season_batting_stats.war,batter,,64,108,44
669394,1.85,18.54,0.0206,0.365,0.344,1123,,,2023-2024,False,1.6221225674050739,1126.0,season_batting_stats.war,batter,,65,186,121
680574,1.85,18.54,0.0577,0.445,0.388,402,,,2023-2024,False,3.569999933242798,403.0,season_batting_stats.war,batter,,65,50,-15
663457,1.84,18.41,0.0257,0.374,0.349,896,,,2023-2024,False,2.5106608068102783,908.0,season_batting_stats.war,batter,,67,106,39
647304,1.84,18.44,0.0202,0.367,0.347,1143,,,2023-2024,False,1.7997182060977925,1171.0,season_batting_stats.war,batter,,67,165,98
669016,1.8,18.03,0.0227,0.372,0.349,993,,,2023-2024,False,3.1798603693961147,1003.0,season_batting_stats.war,batter,,69,68,-1
592206,1.78,17.8,0.016,0.356,0.34,1387,,,2023-2024,False,1.029614026585675,1399.0,season_batting_stats.war,batter,,70,249,179
701538,1.73,17.27,0.0352,0.397,0.361,614,,,2023-2024,False,4.460000038146973,620.0,season_batting_stats.war,batter,,71,26,-45
680977,1.63,16.26,0.0201,0.365,0.345,1013,,,2023-2024,False,2.4299804522261708,1023.0,season_batting_stats.war,batter,,72,113,41
650402,1.62,16.18,0.0145,0.35,0.336,1395,,,2023-2024,False,2.377069735255723,1406.0,season_batting_stats.war,batter,,73,119,46
641487,1.59,15.91,0.0185,0.356,0.338,1075,,,2023-2024,False,4.153939451834168,1089.0,season_batting_stats.war,batter,,74,32,-42
474832,1.59,15.93,0.0489,0.425,0.376,407,,,2023-2024,False,1.9700000286102295,412.0,season_batting_stats.war,batter,,74,149,75
668904,1.58,15.79,0.0336,0.391,0.357,587,,,2023-2024,False,1.4460170021501637,590.0,season_batting_stats.war,batter,,76,210,134
807799,1.5,14.98,0.0189,0.368,0.35,993,,,2023-2024,False,1.4736509584974022,997.0,season_batting_stats.war,batter,,77,206,129
457705,1.46,14.6,0.0186,0.361,0.343,979,,,2023-2024,False,1.1345850009667247,988.0,season_batting_stats.war,batter,,78,238,160
680757,1.45,14.5,0.014,0.353,0.339,1291,,,2023-2024,False,3.543170027126762,1306.0,season_batting_stats.war,batter,,79,51,-28
642715,1.43,14.29,0.0133,0.35,0.336,1338,,,2023-2024,False,3.066017891641535,1346.0,season_batting_stats.war,batter,,80,72,-8
677551,1.43,14.33,0.0371,0.402,0.365,483,,,2023-2024,False,5.360000133514404,491.0,season_batting_stats.war,batter,,80,17,-63
673962,1.39,13.91,0.0228,0.368,0.345,764,,,2023-2024,False,2.1503362794434424,773.0,season_batting_stats.war,batter,,82,137,55
645302,1.38,13.82,0.0425,0.409,0.366,406,,,2023-2024,False,2.1602374631336354,421.0,season_batting_stats.war,batter,,83,136,53
545341,1.28,12.78,0.0214,0.378,0.356,747,,,2023-2024,False,1.6513200469017029,750.0,season_batting_stats.war,batter,,84,183,99
669257,1.28,12.76,0.0138,0.352,0.339,1154,,,2023-2024,False,3.7668255071437104,1175.0,season_batting_stats.war,batter,,84,44,-40
694192,1.27,12.72,0.0275,0.38,0.353,579,,,2023-2024,False,3.859999895095825,585.0,season_batting_stats.war,batter,,86,42,-44
592663,1.26,12.62,0.0156,0.354,0.338,1011,,,2023-2024,False,3.2484818198421674,1021.0,season_batting_stats.war,batter,,87,64,-23
671739,1.23,12.33,0.0151,0.356,0.341,1021,,,2023-2024,False,3.3775728216449035,1030.0,season_batting_stats.war,batter,,88,60,-28
669221,1.22,12.17,0.0216,0.368,0.347,705,,,2023-2024,False,2.993749976158142,712.0,season_batting_stats.war,batter,,89,79,-10
666149,1.2,11.97,0.0401,0.405,0.365,373,,,2023-2024,False,2.50698667550087,375.0,season_batting_stats.war,batter,,90,107,17
664023,1.19,11.94,0.0112,0.361,0.35,1338,,,2023-2024,False,3.7252077327637716,1348.0,season_batting_stats.war,batter,,91,46,-45
666134,1.18,11.82,0.0208,0.383,0.362,711,,,2023-2024,False,2.1815256426800635,721.0,season_batting_stats.war,batter,,92,134,42
673357,1.18,11.84,0.0148,0.356,0.341,1002,,,2023-2024,False,3.618333488702774,1020.0,season_batting_stats.war,batter,,92,49,-43
621439,1.17,11.68,0.0201,0.364,0.344,728,,,2023-2024,False,2.222989080068858,736.0,season_batting_stats.war,batter,,94,125,31
664761,1.17,11.69,0.0115,0.347,0.336,1275,,,2023-2024,False,1.5757632346539483,1284.0,season_batting_stats.war,batter,,94,189,95
668901,1.15,11.46,0.0193,0.365,0.345,744,,,2023-2024,False,1.804590551005114,745.0,season_batting_stats.war,batter,,96,164,68
664040,1.14,11.35,0.0166,0.359,0.342,856,,,2023-2024,False,2.203147426853335,861.0,season_batting_stats.war,batter,,97,129,32
641933,1.12,11.23,0.0193,0.368,0.348,728,,,2023-2024,False,1.9252102489063827,737.0,season_batting_stats.war,batter,,98,153,55
527038,1.11,11.12,0.0202,0.364,0.343,688,,,2023-2024,False,1.5464943022220985,696.0,season_batting_stats.war,batter,,99,193,94
681807,1.11,11.14,0.0262,0.382,0.356,531,,,2023-2024,False,1.1491791187827267,536.0,season_batting_stats.war,batter,,99,236,137
657041,1.04,10.4,0.0104,0.346,0.336,1247,,,2023-2024,False,1.9046528124371624,1253.0,season_batting_stats.war,batter,,101,159,58
593428,1.01,10.14,0.0111,0.344,0.332,1142,,,2023-2024,False,2.912669040508039,1154.0,season_batting_stats.war,batter,,102,84,-18
670770,1.0,9.99,0.0142,0.362,0.347,880,,,2023-2024,False,2.422920786816141,897.0,season_batting_stats.war,batter,,103,115,12
663538,0.99,9.92,0.0094,0.346,0.337,1321,,,2023-2024,False,4.630413869343995,1329.0,season_batting_stats.war,batter,,104,22,-82
663697,0.99,9.92,0.0107,0.349,0.339,1156,,,2023-2024,False,1.4930617131458956,1166.0,season_batting_stats.war,batter,,104,202,98
673490,0.99,9.91,0.0116,0.345,0.334,1070,,,2023-2024,False,4.213540145950596,1096.0,season_batting_stats.war,batter,,104,29,-75
680777,0.96,9.6,0.0147,0.354,0.34,817,,,2023-2024,False,2.568942867825996,823.0,season_batting_stats.war,batter,,107,103,-4
571448,0.93,9.29,0.0094,0.341,0.332,1233,,,2023-2024,False,2.4497033402550765,1247.0,season_batting_stats.war,batter,,108,110,2
596146,0.93,9.28,0.0128,0.354,0.341,907,,,2023-2024,False,1.985492315868841,914.0,season_batting_stats.war,batter,,108,148,40
669364,0.92,9.15,0.0299,0.39,0.36,382,,,2023-2024,False,1.6774741377604683,388.0,season_batting_stats.war,batter,,110,179,69
671056,0.91,9.09,0.0376,0.4,0.362,302,,,2023-2024,False,1.559438926551995,303.0,season_batting_stats.war,batter,,111,192,81
656811,0.9,9.05,0.0131,0.361,0.348,864,,,2023-2024,False,1.527057479441851,870.0,season_batting_stats.war,batter,,112,195,83
456781,0.9,8.97,0.0143,0.352,0.338,782,,,2023-2024,False,1.3411068960303871,786.0,season_batting_stats.war,batter,,112,220,108
621493,0.88,8.76,0.0103,0.347,0.337,1063,,,2023-2024,False,2.047789190020134,1072.0,season_batting_stats.war,batter,,114,142,28
650859,0.87,8.7,0.0147,0.361,0.346,739,,,2023-2024,False,1.8994125976104126,749.0,season_batting_stats.war,batter,,115,161,46
666139,0.84,8.41,0.0119,0.349,0.338,885,,,2023-2024,False,2.3715565998236516,893.0,season_batting_stats.war,batter,,116,120,4
623993,0.78,7.78,0.0073,0.353,0.345,1330,,,2023-2024,False,2.8694932984879404,1342.0,season_batting_stats.war,batter,,117,86,-31
663886,0.76,7.61,0.0093,0.348,0.338,1022,,,2023-2024,False,1.4782171030492746,1032.0,season_batting_stats.war,batter,,118,205,87
645277,0.73,7.32,0.0082,0.351,0.343,1110,,,2023-2024,False,3.646821445971727,1120.0,season_batting_stats.war,batter,,119,48,-71
694497,0.72,7.24,0.0299,0.383,0.353,303,,,2023-2024,False,1.12339806788176,309.0,season_batting_stats.war,batter,,120,240,120
669003,0.72,7.19,0.0305,0.389,0.359,295,,,2023-2024,False,1.7049999499557824,302.0,season_batting_stats.war,batter,,120,176,56
578428,0.69,6.91,0.0257,0.377,0.351,336,,,2023-2024,False,3.0399999618530273,337.0,season_batting_stats.war,batter,,122,77,-45
671218,0.69,6.94,0.0152,0.356,0.341,572,,,2023-2024,False,2.0101037813305442,578.0,season_batting_stats.war,batter,,122,144,22
592192,0.67,6.66,0.0086,0.342,0.333,963,,,2023-2024,False,1.3627607657865513,978.0,season_batting_stats.war,batter,,124,219,95
665862,0.67,6.65,0.0079,0.338,0.331,1055,,,2023-2024,False,2.20213424731723,1073.0,season_batting_stats.war,batter,,124,130,6
666182,0.66,6.55,0.0088,0.338,0.329,929,,,2023-2024,False,2.9402222209506563,945.0,season_batting_stats.war,batter,,126,82,-44
676801,0.65,6.46,0.0107,0.348,0.338,756,,,2023-2024,False,1.9602638981587654,758.0,season_batting_stats.war,batter,,127,150,23
519317,0.64,6.37,0.0086,0.339,0.33,920,,,2023-2024,False,0.11276710065256836,936.0,season_batting_stats.war,batter,,128,349,221
677800,0.63,6.26,0.0148,0.364,0.349,528,,,2023-2024,False,3.122579968245016,531.0,season_batting_stats.war,batter,,129,70,-59
608701,0.62,6.16,0.0142,0.363,0.348,543,,,2023-2024,False,0.7085714214123212,546.0,season_batting_stats.war,batter,,130,282,152
672515,0.62,6.18,0.0098,0.35,0.34,787,,,2023-2024,False,3.5162921032209074,801.0,season_batting_stats.war,batter,,130,52,-78
687462,0.61,6.12,0.0181,0.366,0.348,423,,,2023-2024,False,1.0482464316896918,422.0,season_batting_stats.war,batter,,132,247,115
660821,0.6,6.02,0.008,0.343,0.335,936,,,2023-2024,False,1.2083262780965385,944.0,season_batting_stats.war,batter,,133,229,96
641598,0.58,5.76,0.0087,0.339,0.33,826,,,2023-2024,False,1.0216546568581812,834.0,season_batting_stats.war,batter,,134,250,116
542932,0.56,5.62,0.0139,0.349,0.335,506,,,2023-2024,False,1.9166667262713115,516.0,season_batting_stats.war,batter,,135,156,21
695578,0.54,5.4,0.0202,0.371,0.351,334,,,2023-2024,False,1.0700000524520874,336.0,season_batting_stats.war,batter,,136,245,109
553993,0.51,5.09,0.0048,0.336,0.331,1325,,,2023-2024,False,2.707046508074164,1334.0,season_batting_stats.war,batter,,137,91,-46
573262,0.47,4.73,0.007,0.339,0.332,843,,,2023-2024,False,2.22814034579093,855.0,season_batting_stats.war,batter,,138,124,-14
656582,0.47,4.68,0.0066,0.337,0.33,884,,,2023-2024,False,0.691261257674243,888.0,season_batting_stats.war,batter,,138,285,147
665833,0.44,4.44,0.0089,0.346,0.337,624,,,2023-2024,False,2.4085132484331564,639.0,season_batting_stats.war,batter,,140,117,-23
595777,0.43,4.28,0.0044,0.348,0.344,1207,,,2023-2024,False,1.5251108726322797,1217.0,season_batting_stats.war,batter,,141,196,55
678009,0.39,3.88,0.0103,0.344,0.333,469,,,2023-2024,False,1.7605719509518754,472.0,season_batting_stats.war,batter,,142,169,27
666397,0.38,3.82,0.0066,0.343,0.336,729,,,2023-2024,False,1.453529360539773,731.0,season_batting_stats.war,batter,,143,208,65
682829,0.38,3.75,0.0042,0.347,0.343,1112,,,2023-2024,False,3.510365120768016,1123.0,season_batting_stats.war,batter,,143,53,-90
676059,0.35,3.52,0.0064,0.343,0.337,691,,,2023-2024,False,1.9040895986419193,692.0,season_batting_stats.war,batter,,145,160,15
668709,0.35,3.5,0.0047,0.334,0.329,941,,,2023-2024,False,1.4117778557160543,945.0,season_batting_stats.war,batter,,145,215,70
691023,0.35,3.48,0.0068,0.334,0.328,637,,,2023-2024,False,-0.3093157025694291,643.0,season_batting_stats.war,batter,,145,395,250
676116,0.34,3.44,0.0071,0.335,0.328,603,,,2023-2024,False,1.6781188659738786,606.0,season_batting_stats.war,batter,,148,178,30
679529,0.31,3.09,0.0036,0.331,0.327,1077,,,2023-2024,False,0.7113223011828651,1089.0,season_batting_stats.war,batter,,149,280,131
666971,0.3,2.95,0.0031,0.337,0.334,1198,,,2023-2024,False,2.4630618064001264,1215.0,season_batting_stats.war,batter,,150,109,-41
624424,0.29,2.92,0.0039,0.333,0.33,946,,,2023-2024,False,1.0643214755118018,958.0,season_batting_stats.war,batter,,151,246,95
623912,0.28,2.84,0.0052,0.334,0.328,679,,,2023-2024,False,1.2684011438774854,688.0,season_batting_stats.war,batter,,152,223,71
605137,0.28,2.82,0.0029,0.339,0.336,1209,,,2023-2024,False,-0.1982084756674615,1228.0,season_batting_stats.war,batter,,152,378,226
521692,0.26,2.56,0.0026,0.33,0.327,1234,,,2023-2024,False,1.6764439065587264,1257.0,season_batting_stats.war,batter,,154,180,26
669720,0.25,2.48,0.0037,0.337,0.333,828,,,2023-2024,False,1.6686038193526302,838.0,season_batting_stats.war,batter,,155,181,26
608385,0.24,2.4,0.0041,0.337,0.333,730,,,2023-2024,False,1.2164004952401044,739.0,season_batting_stats.war,batter,,156,228,72
663616,0.23,2.35,0.0049,0.34,0.335,604,,,2023-2024,False,0.8500653343896071,612.0,season_batting_stats.war,batter,,157,264,107
518792,0.21,2.11,0.0041,0.339,0.335,641,,,2023-2024,False,1.5841395228408104,645.0,season_batting_stats.war,batter,,158,188,30
596142,0.21,2.14,0.0048,0.334,0.329,554,,,2023-2024,False,1.1453430102297546,554.0,season_batting_stats.war,batter,,158,237,79
643565,0.21,2.09,0.0035,0.341,0.337,748,,,2023-2024,False,1.7313049537999017,751.0,season_batting_stats.war,batter,,158,173,15
502054,0.18,1.84,0.0022,0.33,0.328,1029,,,2023-2024,False,0.7031953607303116,1039.0,season_batting_stats.war,batter,,161,283,122
666165,0.17,1.74,0.0058,0.335,0.329,377,,,2023-2024,False,0.15994764934659628,382.0,season_batting_stats.war,batter,,162,342,180
694671,0.16,1.64,0.0037,0.333,0.33,551,,,2023-2024,False,4.190000057220459,557.0,season_batting_stats.war,batter,,163,30,-133
671732,0.15,1.54,0.0033,0.332,0.329,578,,,2023-2024,False,2.1737758943746828,580.0,season_batting_stats.war,batter,,164,135,-29
650489,0.13,1.31,0.0015,0.335,0.334,1054,,,2023-2024,False,2.001583483509024,1061.0,season_batting_stats.war,batter,,165,146,-19
621466,0.13,1.28,0.0042,0.335,0.331,377,,,2023-2024,False,-0.218654336589622,379.0,season_batting_stats.war,batter,,165,380,215
663728,0.12,1.22,0.0013,0.332,0.33,1180,,,2023-2024,False,4.036298956588197,1197.0,season_batting_stats.war,batter,,167,36,-131
676369,0.12,1.16,0.0036,0.332,0.329,409,,,2023-2024,False,0.2546210189903278,409.0,season_batting_stats.war,batter,,167,332,165
687263,0.12,1.15,0.0016,0.329,0.327,924,,,2023-2024,False,3.823157837516383,931.0,season_batting_stats.war,batter,,167,43,-124
669134,0.11,1.12,0.003,0.327,0.324,470,,,2023-2024,False,-0.029915424658430556,473.0,season_batting_stats.war,batter,,170,359,189
681146,0.11,1.07,0.0035,0.334,0.33,376,,,2023-2024,False,0.5058200985350937,378.0,season_batting_stats.war,batter,,170,310,140
663624,0.11,1.13,0.0014,0.334,0.332,987,,,2023-2024,False,2.2143529776704227,997.0,season_batting_stats.war,batter,,170,127,-43
605204,0.09,0.94,0.0017,0.324,0.322,698,,,2023-2024,False,0.6108392460078298,703.0,season_batting_stats.war,batter,,173,292,119
467793,0.07,0.69,0.0007,0.335,0.334,1211,,,2023-2024,False,2.572225912893267,1222.0,season_batting_stats.war,batter,,174,102,-72
672640,0.07,0.7,0.002,0.329,0.327,432,,,2023-2024,False,2.809999942779541,434.0,season_batting_stats.war,batter,,174,88,-86
609280,0.07,0.7,0.0021,0.327,0.325,409,,,2023-2024,False,0.29938874781714675,409.0,season_batting_stats.war,batter,,174,328,154
656976,0.04,0.35,0.0011,0.339,0.338,395,,,2023-2024,False,-0.2569017474837507,397.0,season_batting_stats.war,batter,,177,386,209
663698,0.03,0.33,0.0011,0.326,0.325,375,,,2023-2024,False,1.532307738413545,377.0,season_batting_stats.war,batter,,178,194,16
643376,0.03,0.28,0.0006,0.326,0.325,620,,,2023-2024,False,1.1207729670160635,621.0,season_batting_stats.war,batter,,178,241,63
658668,0.03,0.26,0.0006,0.326,0.325,577,,,2023-2024,False,-0.06698796099208924,581.0,season_batting_stats.war,batter,,178,365,187
694384,0.03,0.3,0.0005,0.328,0.327,733,,,2023-2024,False,1.0081597062505792,739.0,season_batting_stats.war,batter,,178,252,74
681351,0.02,0.23,0.0004,0.326,0.326,716,,,2023-2024,False,2.0897088082256663,721.0,season_batting_stats.war,batter,,182,139,-43
676391,0.02,0.16,0.0004,0.327,0.327,500,,,2023-2024,False,3.0592856624769786,504.0,season_batting_stats.war,batter,,182,76,-106
681546,-0.0,-0.02,-0.0,0.324,0.324,720,,,2023-2024,False,2.60115231064612,729.0,season_batting_stats.war,batter,,184,99,-85
600869,0.0,0.02,0.0,0.338,0.338,1030,,,2023-2024,False,1.4997978783548738,1039.0,season_batting_stats.war,batter,,184,197,13
663837,-0.02,-0.22,-0.0003,0.325,0.325,1114,,,2023-2024,False,2.1968141277279476,1130.0,season_batting_stats.war,batter,,186,132,-54
453568,-0.02,-0.23,-0.0003,0.34,0.341,898,,,2023-2024,False,0.9075657786768779,912.0,season_batting_stats.war,batter,,186,257,71
686469,-0.03,-0.34,-0.0005,0.326,0.327,831,,,2023-2024,False,0.8952380559362826,840.0,season_batting_stats.war,batter,,188,258,70
669261,-0.05,-0.53,-0.0008,0.325,0.326,799,,,2023-2024,False,0.8052650227058683,811.0,season_batting_stats.war,batter,,189,270,81
657656,-0.07,-0.68,-0.0012,0.321,0.322,716,,,2023-2024,False,1.49413311597213,721.0,season_batting_stats.war,batter,,190,201,11
605170,-0.09,-0.85,-0.0021,0.329,0.331,506,,,2023-2024,False,1.0075196776333757,508.0,season_batting_stats.war,batter,,191,253,62
680700,-0.11,-1.08,-0.0033,0.321,0.324,414,,,2023-2024,False,1.4949760434159822,418.0,season_batting_stats.war,batter,,192,199,7
641584,-0.12,-1.22,-0.002,0.33,0.333,752,,,2023-2024,False,0.5493438439419264,762.0,season_batting_stats.war,batter,,193,304,111
669743,-0.13,-1.35,-0.0031,0.322,0.325,545,,,2023-2024,False,1.1262137453625167,552.0,season_batting_stats.war,batter,,194,239,45
624641,-0.13,-1.31,-0.0028,0.322,0.325,576,,,2023-2024,False,1.3900344986340096,580.0,season_batting_stats.war,batter,,194,216,22
683737,-0.16,-1.64,-0.0032,0.327,0.331,646,,,2023-2024,False,2.429999925196171,648.0,season_batting_stats.war,batter,,196,112,-84
666023,-0.19,-1.95,-0.0041,0.319,0.323,599,,,2023-2024,False,2.541525776508831,603.0,season_batting_stats.war,batter,,197,105,-92
666135,-0.19,-1.94,-0.0048,0.32,0.324,504,,,2023-2024,False,0.11559054337617919,508.0,season_batting_stats.war,batter,,197,348,151
669304,-0.2,-1.99,-0.0043,0.316,0.32,575,,,2023-2024,False,1.1850774963218045,581.0,season_batting_stats.war,batter,,199,234,35
666181,-0.2,-2.01,-0.0035,0.327,0.33,712,,,2023-2024,False,-0.009316641250248567,717.0,season_batting_stats.war,batter,,199,356,157
602104,-0.2,-1.99,-0.0036,0.323,0.327,701,,,2023-2024,False,1.575495761109479,706.0,season_batting_stats.war,batter,,199,190,-9
669357,-0.2,-2.01,-0.0029,0.321,0.324,856,,,2023-2024,False,1.4880137949424859,866.0,season_batting_stats.war,batter,,199,203,4
596129,-0.2,-2.05,-0.0065,0.315,0.322,392,,,2023-2024,False,0.093040202692825,398.0,season_batting_stats.war,batter,,199,352,153
660766,-0.23,-2.3,-0.0093,0.311,0.32,311,,,2023-2024,False,0.2967515866847555,314.0,season_batting_stats.war,batter,,204,329,125
408234,-0.24,-2.35,-0.0081,0.307,0.315,365,,,2023-2024,False,-0.30000001192092896,370.0,season_batting_stats.war,batter,,205,391,186
543807,-0.24,-2.4,-0.0023,0.319,0.321,1295,,,2023-2024,False,1.4941903372407417,1303.0,season_batting_stats.war,batter,,205,200,-5
660162,-0.25,-2.51,-0.008,0.316,0.324,393,,,2023-2024,False,0.5885820842500943,402.0,season_batting_stats.war,batter,,207,298,91
664238,-0.25,-2.52,-0.0052,0.313,0.318,603,,,2023-2024,False,1.6598019151404353,606.0,season_batting_stats.war,batter,,207,182,-25
645801,-0.26,-2.6,-0.0104,0.306,0.316,312,,,2023-2024,False,0.5368370520421111,313.0,season_batting_stats.war,batter,,209,307,98
664983,-0.29,-2.89,-0.0046,0.323,0.327,786,,,2023-2024,False,1.1683271237022372,807.0,season_batting_stats.war,batter,,210,235,25
677649,-0.34,-3.43,-0.0059,0.312,0.318,721,,,2023-2024,False,0.7360359188683784,724.0,season_batting_stats.war,batter,,211,275,64
543309,-0.35,-3.55,-0.0082,0.309,0.317,543,,,2023-2024,False,0.6028440337662303,545.0,season_batting_stats.war,batter,,212,293,81
681624,-0.35,-3.47,-0.0094,0.308,0.317,460,,,2023-2024,False,1.2000000476837158,463.0,season_batting_stats.war,batter,,212,232,20
669707,-0.37,-3.73,-0.0071,0.309,0.316,654,,,2023-2024,False,1.60102287539999,655.0,season_batting_stats.war,batter,,214,187,-27
682928,-0.38,-3.82,-0.004,0.32,0.324,1201,,,2023-2024,False,3.390592091569775,1216.0,season_batting_stats.war,batter,,215,58,-157
669242,-0.38,-3.77,-0.0064,0.317,0.323,735,,,2023-2024,False,1.7258822988061344,748.0,season_batting_stats.war,batter,,215,174,-41
671277,-0.38,-3.75,-0.0047,0.319,0.324,999,,,2023-2024,False,1.4532475734701251,1010.0,season_batting_stats.war,batter,,215,209,-6
668939,-0.38,-3.84,-0.0036,0.331,0.335,1331,,,2023-2024,False,3.7536702733514566,1346.0,season_batting_stats.war,batter,,215,45,-170
630105,-0.4,-3.97,-0.0042,0.316,0.32,1185,,,2023-2024,False,1.4240149530092083,1203.0,season_batting_stats.war,batter,,219,213,-6
676475,-0.42,-4.18,-0.0056,0.316,0.322,938,,,2023-2024,False,0.6174840742995025,942.0,season_batting_stats.war,batter,,220,291,71
669701,-0.43,-4.33,-0.0066,0.315,0.322,816,,,2023-2024,False,2.792038822058335,824.0,season_batting_stats.war,batter,,221,89,-132
687952,-0.44,-4.4,-0.0151,0.295,0.31,363,,,2023-2024,False,-0.053489005991390774,364.0,season_batting_stats.war,batter,,222,363,141
687401,-0.44,-4.43,-0.0101,0.305,0.315,550,,,2023-2024,False,2.6375539031268347,556.0,season_batting_stats.war,batter,,222,94,-128
666158,-0.45,-4.55,-0.0108,0.307,0.318,527,,,2023-2024,False,2.009999990463257,530.0,season_batting_stats.war,batter,,224,145,-79
621020,-0.47,-4.73,-0.0048,0.317,0.322,1222,,,2023-2024,False,4.576750677063831,1231.0,season_batting_stats.war,batter,,225,23,-202
665161,-0.47,-4.72,-0.0045,0.318,0.322,1312,,,2023-2024,False,3.8894602544661585,1334.0,season_batting_stats.war,batter,,225,41,-184
621550,-0.48,-4.77,-0.0127,0.304,0.317,469,,,2023-2024,False,0.1519747869808133,476.0,season_batting_stats.war,batter,,227,344,117
571657,-0.48,-4.76,-0.0098,0.305,0.315,610,,,2023-2024,False,0.8808780313507328,615.0,season_batting_stats.war,batter,,227,261,34
656555,-0.48,-4.77,-0.0113,0.303,0.314,526,,,2023-2024,False,-0.10999999940395355,527.0,season_batting_stats.war,batter,,227,370,143
672284,-0.49,-4.94,-0.0073,0.311,0.318,850,,,2023-2024,False,1.24795370095038,865.0,season_batting_stats.war,batter,,230,225,-5
605119,-0.49,-4.87,-0.0168,0.285,0.302,362,,,2023-2024,False,0.46153005338757414,366.0,season_batting_stats.war,batter,,230,315,85
596103,-0.51,-5.06,-0.015,0.301,0.316,421,,,2023-2024,False,0.24168646080760095,421.0,season_batting_stats.war,batter,,232,334,102
682626,-0.52,-5.21,-0.008,0.308,0.316,809,,,2023-2024,False,0.8829310294148958,812.0,season_batting_stats.war,batter,,233,259,26
641943,-0.53,-5.31,-0.0197,0.288,0.308,336,,,2023-2024,False,-0.18894737181172036,342.0,season_batting_stats.war,batter,,234,377,143
621438,-0.54,-5.37,-0.0105,0.303,0.313,638,,,2023-2024,False,1.372109389398247,640.0,season_batting_stats.war,batter,,235,218,-17
642708,-0.54,-5.42,-0.0077,0.309,0.317,880,,,2023-2024,False,0.249719414638416,891.0,season_batting_stats.war,batter,,235,333,98
572761,-0.55,-5.47,-0.0177,0.29,0.307,386,,,2023-2024,False,-0.23639594052497506,394.0,season_batting_stats.war,batter,,237,384,147
641432,-0.58,-5.85,-0.0182,0.292,0.31,401,,,2023-2024,False,-0.20260545404318248,403.0,season_batting_stats.war,batter,,238,379,141
683734,-0.58,-5.78,-0.0059,0.315,0.321,1228,,,2023-2024,False,0.568444062308129,1234.0,season_batting_stats.war,batter,,238,302,64
518595,-0.6,-5.96,-0.0117,0.301,0.312,637,,,2023-2024,False,0.6852631828179669,646.0,season_batting_stats.war,batter,,240,287,47
628451,-0.6,-6.01,-0.0119,0.305,0.316,633,,,2023-2024,False,1.643144685517317,636.0,season_batting_stats.war,batter,,240,185,-55
676914,-0.6,-5.96,-0.0126,0.302,0.315,593,,,2023-2024,False,0.326824336363053,592.0,season_batting_stats.war,batter,,240,326,86
643446,-0.61,-6.13,-0.0068,0.311,0.318,1119,,,2023-2024,False,2.054739645699537,1133.0,season_batting_stats.war,batter,,243,141,-102
672386,-0.62,-6.21,-0.0096,0.305,0.314,806,,,2023-2024,False,1.9047303638037514,816.0,season_batting_stats.war,batter,,244,158,-86
693304,-0.64,-6.42,-0.0157,0.294,0.31,510,,,2023-2024,False,0.6892038984206116,515.0,season_batting_stats.war,batter,,245,286,41
643289,-0.64,-6.41,-0.0085,0.31,0.318,940,,,2023-2024,False,1.9068665005556542,951.0,season_batting_stats.war,batter,,245,157,-88
666624,-0.64,-6.44,-0.0078,0.311,0.319,1031,,,2023-2024,False,0.2656250216066837,1040.0,season_batting_stats.war,batter,,245,331,86
621035,-0.66,-6.62,-0.0128,0.3,0.313,647,,,2023-2024,False,0.8379172904568098,653.0,season_batting_stats.war,batter,,248,265,17
657136,-0.67,-6.71,-0.0095,0.312,0.321,880,,,2023-2024,False,1.95017980029074,890.0,season_batting_stats.war,batter,,249,151,-98
444482,-0.67,-6.69,-0.0121,0.306,0.318,691,,,2023-2024,False,0.7750499279965007,701.0,season_batting_stats.war,batter,,249,274,25
543305,-0.67,-6.74,-0.0222,0.29,0.312,380,,,2023-2024,False,0.33199997490102595,385.0,season_batting_stats.war,batter,,249,323,74
641658,-0.68,-6.79,-0.0177,0.292,0.309,480,,,2023-2024,False,0.8025409753938191,488.0,season_batting_stats.war,batter,,252,271,19
681297,-0.69,-6.9,-0.0134,0.306,0.319,642,,,2023-2024,False,2.414558075195135,645.0,season_batting_stats.war,batter,,253,116,-137
519058,-0.7,-6.96,-0.0228,0.285,0.307,381,,,2023-2024,False,-0.09000000357627869,386.0,season_batting_stats.war,batter,,254,368,114
650391,-0.7,-6.98,-0.0106,0.305,0.315,823,,,2023-2024,False,-0.023902169631033924,838.0,season_batting_stats.war,batter,,254,357,103
669224,-0.72,-7.25,-0.0167,0.294,0.311,542,,,2023-2024,False,2.2153308328364374,544.0,season_batting_stats.war,batter,,256,126,-130
663757,-0.72,-7.19,-0.012,0.299,0.311,749,,,2023-2024,False,1.414280066159383,764.0,season_batting_stats.war,batter,,256,214,-42
681082,-0.72,-7.19,-0.0071,0.312,0.319,1265,,,2023-2024,False,3.394760855506448,1275.0,season_batting_stats.war,batter,,256,57,-199
665839,-0.73,-7.32,-0.0248,0.284,0.308,369,,,2023-2024,False,-0.32370969028242175,372.0,season_batting_stats.war,batter,,259,397,138
519203,-0.73,-7.32,-0.0111,0.302,0.313,826,,,2023-2024,False,0.35105515743116683,834.0,season_batting_stats.war,batter,,259,322,63
462101,-0.75,-7.51,-0.0238,0.277,0.301,394,,,2023-2024,False,0.6600000262260437,406.0,season_batting_stats.war,batter,,261,289,28
672761,-0.75,-7.5,-0.0214,0.292,0.313,438,,,2023-2024,False,0.5899999737739563,445.0,season_batting_stats.war,batter,,261,297,36
592669,-0.75,-7.45,-0.0096,0.307,0.316,970,,,2023-2024,False,-0.22421267333084333,978.0,season_batting_stats.war,batter,,261,381,120
656413,-0.76,-7.57,-0.0197,0.292,0.312,480,,,2023-2024,False,0.6969262226561054,488.0,season_batting_stats.war,batter,,264,284,20
572138,-0.77,-7.66,-0.0187,0.29,0.309,512,,,2023-2024,False,0.020525290982268664,514.0,season_batting_stats.war,batter,,265,355,90
647351,-0.77,-7.72,-0.0253,0.277,0.302,382,,,2023-2024,False,0.592000013589859,385.0,season_batting_stats.war,batter,,265,295,30
668472,-0.78,-7.81,-0.0283,0.267,0.295,345,,,2023-2024,False,-1.340000033378601,345.0,season_batting_stats.war,batter,,267,427,160
543685,-0.79,-7.9,-0.0237,0.277,0.3,416,,,2023-2024,False,0.358741099116638,421.0,season_batting_stats.war,batter,,268,321,53
663853,-0.8,-7.98,-0.0322,0.268,0.3,310,,,2023-2024,False,0.572057886234817,311.0,season_batting_stats.war,batter,,269,300,31
655316,-0.81,-8.08,-0.022,0.281,0.303,458,,,2023-2024,False,0.8328384146029252,458.0,season_batting_stats.war,batter,,270,267,-3
607732,-0.82,-8.19,-0.0188,0.292,0.311,546,,,2023-2024,False,0.4565473939950223,559.0,season_batting_stats.war,batter,,271,316,45
593160,-0.82,-8.22,-0.0112,0.302,0.313,917,,,2023-2024,False,0.530516678489448,929.0,season_batting_stats.war,batter,,271,308,37
682641,-0.82,-8.25,-0.0255,0.273,0.299,405,,,2023-2024,False,-0.29371638504975,409.0,season_batting_stats.war,batter,,271,389,118
666176,-0.82,-8.19,-0.0201,0.286,0.306,509,,,2023-2024,False,0.7356140543842873,513.0,season_batting_stats.war,batter,,271,276,5
690993,-0.82,-8.24,-0.0179,0.293,0.311,576,,,2023-2024,False,1.0199999809265137,580.0,season_batting_stats.war,batter,,271,251,-20
691026,-0.83,-8.27,-0.0135,0.297,0.311,765,,,2023-2024,False,4.089935525674228,774.0,season_batting_stats.war,batter,,276,35,-241
669222,-0.83,-8.29,-0.0175,0.292,0.31,593,,,2023-2024,False,-0.6240200815563226,597.0,season_batting_stats.war,batter,,276,412,136
669127,-0.84,-8.45,-0.0104,0.302,0.312,1016,,,2023-2024,False,1.892968711676076,1024.0,season_batting_stats.war,batter,,278,162,-116
680911,-0.85,-8.46,-0.0313,0.259,0.291,338,,,2023-2024,False,0.22140762507041528,341.0,season_batting_stats.war,batter,,279,338,59
624415,-0.86,-8.56,-0.0189,0.287,0.306,567,,,2023-2024,False,0.40207017283690605,570.0,season_batting_stats.war,batter,,280,317,37
663898,-0.87,-8.74,-0.0151,0.307,0.322,726,,,2023-2024,False,0.7162380209536624,731.0,season_batting_stats.war,batter,,281,279,-2
643265,-0.87,-8.65,-0.0191,0.284,0.303,565,,,2023-2024,False,-0.37527051900901925,573.0,season_batting_stats.war,batter,,281,400,119
671221,-0.88,-8.77,-0.0309,0.27,0.301,355,,,2023-2024,False,0.5863764090201912,356.0,season_batting_stats.war,batter,,283,299,16
608841,-0.88,-8.77,-0.0114,0.303,0.314,963,,,2023-2024,False,0.22923712539918645,970.0,season_batting_stats.war,batter,,283,336,53
672695,-0.89,-8.95,-0.0123,0.316,0.328,912,,,2023-2024,False,2.618308665132422,946.0,season_batting_stats.war,batter,,285,97,-188
665923,-0.9,-8.98,-0.0203,0.281,0.301,552,,,2023-2024,False,-0.3068683384470244,562.0,season_batting_stats.war,batter,,286,394,108
664034,-0.91,-9.12,-0.0096,0.302,0.311,1190,,,2023-2024,False,0.1901666820049286,1200.0,season_batting_stats.war,batter,,287,339,52
594807,-0.91,-9.08,-0.0168,0.296,0.313,676,,,2023-2024,False,0.1543338415737906,683.0,season_batting_stats.war,batter,,287,343,56
621028,-0.92,-9.18,-0.0207,0.291,0.312,555,,,2023-2024,False,1.033687966882337,564.0,season_batting_stats.war,batter,,289,248,-41
680869,-0.92,-9.21,-0.0137,0.295,0.308,841,,,2023-2024,False,1.7673199586350352,847.0,season_batting_stats.war,batter,,289,168,-121
686527,-0.94,-9.35,-0.0318,0.265,0.297,368,,,2023-2024,False,0.03227027147202879,370.0,season_batting_stats.war,batter,,291,353,62
608336,-0.97,-9.72,-0.0207,0.285,0.306,588,,,2023-2024,False,0.38020270569501696,592.0,season_batting_stats.war,batter,,292,319,27
493329,-0.98,-9.82,-0.0298,0.265,0.295,412,,,2023-2024,False,-0.5094510728675596,419.0,season_batting_stats.war,batter,,293,405,112
543228,-0.98,-9.77,-0.024,0.277,0.301,509,,,2023-2024,False,1.4841553539905734,515.0,season_batting_stats.war,batter,,293,204,-89
593871,-0.98,-9.84,-0.0148,0.301,0.316,833,,,2023-2024,False,1.5630071238572387,838.0,season_batting_stats.war,batter,,293,191,-102
686681,-0.99,-9.86,-0.0148,0.297,0.312,833,,,2023-2024,False,0.7099643956223888,842.0,season_batting_stats.war,batter,,296,281,-15
666160,-0.99,-9.93,-0.0169,0.294,0.311,735,,,2023-2024,False,0.8812820789141532,741.0,season_batting_stats.war,batter,,296,260,-36
592178,-1.0,-9.98,-0.026,0.28,0.306,479,,,2023-2024,False,-0.9130612508374818,490.0,season_batting_stats.war,batter,,298,418,120
666152,-1.0,-9.98,-0.035,0.27,0.305,356,,,2023-2024,False,2.4479999917073987,355.0,season_batting_stats.war,batter,,298,111,-187
642136,-1.01,-10.06,-0.0256,0.274,0.3,492,,,2023-2024,False,0.46281947488717085,493.0,season_batting_stats.war,batter,,300,314,14
676356,-1.04,-10.44,-0.0323,0.26,0.292,404,,,2023-2024,False,0.5401474151037249,407.0,season_batting_stats.war,batter,,301,306,5
691016,-1.04,-10.42,-0.0372,0.252,0.289,350,,,2023-2024,False,-0.15905982790849146,351.0,season_batting_stats.war,batter,,301,375,74
641857,-1.04,-10.42,-0.0104,0.319,0.33,1253,,,2023-2024,False,2.6256132019015976,1272.0,season_batting_stats.war,batter,,301,95,-206
571912,-1.05,-10.49,-0.0375,0.252,0.289,350,,,2023-2024,False,0.3164872310992341,353.0,season_batting_stats.war,batter,,304,327,23
553869,-1.06,-10.56,-0.0153,0.306,0.321,861,,,2023-2024,False,1.3897266610608285,878.0,season_batting_stats.war,batter,,305,217,-88
642086,-1.07,-10.74,-0.0151,0.3,0.315,887,,,2023-2024,False,0.5909070453303058,893.0,season_batting_stats.war,batter,,306,296,-10
543257,-1.07,-10.66,-0.0196,0.295,0.314,679,,,2023-2024,False,-0.024452553939645308,685.0,season_batting_stats.war,batter,,306,358,52
500743,-1.09,-10.87,-0.0178,0.29,0.308,764,,,2023-2024,False,2.2512740964594955,777.0,season_batting_stats.war,batter,,308,123,-185
656775,-1.09,-10.94,-0.0142,0.302,0.317,961,,,2023-2024,False,2.561582665526732,973.0,season_batting_stats.war,batter,,308,104,-204
686894,-1.09,-10.87,-0.031,0.26,0.291,438,,,2023-2024,False,0.8303196125378892,438.0,season_batting_stats.war,batter,,308,268,-40
642731,-1.1,-10.99,-0.0152,0.291,0.306,903,,,2023-2024,False,1.201152596790364,911.0,season_batting_stats.war,batter,,311,231,-80
516782,-1.1,-10.95,-0.0183,0.286,0.305,749,,,2023-2024,False,0.02902087234641491,766.0,season_batting_stats.war,batter,,311,354,43
696285,-1.1,-11.04,-0.022,0.283,0.306,626,,,2023-2024,False,2.2942056489696383,642.0,season_batting_stats.war,batter,,311,121,-190
608671,-1.11,-11.05,-0.0277,0.276,0.303,499,,,2023-2024,False,1.0789286025932856,504.0,season_batting_stats.war,batter,,314,244,-70
663647,-1.11,-11.15,-0.0153,0.293,0.308,910,,,2023-2024,False,2.595798103351158,921.0,season_batting_stats.war,batter,,314,100,-214
595281,-1.12,-11.16,-0.0206,0.285,0.306,677,,,2023-2024,False,2.638464820350773,697.0,season_batting_stats.war,batter,,316,93,-223
663611,-1.13,-11.33,-0.0373,0.252,0.289,380,,,2023-2024,False,0.8732989384341485,388.0,season_batting_stats.war,batter,,317,263,-54
624512,-1.16,-11.63,-0.0406,0.25,0.291,358,,,2023-2024,False,-0.10164835222147323,364.0,season_batting_stats.war,batter,,318,369,51
518735,-1.17,-11.66,-0.0229,0.288,0.311,636,,,2023-2024,False,-0.11749997735023499,648.0,season_batting_stats.war,batter,,319,371,52
686217,-1.17,-11.7,-0.0192,0.29,0.309,762,,,2023-2024,False,1.872398992560833,767.0,season_batting_stats.war,batter,,319,163,-156
500871,-1.18,-11.83,-0.0498,0.231,0.28,297,,,2023-2024,False,-1.0399999618530273,309.0,season_batting_stats.war,batter,,321,420,99
665804,-1.18,-11.81,-0.0289,0.272,0.301,511,,,2023-2024,False,1.4630636211075534,519.0,season_batting_stats.war,batter,,321,207,-114
666310,-1.19,-11.88,-0.0234,0.282,0.306,635,,,2023-2024,False,0.9462870827145212,641.0,season_batting_stats.war,batter,,323,255,-68
663527,-1.2,-12.04,-0.039,0.245,0.284,386,,,2023-2024,False,-0.3056041068160442,389.0,season_batting_stats.war,batter,,324,393,69
518934,-1.21,-12.08,-0.0193,0.282,0.301,782,,,2023-2024,False,0.48612655386140075,790.0,season_batting_stats.war,batter,,325,312,-13
682622,-1.21,-12.13,-0.0415,0.245,0.286,365,,,2023-2024,False,-0.9073150486162264,365.0,season_batting_stats.war,batter,,325,417,92
668800,-1.22,-12.24,-0.0462,0.232,0.278,331,,,2023-2024,False,0.4876646779611439,334.0,season_batting_stats.war,batter,,327,311,-16
678882,-1.24,-12.37,-0.0235,0.284,0.307,657,,,2023-2024,False,2.622770134569394,657.0,season_batting_stats.war,batter,,328,96,-232
608348,-1.26,-12.6,-0.0341,0.257,0.292,462,,,2023-2024,False,0.37331896024788247,464.0,season_batting_stats.war,batter,,329,320,-9
641645,-1.27,-12.69,-0.0527,0.224,0.277,301,,,2023-2024,False,0.10491856791879921,307.0,season_batting_stats.war,batter,,330,351,21
680474,-1.27,-12.66,-0.0349,0.255,0.289,454,,,2023-2024,False,0.8100000023841858,459.0,season_batting_stats.war,batter,,330,269,-61
670097,-1.28,-12.81,-0.0481,0.231,0.28,333,,,2023-2024,False,0.33032257230051104,341.0,season_batting_stats.war,batter,,332,324,-8
680779,-1.28,-12.76,-0.0427,0.234,0.276,374,,,2023-2024,False,-1.2052254752708051,377.0,season_batting_stats.war,batter,,332,424,92
624431,-1.28,-12.77,-0.0397,0.243,0.282,402,,,2023-2024,False,0.5663390730757092,407.0,season_batting_stats.war,batter,,332,303,-29
543510,-1.29,-12.91,-0.0355,0.262,0.298,455,,,2023-2024,False,0.6013665888418086,461.0,season_batting_stats.war,batter,,335,294,-41
643396,-1.3,-13.03,-0.0191,0.284,0.303,851,,,2023-2024,False,2.0319719736311095,857.0,season_batting_stats.war,batter,,336,143,-193
641343,-1.32,-13.25,-0.0266,0.275,0.302,623,,,2023-2024,False,-0.5902564051823739,624.0,season_batting_stats.war,batter,,337,411,74
657077,-1.33,-13.33,-0.0132,0.3,0.313,1264,,,2023-2024,False,1.7407584209941718,1279.0,season_batting_stats.war,batter,,338,172,-166
669004,-1.33,-13.3,-0.0156,0.294,0.31,1065,,,2023-2024,False,-0.5404659991273231,1073.0,season_batting_stats.war,batter,,338,407,69
570482,-1.34,-13.38,-0.0243,0.276,0.3,687,,,2023-2024,False,0.6495251760208349,695.0,season_batting_stats.war,batter,,340,290,-50
668731,-1.35,-13.5,-0.0391,0.251,0.29,432,,,2023-2024,False,0.4777220841963905,439.0,season_batting_stats.war,batter,,341,313,-28
542194,-1.37,-13.75,-0.0364,0.249,0.285,472,,,2023-2024,False,0.5717954168364499,479.0,season_batting_stats.war,batter,,342,301,-41
592273,-1.39,-13.87,-0.0198,0.286,0.305,875,,,2023-2024,False,0.32696493268688026,883.0,season_batting_stats.war,batter,,343,325,-18
656896,-1.41,-14.13,-0.0293,0.27,0.299,603,,,2023-2024,False,-0.050960269368050114,604.0,season_batting_stats.war,batter,,344,362,18
676609,-1.42,-14.16,-0.0234,0.275,0.298,756,,,2023-2024,False,1.9255963498299276,763.0,season_batting_stats.war,batter,,345,152,-193
669477,-1.46,-14.6,-0.0471,0.231,0.278,387,,,2023-2024,False,-0.25035898012992663,390.0,season_batting_stats.war,batter,,346,385,39
663368,-1.46,-14.56,-0.03,0.273,0.303,607,,,2023-2024,False,1.69518030236979,610.0,season_batting_stats.war,batter,,346,177,-169
606992,-1.48,-14.78,-0.052,0.221,0.273,355,,,2023-2024,False,-0.5860220882115443,362.0,season_batting_stats.war,batter,,348,410,62
607680,-1.48,-14.75,-0.0351,0.258,0.293,526,,,2023-2024,False,0.18045541614407154,527.0,season_batting_stats.war,batter,,348,340,-8
596117,-1.49,-14.89,-0.0598,0.209,0.268,311,,,2023-2024,False,0.2258974289855896,312.0,season_batting_stats.war,batter,,350,337,-13
677950,-1.49,-14.94,-0.0337,0.263,0.297,554,,,2023-2024,False,0.8345921753595272,564.0,season_batting_stats.war,batter,,350,266,-84
686823,-1.49,-14.89,-0.0229,0.283,0.306,813,,,2023-2024,False,0.12189024323370398,820.0,season_batting_stats.war,batter,,350,346,-4
650559,-1.49,-14.94,-0.015,0.293,0.308,1247,,,2023-2024,False,-0.9030278896905511,1255.0,season_batting_stats.war,batter,,350,416,66
642133,-1.5,-15.01,-0.0246,0.281,0.305,762,,,2023-2024,False,-0.46641191666453613,772.0,season_batting_stats.war,batter,,354,404,50
622534,-1.52,-15.22,-0.0281,0.268,0.296,678,,,2023-2024,False,-0.13500002026557922,686.0,season_batting_stats.war,batter,,355,374,19
691718,-1.54,-15.37,-0.0461,0.243,0.289,417,,,2023-2024,False,2.211934668252935,429.0,season_batting_stats.war,batter,,356,128,-228
666163,-1.54,-15.45,-0.0477,0.232,0.279,405,,,2023-2024,False,0.6784275063205996,407.0,season_batting_stats.war,batter,,356,288,-68
669289,-1.54,-15.39,-0.0301,0.266,0.297,639,,,2023-2024,False,-0.12324573650057939,647.0,season_batting_stats.war,batter,,356,372,16
693049,-1.54,-15.42,-0.0665,0.197,0.263,290,,,2023-2024,False,-1.2693688040011348,301.0,season_batting_stats.war,batter,,356,426,70
664913,-1.56,-15.56,-0.0253,0.274,0.299,770,,,2023-2024,False,-0.13272492568413213,778.0,season_batting_stats.war,batter,,360,373,13
516416,-1.59,-15.87,-0.0638,0.195,0.258,311,,,2023-2024,False,-2.0899999141693115,326.0,season_batting_stats.war,batter,,361,429,68
671289,-1.59,-15.89,-0.0364,0.255,0.291,545,,,2023-2024,False,0.5141197810804778,551.0,season_batting_stats.war,batter,,361,309,-52
696100,-1.6,-16.0,-0.0665,0.208,0.275,301,,,2023-2024,False,-0.7979069587796234,301.0,season_batting_stats.war,batter,,363,413,50
643393,-1.6,-15.99,-0.0481,0.227,0.275,416,,,2023-2024,False,-1.1852914126880796,429.0,season_batting_stats.war,batter,,363,423,60
672279,-1.63,-16.35,-0.0625,0.199,0.262,327,,,2023-2024,False,0.8005882282467449,340.0,season_batting_stats.war,batter,,365,272,-93
678225,-1.67,-16.67,-0.047,0.23,0.277,443,,,2023-2024,False,-0.43745574157322403,452.0,season_batting_stats.war,batter,,366,403,37
666150,-1.68,-16.82,-0.0624,0.204,0.267,337,,,2023-2024,False,-0.0458600531514115,343.0,season_batting_stats.war,batter,,367,361,-6
664702,-1.69,-16.93,-0.042,0.238,0.28,504,,,2023-2024,False,0.9219540301068075,522.0,season_batting_stats.war,batter,,368,256,-112
670032,-1.7,-16.99,-0.0306,0.267,0.297,695,,,2023-2024,False,0.7236916394601279,707.0,season_batting_stats.war,batter,,369,278,-91
678662,-1.72,-17.2,-0.0167,0.305,0.322,1289,,,2023-2024,False,3.06358775473733,1310.0,season_batting_stats.war,batter,,370,73,-297
668670,-1.73,-17.33,-0.0301,0.264,0.295,720,,,2023-2024,False,0.8747730398604434,727.0,season_batting_stats.war,batter,,371,262,-109
683146,-1.74,-17.38,-0.039,0.246,0.285,557,,,2023-2024,False,-0.3885357081890106,560.0,season_batting_stats.war,batter,,372,402,30
679032,-1.75,-17.47,-0.0389,0.248,0.287,561,,,2023-2024,False,1.2208650059559767,578.0,season_batting_stats.war,batter,,373,227,-146
677587,-1.75,-17.51,-0.039,0.257,0.296,562,,,2023-2024,False,1.6502998720729687,567.0,season_batting_stats.war,batter,,373,184,-189
543063,-1.75,-17.52,-0.0557,0.212,0.268,393,,,2023-2024,False,-1.0419999986886979,400.0,season_batting_stats.war,batter,,373,421,48
605131,-1.76,-17.64,-0.0623,0.201,0.263,354,,,2023-2024,False,-0.3015125939826004,357.0,season_batting_stats.war,batter,,376,392,16
624503,-1.76,-17.62,-0.0607,0.204,0.265,363,,,2023-2024,False,-1.2289401746314506,368.0,season_batting_stats.war,batter,,376,425,49
662139,-1.77,-17.66,-0.0203,0.286,0.306,1085,,,2023-2024,False,4.165875831007087,1096.0,season_batting_stats.war,batter,,378,31,-347
667452,-1.78,-17.8,-0.0439,0.239,0.283,507,,,2023-2024,False,-0.22525389946531504,512.0,season_batting_stats.war,batter,,379,382,3
660707,-1.8,-17.96,-0.0413,0.255,0.296,543,,,2023-2024,False,-0.8533574053042632,554.0,season_batting_stats.war,batter,,380,414,34
660644,-1.81,-18.05,-0.0636,0.205,0.268,355,,,2023-2024,False,0.4018784583602821,362.0,season_batting_stats.war,batter,,381,318,-63
643217,-1.83,-18.32,-0.0204,0.287,0.307,1124,,,2023-2024,False,-0.18259841062891202,1143.0,season_batting_stats.war,batter,,382,376,-6
649557,-1.83,-18.32,-0.0621,0.198,0.26,369,,,2023-2024,False,-0.9904232520275015,378.0,season_batting_stats.war,batter,,382,419,37
547989,-1.83,-18.34,-0.0306,0.264,0.295,750,,,2023-2024,False,-0.34354331760894596,762.0,season_batting_stats.war,batter,,382,398,16
672356,-1.83,-18.31,-0.0452,0.238,0.283,506,,,2023-2024,False,-0.25727272778749466,506.0,season_batting_stats.war,batter,,382,387,5
642350,-1.87,-18.69,-0.029,0.264,0.293,806,,,2023-2024,False,1.7499386622130506,815.0,season_batting_stats.war,batter,,386,170,-216
669911,-1.92,-19.25,-0.0396,0.271,0.31,608,,,2023-2024,False,1.207901563019049,610.0,season_batting_stats.war,batter,,387,230,-157
595909,-1.93,-19.28,-0.0444,0.25,0.294,543,,,2023-2024,False,-0.5634057971014492,552.0,season_batting_stats.war,batter,,388,409,21
664728,-1.93,-19.35,-0.0326,0.262,0.294,742,,,2023-2024,False,1.9982804249203394,756.0,season_batting_stats.war,batter,,388,147,-241
622761,-1.93,-19.29,-0.0438,0.245,0.289,551,,,2023-2024,False,0.796305521660969,563.0,season_batting_stats.war,batter,,388,273,-115
656716,-1.94,-19.43,-0.0288,0.27,0.299,844,,,2023-2024,False,1.1104695021826336,852.0,season_batting_stats.war,batter,,391,242,-149
571745,-1.96,-19.59,-0.0376,0.246,0.284,651,,,2023-2024,False,-0.23351227076141381,652.0,season_batting_stats.war,batter,,392,383,-9
545121,-1.97,-19.73,-0.0426,0.249,0.292,579,,,2023-2024,False,0.12181662420263112,589.0,season_batting_stats.war,batter,,393,347,-46
668942,-1.98,-19.78,-0.0304,0.267,0.297,814,,,2023-2024,False,1.444745711350845,826.0,season_batting_stats.war,batter,,394,211,-183
607054,-1.99,-19.89,-0.0552,0.216,0.272,450,,,2023-2024,False,-0.5351091435903025,458.0,season_batting_stats.war,batter,,395,406,11
676694,-1.99,-19.91,-0.0295,0.268,0.298,844,,,2023-2024,False,1.498130842904064,856.0,season_batting_stats.war,batter,,395,198,-197
689172,-2.01,-20.07,-0.0632,0.199,0.262,397,,,2023-2024,False,0.23146401216315277,403.0,season_batting_stats.war,batter,,397,335,-62
683011,-2.03,-20.3,-0.019,0.283,0.302,1338,,,2023-2024,False,3.383076358141945,1349.0,season_batting_stats.war,batter,,398,59,-339
666185,-2.04,-20.4,-0.049,0.233,0.282,520,,,2023-2024,False,-0.37557690705244356,520.0,season_batting_stats.war,batter,,399,401,2
572191,-2.05,-20.49,-0.0372,0.25,0.287,689,,,2023-2024,False,1.4440170974812956,702.0,season_batting_stats.war,batter,,400,212,-188
665750,-2.05,-20.53,-0.0226,0.287,0.309,1135,,,2023-2024,False,1.9234000396728517,1150.0,season_batting_stats.war,batter,,400,154,-246
621563,-2.06,-20.58,-0.0737,0.181,0.255,349,,,2023-2024,False,-0.34394366596366316,355.0,season_batting_stats.war,batter,,402,399,-3
678246,-2.07,-20.66,-0.0486,0.228,0.277,531,,,2023-2024,False,-0.2886506525073166,541.0,season_batting_stats.war,batter,,403,388,-15
606115,-2.08,-20.8,-0.0228,0.28,0.302,1142,,,2023-2024,False,1.0883116918208795,1155.0,season_batting_stats.war,batter,,404,243,-161
571771,-2.19,-21.86,-0.0285,0.269,0.298,959,,,2023-2024,False,0.5409316866201643,966.0,season_batting_stats.war,batter,,405,305,-100
665926,-2.19,-21.94,-0.0216,0.283,0.305,1268,,,2023-2024,False,4.482226528059706,1289.0,season_batting_stats.war,batter,,405,24,-381
672820,-2.26,-22.63,-0.053,0.223,0.276,534,,,2023-2024,False,-0.5597970467541931,542.0,season_batting_stats.war,batter,,407,408,1
665828,-2.27,-22.67,-0.0434,0.243,0.286,653,,,2023-2024,False,-0.05962411263831576,665.0,season_batting_stats.war,batter,,408,364,-44
624428,-2.28,-22.81,-0.0383,0.253,0.291,744,,,2023-2024,False,1.1978071572522349,757.0,season_batting_stats.war,batter,,409,233,-176
657557,-2.32,-23.2,-0.0329,0.259,0.292,882,,,2023-2024,False,0.2696144951173778,882.0,season_batting_stats.war,batter,,410,330,-80
592696,-2.48,-24.81,-0.037,0.257,0.294,838,,,2023-2024,False,0.131615229711963,842.0,season_batting_stats.war,batter,,411,345,-66
686668,-2.48,-24.83,-0.0303,0.277,0.307,1023,,,2023-2024,False,2.601179811836903,1034.0,season_batting_stats.war,batter,,411,98,-313
670764,-2.52,-25.2,-0.0521,0.224,0.276,605,,,2023-2024,False,1.7416639198384922,607.0,season_batting_stats.war,batter,,413,171,-242
664056,-2.53,-25.25,-0.0402,0.244,0.285,785,,,2023-2024,False,0.7293670977218242,790.0,season_batting_stats.war,batter,,414,277,-137
669397,-2.54,-25.38,-0.075,0.171,0.246,423,,,2023-2024,False,0.16935484423752753,434.0,season_batting_stats.war,batter,,415,341,-74
605113,-2.56,-25.56,-0.0748,0.179,0.254,427,,,2023-2024,False,-0.31726027188235767,438.0,season_batting_stats.war,batter,,416,396,-20
672275,-2.66,-26.64,-0.0418,0.248,0.29,796,,,2023-2024,False,1.3377777768878008,801.0,season_batting_stats.war,batter,,417,221,-196
657757,-2.72,-27.18,-0.0407,0.249,0.289,835,,,2023-2024,False,-1.1831952856842582,845.0,season_batting_stats.war,batter,,418,422,4
641680,-2.75,-27.51,-0.0327,0.267,0.3,1051,,,2023-2024,False,2.2909124721812395,1063.0,season_batting_stats.war,batter,,419,122,-297
686676,-2.87,-28.68,-0.0776,0.173,0.251,462,,,2023-2024,False,-0.07956896373873641,464.0,season_batting_stats.war,batter,,420,366,-54
668930,-2.88,-28.77,-0.0337,0.26,0.293,1066,,,2023-2024,False,3.401835922605437,1084.0,season_batting_stats.war,batter,,421,56,-365
543877,-2.94,-29.42,-0.056,0.212,0.268,657,,,2023-2024,False,-0.2994776139063622,670.0,season_batting_stats.war,batter,,422,390,-32
663743,-3.05,-30.48,-0.0591,0.204,0.263,645,,,2023-2024,False,-0.031136360132333004,660.0,season_batting_stats.war,batter,,423,360,-63
672580,-3.07,-30.68,-0.0332,0.259,0.292,1156,,,2023-2024,False,1.250721609776782,1164.0,season_batting_stats.war,batter,,424,224,-200
660688,-3.17,-31.65,-0.0381,0.259,0.297,1039,,,2023-2024,False,1.0008882499925273,1047.0,season_batting_stats.war,batter,,425,254,-171
595978,-3.36,-33.63,-0.1181,0.091,0.209,356,,,2023-2024,False,-0.889812352190708,373.0,season_batting_stats.war,batter,,426,415,-11
455117,-3.68,-36.81,-0.0814,0.162,0.243,565,,,2023-2024,False,-0.08749999850988388,588.0,season_batting_stats.war,batter,,427,367,-60
595879,-3.99,-39.93,-0.0605,0.202,0.263,825,,,2023-2024,False,0.11244022026301571,836.0,season_batting_stats.war,batter,,428,350,-78
641313,-4.72,-47.24,-0.0784,0.168,0.246,753,,,2023-2024,False,-1.6345359451630537,765.0,season_batting_stats.war,batter,,429,428,-1
554430,5.53,55.29,0.0407,0.312,0.272,1700,,,2023-2024,False,5.301937580108643,,season_pitching_stats.war,pitcher,426.20001220703125,1,5,4
669373,5.39,53.92,0.0597,0.313,0.253,1129,,,2023-2024,False,5.366733074188232,,season_pitching_stats.war,pitcher,291.1000061035156,2,3,1
669203,4.93,49.27,0.0387,0.318,0.279,1590,,,2023-2024,False,3.6970248222351074,,season_pitching_stats.war,pitcher,399.29998779296875,3,23,20
605483,4.5,44.97,0.0497,0.313,0.264,1131,,,2023-2024,False,4.943379878997803,,season_pitching_stats.war,pitcher,284.0,4,6,2
680694,4.17,41.73,0.0612,0.338,0.277,853,,,2023-2024,False,4.10086727142334,,season_pitching_stats.war,pitcher,212.20001220703125,5,10,5
519242,4.11,41.06,0.0459,0.33,0.284,1119,,,2023-2024,False,4.53471040725708,,season_pitching_stats.war,pitcher,279.3999938964844,6,8,2
682243,4.1,41.02,0.0415,0.328,0.286,1236,,,2023-2024,False,2.4652442932128906,,season_pitching_stats.war,pitcher,311.20001220703125,7,62,55
663947,4.02,40.15,0.072,0.309,0.237,697,,,2023-2024,False,3.017476797103882,,season_pitching_stats.war,pitcher,185.10000610351562,8,36,28
669302,3.83,38.28,0.0306,0.312,0.282,1566,,,2023-2024,False,2.868840456008911,,season_pitching_stats.war,pitcher,398.3999938964844,9,45,36
666142,3.79,37.93,0.0401,0.32,0.28,1183,,,2023-2024,False,3.9076616764068604,,season_pitching_stats.war,pitcher,292.1000061035156,10,12,2
543037,3.47,34.71,0.0333,0.311,0.278,1303,,,2023-2024,False,5.327057361602783,,season_pitching_stats.war,pitcher,333.0,11,4,-7
694973,3.42,34.2,0.0833,0.339,0.256,513,,,2023-2024,False,5.78000020980835,,season_pitching_stats.war,pitcher,133.0,12,1,-11
489446,3.32,33.19,0.085,0.325,0.24,488,,,2023-2024,False,2.085846185684204,,season_pitching_stats.war,pitcher,122.30000305175781,13,88,75
657006,3.31,33.14,0.0329,0.328,0.295,1260,,,2023-2024,False,2.614116668701172,,season_pitching_stats.war,pitcher,307.29998779296875,14,55,41
543135,3.27,32.7,0.0293,0.327,0.297,1393,,,2023-2024,False,2.338841199874878,,season_pitching_stats.war,pitcher,350.3999938964844,15,69,54
656945,3.22,32.18,0.0669,0.313,0.247,601,,,2023-2024,False,3.787337064743042,,season_pitching_stats.war,pitcher,155.10000610351562,16,18,2
661403,3.06,30.59,0.0643,0.31,0.246,595,,,2023-2024,False,2.645301342010498,,season_pitching_stats.war,pitcher,154.29998779296875,17,52,35
640455,3.02,30.22,0.0286,0.328,0.3,1319,,,2023-2024,False,1.9119471311569214,,season_pitching_stats.war,pitcher,317.3999938964844,18,100,82
693433,3.01,30.14,0.045,0.326,0.281,838,,,2023-2024,False,1.6055402755737305,,season_pitching_stats.war,pitcher,208.29998779296875,19,126,107
684007,3.0,30.01,0.0541,0.347,0.293,694,,,2023-2024,False,3.009999990463257,,season_pitching_stats.war,pitcher,173.10000610351562,20,37,17
657277,2.91,29.07,0.022,0.318,0.296,1655,,,2023-2024,False,4.725554466247559,,season_pitching_stats.war,pitcher,420.20001220703125,21,7,-14
669854,2.86,28.56,0.0393,0.343,0.304,908,,,2023-2024,False,3.6281185150146484,,season_pitching_stats.war,pitcher,221.10000610351562,22,24,2
621381,2.82,28.19,0.0576,0.315,0.258,612,,,2023-2024,False,2.363358736038208,,season_pitching_stats.war,pitcher,157.1999969482422,23,67,44
656557,2.73,27.33,0.0285,0.334,0.305,1199,,,2023-2024,False,2.4688034057617188,,season_pitching_stats.war,pitcher,284.20001220703125,24,61,37
607625,2.72,27.16,0.023,0.325,0.302,1474,,,2023-2024,False,3.837630271911621,,season_pitching_stats.war,pitcher,362.1000061035156,25,16,-9
664285,2.68,26.83,0.0215,0.322,0.301,1559,,,2023-2024,False,3.865776538848877,,season_pitching_stats.war,pitcher,390.20001220703125,26,15,-11
668881,2.67,26.66,0.0307,0.336,0.306,1085,,,2023-2024,False,3.8763184547424316,,season_pitching_stats.war,pitcher,262.1000061035156,27,14,-13
681857,2.63,26.31,0.0357,0.33,0.295,922,,,2023-2024,False,1.398591160774231,,season_pitching_stats.war,pitcher,224.29998779296875,28,149,121
628452,2.63,26.34,0.0675,0.314,0.247,488,,,2023-2024,False,2.0385994911193848,,season_pitching_stats.war,pitcher,127.0999984741211,28,92,64
607200,2.58,25.75,0.0444,0.342,0.297,725,,,2023-2024,False,5.559999942779541,,season_pitching_stats.war,pitcher,177.10000610351562,30,2,-28
671922,2.56,25.65,0.0989,0.335,0.236,324,,,2023-2024,False,2.390000104904175,,season_pitching_stats.war,pitcher,85.0999984741211,31,66,35
608331,2.47,24.74,0.0296,0.322,0.292,1046,,,2023-2024,False,3.1738827228546143,,season_pitching_stats.war,pitcher,257.29998779296875,32,30,-2
543243,2.44,24.42,0.0209,0.317,0.296,1461,,,2023-2024,False,3.7459425926208496,,season_pitching_stats.war,pitcher,359.1000061035156,33,21,-12
607192,2.41,24.08,0.0293,0.308,0.279,1029,,,2023-2024,False,2.1162161827087402,,season_pitching_stats.war,pitcher,259.0,34,85,51
695243,2.4,23.97,0.0778,0.32,0.242,385,,,2023-2024,False,1.8692864179611206,,season_pitching_stats.war,pitcher,98.0999984741211,35,106,71
669923,2.29,22.86,0.0187,0.314,0.296,1528,,,2023-2024,False,2.9182369709014893,,season_pitching_stats.war,pitcher,381.20001220703125,36,43,7
676440,2.29,22.88,0.021,0.329,0.308,1360,,,2023-2024,False,3.1675143241882324,,season_pitching_stats.war,pitcher,331.1000061035156,36,31,-5
676979,2.26,22.62,0.0431,0.341,0.298,656,,,2023-2024,False,3.75386905670166,,season_pitching_stats.war,pitcher,158.1999969482422,38,20,-18
676710,2.23,22.27,0.0217,0.331,0.309,1285,,,2023-2024,False,1.9475183486938477,,season_pitching_stats.war,pitcher,312.29998779296875,39,98,59
625643,2.22,22.18,0.0342,0.312,0.277,810,,,2023-2024,False,4.089503288269043,,season_pitching_stats.war,pitcher,201.1999969482422,40,11,-29
661563,2.22,22.2,0.0412,0.338,0.297,673,,,2023-2024,False,2.880000114440918,,season_pitching_stats.war,pitcher,159.1999969482422,40,44,4
579328,2.17,21.68,0.0189,0.337,0.318,1436,,,2023-2024,False,1.7029626369476318,,season_pitching_stats.war,pitcher,344.29998779296875,42,121,79
518876,2.1,20.97,0.024,0.325,0.301,1092,,,2023-2024,False,3.1790523529052734,,season_pitching_stats.war,pitcher,274.3999938964844,43,29,-14
673540,2.06,20.62,0.0349,0.335,0.3,739,,,2023-2024,False,4.218932628631592,,season_pitching_stats.war,pitcher,176.20001220703125,44,9,-35
641927,2.06,20.57,0.0197,0.316,0.296,1308,,,2023-2024,False,2.996323585510254,,season_pitching_stats.war,pitcher,326.3999938964844,44,38,-6
592791,2.06,20.6,0.0194,0.337,0.317,1325,,,2023-2024,False,0.9616948962211609,,season_pitching_stats.war,pitcher,319.20001220703125,44,225,181
601713,2.04,20.36,0.0216,0.33,0.308,1178,,,2023-2024,False,1.8794243335723877,,season_pitching_stats.war,pitcher,281.3999938964844,47,105,58
643377,2.01,20.1,0.0453,0.311,0.266,555,,,2023-2024,False,1.8049999475479126,,season_pitching_stats.war,pitcher,140.0,48,109,61
623352,2.0,20.01,0.0485,0.309,0.26,516,,,2023-2024,False,1.512894630432129,,season_pitching_stats.war,pitcher,129.1999969482422,49,135,86
621244,2.0,20.03,0.016,0.329,0.313,1567,,,2023-2024,False,2.475004196166992,,season_pitching_stats.war,pitcher,384.29998779296875,49,60,11
683769,1.98,19.77,0.0519,0.328,0.276,476,,,2023-2024,False,1.7672579288482666,,season_pitching_stats.war,pitcher,124.0,51,114,63
592094,1.97,19.73,0.0479,0.308,0.26,515,,,2023-2024,False,1.8299171924591064,,season_pitching_stats.war,pitcher,133.10000610351562,52,108,56
656546,1.88,18.84,0.0467,0.313,0.266,504,,,2023-2024,False,2.0676960945129395,,season_pitching_stats.war,pitcher,126.29999542236328,53,89,36
664854,1.87,18.65,0.0583,0.304,0.246,400,,,2023-2024,False,2.3181328773498535,,season_pitching_stats.war,pitcher,102.30000305175781,54,71,17
656464,1.86,18.59,0.0401,0.319,0.279,580,,,2023-2024,False,1.0757142305374146,,season_pitching_stats.war,pitcher,147.0,55,195,140
680885,1.86,18.57,0.0468,0.342,0.295,496,,,2023-2024,False,2.680000066757202,,season_pitching_stats.war,pitcher,123.19999694824219,55,51,-4
621107,1.84,18.42,0.0162,0.317,0.3,1422,,,2023-2024,False,3.189356565475464,,season_pitching_stats.war,pitcher,351.29998779296875,57,28,-29
808967,1.84,18.41,0.0523,0.339,0.286,440,,,2023-2024,False,1.899999976158142,,season_pitching_stats.war,pitcher,108.19999694824219,57,101,44
676254,1.83,18.3,0.0403,0.327,0.287,567,,,2023-2024,False,1.9845712184906006,,season_pitching_stats.war,pitcher,141.10000610351562,59,93,34
607259,1.81,18.11,0.0228,0.319,0.296,991,,,2023-2024,False,2.9628190994262695,,season_pitching_stats.war,pitcher,252.20001220703125,60,40,-20
676684,1.81,18.07,0.0447,0.317,0.272,505,,,2023-2024,False,1.3276329040527344,,season_pitching_stats.war,pitcher,124.19999694824219,60,161,101
670102,1.81,18.15,0.0418,0.313,0.271,543,,,2023-2024,False,1.451184630393982,,season_pitching_stats.war,pitcher,139.29998779296875,60,145,85
641729,1.81,18.06,0.0433,0.317,0.274,521,,,2023-2024,False,1.354069709777832,,season_pitching_stats.war,pitcher,126.29999542236328,60,159,99
663542,1.78,17.84,0.0811,0.327,0.246,275,,,2023-2024,False,2.13022780418396,,season_pitching_stats.war,pitcher,70.29999542236328,64,84,20
668678,1.75,17.49,0.014,0.318,0.304,1559,,,2023-2024,False,3.7306337356567383,,season_pitching_stats.war,pitcher,391.20001220703125,65,22,-43
606303,1.73,17.31,0.041,0.317,0.276,527,,,2023-2024,False,1.3706347942352295,,season_pitching_stats.war,pitcher,132.3000030517578,66,155,89
669358,1.7,17.01,0.0666,0.34,0.273,319,,,2023-2024,False,2.1700000762939453,,season_pitching_stats.war,pitcher,79.0999984741211,67,80,13
593958,1.7,17.05,0.0267,0.334,0.307,797,,,2023-2024,False,2.4456875324249268,,season_pitching_stats.war,pitcher,202.1999969482422,67,63,-4
687330,1.69,16.86,0.0385,0.322,0.283,548,,,2023-2024,False,1.2160786390304565,,season_pitching_stats.war,pitcher,137.1999969482422,69,173,104
676130,1.68,16.81,0.0417,0.322,0.281,504,,,2023-2024,False,1.7317073345184326,,season_pitching_stats.war,pitcher,123.0,70,117,47
641154,1.66,16.56,0.0129,0.321,0.308,1599,,,2023-2024,False,3.0568392276763916,,season_pitching_stats.war,pitcher,391.29998779296875,71,34,-37
642232,1.64,16.41,0.0268,0.33,0.303,766,,,2023-2024,False,1.0396039485931396,,season_pitching_stats.war,pitcher,184.29998779296875,72,203,131
657746,1.6,15.97,0.0164,0.324,0.307,1215,,,2023-2024,False,1.9719717502593994,,season_pitching_stats.war,pitcher,298.20001220703125,73,95,22
682120,1.59,15.89,0.0489,0.328,0.279,406,,,2023-2024,False,1.2127668857574463,,season_pitching_stats.war,pitcher,101.19999694824219,74,174,100
650911,1.58,15.84,0.0168,0.327,0.31,1177,,,2023-2024,False,3.194913148880005,,season_pitching_stats.war,pitcher,287.3999938964844,75,27,-48
624133,1.57,15.69,0.0157,0.334,0.319,1247,,,2023-2024,False,2.640683889389038,,season_pitching_stats.war,pitcher,298.20001220703125,76,53,-23
650633,1.57,15.69,0.0164,0.311,0.294,1196,,,2023-2024,False,3.7819559574127197,,season_pitching_stats.war,pitcher,289.3999938964844,76,19,-57
642585,1.57,15.7,0.0857,0.306,0.22,229,,,2023-2024,False,2.9600000381469727,,season_pitching_stats.war,pitcher,61.0,76,41,-35
666974,1.53,15.35,0.0358,0.326,0.29,536,,,2023-2024,False,1.7868393659591675,,season_pitching_stats.war,pitcher,135.10000610351562,79,110,31
668964,1.52,15.2,0.0326,0.34,0.308,583,,,2023-2024,False,2.640000104904175,,season_pitching_stats.war,pitcher,143.0,80,54,-26
543056,1.48,14.82,0.0577,0.312,0.254,321,,,2023-2024,False,1.0933820009231567,,season_pitching_stats.war,pitcher,82.19999694824219,81,193,112
656302,1.46,14.57,0.0118,0.323,0.312,1545,,,2023-2024,False,3.152392864227295,,season_pitching_stats.war,pitcher,371.1000061035156,82,32,-50
680570,1.46,14.55,0.0178,0.346,0.328,1021,,,2023-2024,False,1.2494736909866333,,season_pitching_stats.war,pitcher,239.39999389648438,82,170,88
665152,1.43,14.26,0.0137,0.34,0.326,1296,,,2023-2024,False,1.1118134260177612,,season_pitching_stats.war,pitcher,303.29998779296875,84,189,105
668338,1.43,14.27,0.0599,0.323,0.263,298,,,2023-2024,False,1.1236447095870972,,season_pitching_stats.war,pitcher,77.0999984741211,84,187,103
674003,1.41,14.1,0.031,0.336,0.305,568,,,2023-2024,False,0.4525986909866333,,season_pitching_stats.war,pitcher,139.3000030517578,86,349,263
641941,1.41,14.1,0.0406,0.318,0.278,434,,,2023-2024,False,1.036865234375,,season_pitching_stats.war,pitcher,109.0999984741211,86,204,118
642207,1.4,14.01,0.0529,0.299,0.246,331,,,2023-2024,False,2.2271533012390137,,season_pitching_stats.war,pitcher,82.19999694824219,88,73,-15
662253,1.4,13.98,0.0405,0.306,0.266,431,,,2023-2024,False,1.3927381038665771,,season_pitching_stats.war,pitcher,108.0999984741211,88,150,62
657097,1.4,13.97,0.0366,0.333,0.296,477,,,2023-2024,False,0.9408459067344666,,season_pitching_stats.war,pitcher,112.30000305175781,88,228,140
687792,1.38,13.8,0.0453,0.349,0.304,381,,,2023-2024,False,0.8399999737739563,,season_pitching_stats.war,pitcher,88.19999694824219,91,252,161
663158,1.37,13.66,0.0462,0.304,0.258,370,,,2023-2024,False,1.4734625816345215,,season_pitching_stats.war,pitcher,95.30000305175781,92,140,48
594580,1.35,13.55,0.0415,0.319,0.278,408,,,2023-2024,False,1.411601185798645,,season_pitching_stats.war,pitcher,99.30000305175781,93,147,54
571946,1.35,13.51,0.0435,0.307,0.264,388,,,2023-2024,False,0.6932258605957031,,season_pitching_stats.war,pitcher,99.19999694824219,93,285,192
681911,1.35,13.46,0.034,0.31,0.276,495,,,2023-2024,False,0.9970130324363708,,season_pitching_stats.war,pitcher,123.19999694824219,93,216,123
656730,1.32,13.15,0.0488,0.321,0.272,337,,,2023-2024,False,0.8754675984382629,,season_pitching_stats.war,pitcher,83.4000015258789,96,241,145
502085,1.32,13.25,0.0294,0.314,0.285,563,,,2023-2024,False,1.5723578929901123,,season_pitching_stats.war,pitcher,139.10000610351562,96,129,33
660813,1.31,13.12,0.0541,0.306,0.252,303,,,2023-2024,False,2.197364568710327,,season_pitching_stats.war,pitcher,79.29999542236328,98,78,-20
674370,1.3,12.97,0.0329,0.336,0.303,492,,,2023-2024,False,0.790317714214325,,season_pitching_stats.war,pitcher,113.30000305175781,99,259,160
573009,1.29,12.87,0.038,0.322,0.284,423,,,2023-2024,False,0.34398481249809265,,season_pitching_stats.war,pitcher,105.4000015258789,100,368,268
680730,1.27,12.67,0.0247,0.348,0.323,642,,,2023-2024,False,0.8600000143051147,,season_pitching_stats.war,pitcher,151.0,101,246,145
543859,1.27,12.67,0.0238,0.326,0.302,664,,,2023-2024,False,0.05648462474346161,,season_pitching_stats.war,pitcher,159.29998779296875,101,425,324
605540,1.27,12.73,0.0631,0.31,0.247,252,,,2023-2024,False,2.3399999141693115,,season_pitching_stats.war,pitcher,67.0,101,68,-33
650556,1.26,12.62,0.0247,0.308,0.284,640,,,2023-2024,False,2.1421470642089844,,season_pitching_stats.war,pitcher,159.29998779296875,104,82,-22
518489,1.26,12.64,0.0415,0.318,0.277,381,,,2023-2024,False,0.8638384342193604,,season_pitching_stats.war,pitcher,99.0,104,245,141
623465,1.24,12.43,0.0316,0.304,0.273,491,,,2023-2024,False,0.542823851108551,,season_pitching_stats.war,pitcher,124.30000305175781,106,328,222
623437,1.22,12.21,0.0549,0.327,0.272,278,,,2023-2024,False,1.5092405080795288,,season_pitching_stats.war,pitcher,71.0999984741211,107,136,29
596001,1.2,11.98,0.0242,0.331,0.307,619,,,2023-2024,False,1.217320203781128,,season_pitching_stats.war,pitcher,153.0,108,172,64
669387,1.2,12.03,0.042,0.322,0.28,358,,,2023-2024,False,0.7583527565002441,,season_pitching_stats.war,pitcher,86.19999694824219,108,267,159
664126,1.19,11.86,0.0411,0.301,0.26,361,,,2023-2024,False,1.1750000715255737,,season_pitching_stats.war,pitcher,90.19999694824219,110,179,69
676962,1.19,11.85,0.067,0.341,0.274,221,,,2023-2024,False,0.8799999952316284,,season_pitching_stats.war,pitcher,55.099998474121094,110,240,130
596112,1.17,11.71,0.0739,0.323,0.249,198,,,2023-2024,False,1.159999966621399,,season_pitching_stats.war,pitcher,52.099998474121094,112,180,68
445276,1.17,11.75,0.0366,0.317,0.281,401,,,2023-2024,False,1.0043902397155762,,season_pitching_stats.war,pitcher,98.4000015258789,112,214,102
668674,1.16,11.57,0.0275,0.329,0.301,525,,,2023-2024,False,0.6728968620300293,,season_pitching_stats.war,pitcher,122.19999694824219,114,293,179
455119,1.15,11.46,0.039,0.313,0.274,367,,,2023-2024,False,1.7839704751968384,,season_pitching_stats.war,pitcher,95.19999694824219,115,111,-4
671096,1.15,11.5,0.0138,0.341,0.328,1039,,,2023-2024,False,3.0527477264404297,,season_pitching_stats.war,pitcher,247.10000610351562,115,35,-80
680573,1.15,11.47,0.0244,0.338,0.314,588,,,2023-2024,False,1.9645851850509644,,season_pitching_stats.war,pitcher,137.39999389648438,115,96,-19
669330,1.15,11.48,0.0262,0.324,0.298,547,,,2023-2024,False,1.4518378973007202,,season_pitching_stats.war,pitcher,137.10000610351562,115,144,29
667755,1.13,11.27,0.022,0.329,0.307,639,,,2023-2024,False,1.533548355102539,,season_pitching_stats.war,pitcher,155.0,119,133,14
621242,1.13,11.26,0.0556,0.33,0.274,253,,,2023-2024,False,0.4699999988079071,,season_pitching_stats.war,pitcher,62.099998474121094,119,347,228
622250,1.12,11.23,0.0441,0.329,0.285,318,,,2023-2024,False,-0.5295137166976929,,season_pitching_stats.war,pitcher,80.19999694824219,121,516,395
663623,1.12,11.24,0.0109,0.342,0.331,1293,,,2023-2024,False,1.5370278358459473,,season_pitching_stats.war,pitcher,308.20001220703125,121,132,11
676428,1.11,11.13,0.0706,0.332,0.261,197,,,2023-2024,False,1.3300001621246338,,season_pitching_stats.war,pitcher,50.099998474121094,123,160,37
547179,1.11,11.07,0.0118,0.324,0.312,1177,,,2023-2024,False,2.0981907844543457,,season_pitching_stats.war,pitcher,287.3999938964844,123,86,-37
595014,1.11,11.07,0.0586,0.33,0.272,236,,,2023-2024,False,1.5499999523162842,,season_pitching_stats.war,pitcher,59.0,123,131,8
669211,1.09,10.89,0.0326,0.332,0.299,418,,,2023-2024,False,0.7132355570793152,,season_pitching_stats.war,pitcher,102.30000305175781,126,276,150
640462,1.09,10.91,0.0257,0.32,0.294,530,,,2023-2024,False,1.0238347053527832,,season_pitching_stats.war,pitcher,128.3000030517578,126,207,81
656427,1.09,10.92,0.0099,0.342,0.332,1384,,,2023-2024,False,2.1946651935577393,,season_pitching_stats.war,pitcher,330.1000061035156,126,79,-47
676395,1.08,10.78,0.0364,0.325,0.288,370,,,2023-2024,False,0.06245614215731621,,season_pitching_stats.war,pitcher,91.19999694824219,129,423,294
571882,1.07,10.7,0.0225,0.332,0.309,594,,,2023-2024,False,1.60103440284729,,season_pitching_stats.war,pitcher,145.0,130,127,-3
686580,1.06,10.58,0.059,0.334,0.275,224,,,2023-2024,False,0.8199999928474426,,season_pitching_stats.war,pitcher,55.099998474121094,131,253,122
544150,1.06,10.61,0.0237,0.346,0.323,560,,,2023-2024,False,2.440000057220459,,season_pitching_stats.war,pitcher,133.1999969482422,131,64,-67
621053,1.06,10.59,0.0649,0.333,0.268,204,,,2023-2024,False,0.6800000667572021,,season_pitching_stats.war,pitcher,51.099998474121094,131,290,159
663738,1.05,10.5,0.0331,0.34,0.307,397,,,2023-2024,False,0.6677101254463196,,season_pitching_stats.war,pitcher,95.19999694824219,134,296,162
663485,1.05,10.49,0.0338,0.328,0.294,388,,,2023-2024,False,1.0296423435211182,,season_pitching_stats.war,pitcher,92.30000305175781,134,206,72
656876,1.04,10.39,0.0445,0.306,0.261,292,,,2023-2024,False,1.0151381492614746,,season_pitching_stats.war,pitcher,72.4000015258789,136,209,73
669093,1.03,10.32,0.0397,0.33,0.29,325,,,2023-2024,False,1.0417131185531616,,season_pitching_stats.war,pitcher,75.29999542236328,137,202,65
547973,1.03,10.31,0.0239,0.317,0.294,540,,,2023-2024,False,0.8425137400627136,,season_pitching_stats.war,pitcher,127.30000305175781,137,251,114
657044,1.03,10.27,0.0298,0.319,0.29,431,,,2023-2024,False,0.7059611678123474,,season_pitching_stats.war,pitcher,108.19999694824219,137,281,144
671345,1.02,10.16,0.0245,0.319,0.295,519,,,2023-2024,False,1.4746397733688354,,season_pitching_stats.war,pitcher,129.10000610351562,140,139,-1
608032,1.01,10.06,0.0255,0.32,0.294,494,,,2023-2024,False,1.358784556388855,,season_pitching_stats.war,pitcher,119.30000305175781,141,158,17
686752,1.0,10.0,0.0179,0.309,0.291,698,,,2023-2024,False,1.9399999380111694,,season_pitching_stats.war,pitcher,172.0,142,99,-43
592332,1.0,9.98,0.0083,0.319,0.31,1511,,,2023-2024,False,2.331270217895508,,season_pitching_stats.war,pitcher,370.0,142,70,-72
608379,0.99,9.91,0.0098,0.315,0.305,1266,,,2023-2024,False,2.957846164703369,,season_pitching_stats.war,pitcher,309.20001220703125,144,42,-102
519326,0.99,9.86,0.0425,0.335,0.293,290,,,2023-2024,False,1.0,,season_pitching_stats.war,pitcher,73.0999984741211,144,215,71
664208,0.99,9.93,0.0213,0.32,0.299,582,,,2023-2024,False,0.9861364960670471,,season_pitching_stats.war,pitcher,142.10000610351562,144,218,74
675911,0.98,9.79,0.0143,0.31,0.296,855,,,2023-2024,False,2.847227096557617,,season_pitching_stats.war,pitcher,208.10000610351562,147,47,-100
679885,0.98,9.82,0.0345,0.339,0.304,356,,,2023-2024,False,1.6231629848480225,,season_pitching_stats.war,pitcher,82.19999694824219,147,124,-23
641656,0.97,9.69,0.0297,0.326,0.296,407,,,2023-2024,False,1.1291348934173584,,season_pitching_stats.war,pitcher,97.0999984741211,149,186,37
656550,0.96,9.62,0.0431,0.334,0.291,279,,,2023-2024,False,1.1299999952316284,,season_pitching_stats.war,pitcher,68.0999984741211,150,185,35
689225,0.95,9.53,0.0268,0.326,0.299,444,,,2023-2024,False,0.6879482865333557,,season_pitching_stats.war,pitcher,108.19999694824219,151,288,137
571948,0.92,9.22,0.0221,0.31,0.288,522,,,2023-2024,False,0.6027147173881531,,season_pitching_stats.war,pitcher,130.39999389648438,152,309,157
621237,0.91,9.12,0.0246,0.313,0.288,464,,,2023-2024,False,0.7434982657432556,,season_pitching_stats.war,pitcher,111.19999694824219,153,269,116
670950,0.88,8.81,0.0187,0.326,0.308,588,,,2023-2024,False,-0.22638021409511566,,season_pitching_stats.war,pitcher,137.29998779296875,154,484,330
689147,0.87,8.69,0.0347,0.329,0.294,313,,,2023-2024,False,1.4766621589660645,,season_pitching_stats.war,pitcher,74.29999542236328,155,138,-17
658648,0.87,8.66,0.0186,0.329,0.31,581,,,2023-2024,False,0.43367573618888855,,season_pitching_stats.war,pitcher,136.29998779296875,155,354,199
621363,0.86,8.63,0.0273,0.313,0.286,395,,,2023-2024,False,1.2893589735031128,,season_pitching_stats.war,pitcher,98.30000305175781,157,166,9
623211,0.86,8.58,0.0232,0.322,0.299,462,,,2023-2024,False,0.7079710364341736,,season_pitching_stats.war,pitcher,110.4000015258789,157,279,122
657649,0.86,8.61,0.0409,0.333,0.292,263,,,2023-2024,False,1.4600000381469727,,season_pitching_stats.war,pitcher,62.20000076293945,157,143,-14
518886,0.85,8.52,0.0199,0.32,0.3,535,,,2023-2024,False,0.6517466902732849,,season_pitching_stats.war,pitcher,127.0999984741211,160,301,141
681676,0.85,8.5,0.0383,0.334,0.296,277,,,2023-2024,False,0.9100000262260437,,season_pitching_stats.war,pitcher,66.19999694824219,160,236,76
605452,0.84,8.44,0.0326,0.34,0.308,324,,,2023-2024,False,0.47999998927116394,,season_pitching_stats.war,pitcher,75.19999694824219,162,346,184
668909,0.83,8.28,0.0151,0.333,0.318,685,,,2023-2024,False,0.9702122807502747,,season_pitching_stats.war,pitcher,160.10000610351562,163,222,59
661395,0.83,8.27,0.0214,0.307,0.286,483,,,2023-2024,False,1.1888530254364014,,season_pitching_stats.war,pitcher,121.19999694824219,163,177,14
673513,0.83,8.31,0.0404,0.327,0.287,257,,,2023-2024,False,0.7900000214576721,,season_pitching_stats.war,pitcher,63.20000076293945,163,260,97
500779,0.81,8.1,0.0093,0.324,0.315,1094,,,2023-2024,False,2.206484317779541,,season_pitching_stats.war,pitcher,259.3999938964844,166,76,-90
664294,0.81,8.07,0.0435,0.325,0.281,232,,,2023-2024,False,0.7300000190734863,,season_pitching_stats.war,pitcher,58.0,166,273,107
600917,0.81,8.08,0.0179,0.309,0.291,564,,,2023-2024,False,0.5553812384605408,,season_pitching_stats.war,pitcher,136.39999389648438,166,325,159
691587,0.8,8.04,0.0271,0.335,0.308,371,,,2023-2024,False,2.7200000286102295,,season_pitching_stats.war,pitcher,91.0999984741211,169,50,-119
694297,0.79,7.88,0.0078,0.347,0.339,1259,,,2023-2024,False,0.08237968385219574,,season_pitching_stats.war,pitcher,299.20001220703125,170,417,247
571656,0.77,7.72,0.0162,0.322,0.305,594,,,2023-2024,False,1.3923287391662598,,season_pitching_stats.war,pitcher,146.0,171,151,-20
642547,0.77,7.74,0.0067,0.31,0.303,1436,,,2023-2024,False,2.199936866760254,,season_pitching_stats.war,pitcher,348.3999938964844,171,77,-94
608718,0.75,7.51,0.0168,0.328,0.311,557,,,2023-2024,False,1.0149815082550049,,season_pitching_stats.war,pitcher,134.29998779296875,173,210,37
608371,0.74,7.37,0.0197,0.328,0.308,469,,,2023-2024,False,1.2424160242080688,,season_pitching_stats.war,pitcher,110.0999984741211,174,171,-3
666129,0.74,7.41,0.0112,0.331,0.32,830,,,2023-2024,False,3.4810240268707275,,season_pitching_stats.war,pitcher,199.1999969482422,174,26,-148
624647,0.73,7.34,0.0397,0.322,0.282,231,,,2023-2024,False,0.15614564716815948,,season_pitching_stats.war,pitcher,56.30000305175781,176,403,227
554340,0.72,7.22,0.0212,0.315,0.294,426,,,2023-2024,False,0.16114044189453125,,season_pitching_stats.war,pitcher,106.0999984741211,177,402,225
663372,0.72,7.16,0.0101,0.343,0.333,887,,,2023-2024,False,1.0590497255325317,,season_pitching_stats.war,pitcher,205.20001220703125,177,198,21
669467,0.72,7.21,0.0114,0.331,0.319,788,,,2023-2024,False,1.0321786403656006,,season_pitching_stats.war,pitcher,189.10000610351562,177,205,28
683003,0.71,7.07,0.0176,0.34,0.322,502,,,2023-2024,False,1.6399999856948853,,season_pitching_stats.war,pitcher,121.19999694824219,180,123,-57
518585,0.7,6.95,0.0156,0.321,0.305,558,,,2023-2024,False,0.3000302314758301,,season_pitching_stats.war,pitcher,132.1999969482422,181,378,197
684320,0.7,7.01,0.0239,0.339,0.316,367,,,2023-2024,False,0.03999999910593033,,season_pitching_stats.war,pitcher,86.19999694824219,181,427,246
607455,0.7,7.0,0.0322,0.329,0.297,272,,,2023-2024,False,0.5791277289390564,,season_pitching_stats.war,pitcher,64.19999694824219,181,318,137
643338,0.69,6.94,0.0331,0.315,0.282,262,,,2023-2024,False,0.5389877557754517,,season_pitching_stats.war,pitcher,65.19999694824219,184,330,146
605463,0.69,6.91,0.0235,0.335,0.312,367,,,2023-2024,False,1.3674005270004272,,season_pitching_stats.war,pitcher,85.39999389648438,184,156,-28
572020,0.69,6.87,0.0102,0.347,0.336,845,,,2023-2024,False,0.6267414093017578,,season_pitching_stats.war,pitcher,196.10000610351562,184,306,122
664747,0.68,6.77,0.0162,0.315,0.299,522,,,2023-2024,False,1.267946481704712,,season_pitching_stats.war,pitcher,123.19999694824219,187,167,-20
643511,0.64,6.43,0.0137,0.315,0.301,586,,,2023-2024,False,1.5564883947372437,,season_pitching_stats.war,pitcher,144.10000610351562,188,130,-58
669062,0.64,6.4,0.0282,0.329,0.301,284,,,2023-2024,False,0.41999998688697815,,season_pitching_stats.war,pitcher,67.0999984741211,188,357,169
656412,0.62,6.17,0.0153,0.33,0.315,505,,,2023-2024,False,0.5653173923492432,,season_pitching_stats.war,pitcher,121.29999542236328,190,321,131
643410,0.62,6.15,0.0141,0.321,0.307,545,,,2023-2024,False,0.15487420558929443,,season_pitching_stats.war,pitcher,127.19999694824219,190,405,215
689017,0.62,6.22,0.0244,0.34,0.316,318,,,2023-2024,False,1.0199999809265137,,season_pitching_stats.war,pitcher,76.0,190,208,18
642701,0.61,6.15,0.023,0.324,0.301,334,,,2023-2024,False,0.7322113513946533,,season_pitching_stats.war,pitcher,81.39999389648438,193,271,78
694738,0.61,6.09,0.0351,0.332,0.297,217,,,2023-2024,False,0.6399999856948853,,season_pitching_stats.war,pitcher,50.099998474121094,193,303,110
669060,0.61,6.12,0.0102,0.324,0.313,750,,,2023-2024,False,1.1379691362380981,,season_pitching_stats.war,pitcher,181.1999969482422,193,184,-9
502043,0.61,6.13,0.0051,0.338,0.333,1508,,,2023-2024,False,0.785749614238739,,season_pitching_stats.war,pitcher,364.20001220703125,193,261,68
668941,0.6,5.95,0.0193,0.315,0.296,385,,,2023-2024,False,0.7615546584129333,,season_pitching_stats.war,pitcher,95.19999694824219,197,266,69
445926,0.6,6.02,0.0186,0.324,0.306,405,,,2023-2024,False,0.8538670539855957,,season_pitching_stats.war,pitcher,99.30000305175781,197,248,51
624522,0.6,6.02,0.0306,0.326,0.296,246,,,2023-2024,False,0.32782161235809326,,season_pitching_stats.war,pitcher,58.30000305175781,197,370,173
641482,0.6,6.05,0.0077,0.326,0.319,979,,,2023-2024,False,1.8929598331451416,,season_pitching_stats.war,pitcher,239.20001220703125,197,103,-94
660896,0.59,5.95,0.0241,0.329,0.305,308,,,2023-2024,False,1.0057047605514526,,season_pitching_stats.war,pitcher,75.19999694824219,201,213,12
686218,0.59,5.86,0.0275,0.345,0.317,266,,,2023-2024,False,0.27000001072883606,,season_pitching_stats.war,pitcher,64.0,201,388,187
678606,0.59,5.95,0.0277,0.329,0.301,268,,,2023-2024,False,0.23636363446712494,,season_pitching_stats.war,pitcher,66.0,201,394,193
622491,0.58,5.82,0.0049,0.313,0.308,1496,,,2023-2024,False,2.5764901638031006,,season_pitching_stats.war,pitcher,372.1000061035156,204,56,-148
621345,0.55,5.55,0.0175,0.308,0.29,396,,,2023-2024,False,0.8746784925460815,,season_pitching_stats.war,pitcher,101.0999984741211,205,242,37
666374,0.55,5.51,0.0226,0.319,0.296,304,,,2023-2024,False,1.2100000381469727,,season_pitching_stats.war,pitcher,70.19999694824219,205,175,-30
608723,0.54,5.41,0.0167,0.328,0.311,404,,,2023-2024,False,-0.2569957971572876,,season_pitching_stats.war,pitcher,95.19999694824219,207,490,283
669276,0.54,5.44,0.0203,0.32,0.299,335,,,2023-2024,False,0.9257175922393799,,season_pitching_stats.war,pitcher,84.30000305175781,207,230,23
623149,0.54,5.42,0.0154,0.31,0.294,441,,,2023-2024,False,0.8116819262504578,,season_pitching_stats.war,pitcher,109.39999389648438,207,257,50
678495,0.52,5.23,0.0297,0.338,0.309,220,,,2023-2024,False,-0.1899999976158142,,season_pitching_stats.war,pitcher,52.099998474121094,210,470,260
666619,0.52,5.19,0.0204,0.32,0.3,318,,,2023-2024,False,1.0658470392227173,,season_pitching_stats.war,pitcher,73.19999694824219,210,196,-14
666745,0.51,5.05,0.0115,0.333,0.321,551,,,2023-2024,False,0.5212002992630005,,season_pitching_stats.war,pitcher,133.3000030517578,212,335,123
543294,0.51,5.06,0.0055,0.33,0.325,1144,,,2023-2024,False,-0.23255237936973572,,season_pitching_stats.war,pitcher,267.20001220703125,212,487,275
667463,0.51,5.1,0.0159,0.325,0.309,401,,,2023-2024,False,0.73089599609375,,season_pitching_stats.war,pitcher,97.0999984741211,212,272,60
686826,0.51,5.12,0.0186,0.323,0.304,345,,,2023-2024,False,0.6887848377227783,,season_pitching_stats.war,pitcher,82.30000305175781,212,287,75
608638,0.5,4.97,0.0199,0.318,0.298,312,,,2023-2024,False,0.8726170063018799,,season_pitching_stats.war,pitcher,79.0999984741211,216,243,27
682227,0.5,5.0,0.0114,0.348,0.336,547,,,2023-2024,False,1.4726543426513672,,season_pitching_stats.war,pitcher,131.10000610351562,216,141,-75
506433,0.5,5.02,0.0066,0.313,0.307,948,,,2023-2024,False,1.3595588207244873,,season_pitching_stats.war,pitcher,231.20001220703125,216,157,-59
592351,0.49,4.91,0.0056,0.322,0.316,1104,,,2023-2024,False,1.1019456386566162,,season_pitching_stats.war,pitcher,265.20001220703125,219,190,-29
605280,0.48,4.84,0.0105,0.305,0.294,575,,,2023-2024,False,1.1450001001358032,,season_pitching_stats.war,pitcher,138.0,220,183,-37
663460,0.48,4.82,0.0294,0.324,0.294,205,,,2023-2024,False,0.6252940893173218,,season_pitching_stats.war,pitcher,51.0,220,307,87
592454,0.47,4.69,0.0155,0.304,0.288,379,,,2023-2024,False,0.9229134321212769,,season_pitching_stats.war,pitcher,91.30000305175781,222,232,10
664139,0.47,4.74,0.0185,0.33,0.311,320,,,2023-2024,False,1.8997410535812378,,season_pitching_stats.war,pitcher,77.19999694824219,222,102,-120
666159,0.47,4.7,0.0134,0.325,0.312,438,,,2023-2024,False,0.9236882925033569,,season_pitching_stats.war,pitcher,105.19999694824219,222,231,9
663941,0.47,4.67,0.014,0.327,0.313,418,,,2023-2024,False,0.9812871217727661,,season_pitching_stats.war,pitcher,101.0,222,219,-3
676680,0.45,4.48,0.0202,0.316,0.296,277,,,2023-2024,False,0.9902756214141846,,season_pitching_stats.war,pitcher,65.29999542236328,226,217,-9
593576,0.44,4.39,0.0098,0.311,0.301,559,,,2023-2024,False,1.3809250593185425,,season_pitching_stats.war,pitcher,136.1999969482422,227,153,-74
660271,0.44,4.43,0.0109,0.307,0.296,507,,,2023-2024,False,3.799999952316284,,season_pitching_stats.war,pitcher,132.0,227,17,-210
605513,0.44,4.37,0.015,0.341,0.326,365,,,2023-2024,False,0.6123737096786499,,season_pitching_stats.war,pitcher,85.0999984741211,227,308,81
656605,0.44,4.37,0.0035,0.332,0.328,1573,,,2023-2024,False,2.4916341304779053,,season_pitching_stats.war,pitcher,372.1000061035156,227,58,-169
656529,0.44,4.38,0.0175,0.315,0.298,312,,,2023-2024,False,0.6375165581703186,,season_pitching_stats.war,pitcher,75.30000305175781,227,304,77
657240,0.44,4.38,0.0147,0.329,0.314,373,,,2023-2024,False,0.6727586388587952,,season_pitching_stats.war,pitcher,87.0,227,294,67
641871,0.43,4.3,0.0256,0.33,0.304,210,,,2023-2024,False,0.9300000071525574,,season_pitching_stats.war,pitcher,50.20000076293945,233,229,-4
672578,0.43,4.3,0.0127,0.333,0.32,424,,,2023-2024,False,-0.06800000369548798,,season_pitching_stats.war,pitcher,100.0,233,450,217
519293,0.42,4.21,0.0125,0.319,0.306,420,,,2023-2024,False,-0.34543928503990173,,season_pitching_stats.war,pitcher,101.30000305175781,235,496,261
665625,0.41,4.12,0.0107,0.326,0.315,479,,,2023-2024,False,0.7092024683952332,,season_pitching_stats.war,pitcher,114.0999984741211,236,278,42
642100,0.4,3.98,0.0159,0.307,0.291,312,,,2023-2024,False,0.23726101219654083,,season_pitching_stats.war,pitcher,77.4000015258789,237,393,156
518397,0.4,4.03,0.0142,0.311,0.297,354,,,2023-2024,False,0.4118308424949646,,season_pitching_stats.war,pitcher,86.30000305175781,237,358,121
701581,0.4,4.0,0.0181,0.344,0.326,277,,,2023-2024,False,0.46000000834465027,,season_pitching_stats.war,pitcher,64.0999984741211,237,348,111
806185,0.39,3.93,0.0157,0.338,0.322,313,,,2023-2024,False,0.30000001192092896,,season_pitching_stats.war,pitcher,72.0,240,379,139
640451,0.39,3.87,0.0109,0.308,0.297,446,,,2023-2024,False,1.0069564580917358,,season_pitching_stats.war,pitcher,110.4000015258789,240,212,-28
677053,0.39,3.86,0.0108,0.32,0.31,445,,,2023-2024,False,1.2517876625061035,,season_pitching_stats.war,pitcher,107.4000015258789,240,169,-71
675540,0.38,3.76,0.0082,0.335,0.327,572,,,2023-2024,False,0.5039067268371582,,season_pitching_stats.war,pitcher,137.1999969482422,243,339,96
669622,0.38,3.81,0.0211,0.332,0.311,226,,,2023-2024,False,0.6700000166893005,,season_pitching_stats.war,pitcher,53.0,243,295,52
677161,0.38,3.76,0.0169,0.337,0.32,277,,,2023-2024,False,0.390980064868927,,season_pitching_stats.war,pitcher,65.30000305175781,243,361,118
607481,0.37,3.71,0.0091,0.327,0.317,507,,,2023-2024,False,-0.2156675159931183,,season_pitching_stats.war,pitcher,116.0999984741211,246,477,231
641329,0.36,3.57,0.0164,0.322,0.306,272,,,2023-2024,False,0.26709675788879395,,season_pitching_stats.war,pitcher,68.19999694824219,247,389,142
608717,0.36,3.61,0.0074,0.324,0.316,608,,,2023-2024,False,-0.005370766390115023,,season_pitching_stats.war,pitcher,144.29998779296875,247,439,192
552640,0.36,3.6,0.0133,0.313,0.3,337,,,2023-2024,False,1.2923301458358765,,season_pitching_stats.war,pitcher,82.39999389648438,247,165,-82
594902,0.34,3.39,0.0042,0.339,0.335,1016,,,2023-2024,False,1.0529588460922241,,season_pitching_stats.war,pitcher,240.3000030517578,250,200,-50
641793,0.34,3.45,0.0042,0.328,0.323,1035,,,2023-2024,False,2.135110855102539,,season_pitching_stats.war,pitcher,248.10000610351562,250,83,-167
621366,0.34,3.41,0.0214,0.317,0.295,199,,,2023-2024,False,1.0075929164886475,,season_pitching_stats.war,pitcher,51.099998474121094,250,211,-39
453286,0.34,3.38,0.0052,0.315,0.31,816,,,2023-2024,False,2.478693723678589,,season_pitching_stats.war,pitcher,205.20001220703125,250,59,-191
489119,0.33,3.31,0.008,0.319,0.311,519,,,2023-2024,False,2.422950267791748,,season_pitching_stats.war,pitcher,127.0999984741211,254,65,-189
519151,0.33,3.32,0.0078,0.309,0.302,531,,,2023-2024,False,0.26134946942329407,,season_pitching_stats.war,pitcher,128.1999969482422,254,390,136
664776,0.33,3.28,0.0183,0.331,0.312,224,,,2023-2024,False,0.587735116481781,,season_pitching_stats.war,pitcher,52.099998474121094,254,313,59
671737,0.33,3.25,0.0039,0.336,0.332,1033,,,2023-2024,False,0.8180429935455322,,season_pitching_stats.war,pitcher,242.1999969482422,254,254,0
642048,0.32,3.22,0.0111,0.321,0.31,363,,,2023-2024,False,0.5126463174819946,,season_pitching_stats.war,pitcher,85.4000015258789,258,336,78
663992,0.32,3.21,0.0166,0.321,0.304,241,,,2023-2024,False,0.1557692438364029,,season_pitching_stats.war,pitcher,57.19999694824219,258,404,146
493603,0.32,3.19,0.008,0.314,0.306,497,,,2023-2024,False,0.5966211557388306,,season_pitching_stats.war,pitcher,117.19999694824219,258,311,53
571760,0.31,3.05,0.0028,0.34,0.337,1372,,,2023-2024,False,0.6532379984855652,,season_pitching_stats.war,pitcher,318.1000061035156,261,300,39
543339,0.29,2.89,0.0123,0.315,0.303,294,,,2023-2024,False,0.5616666674613953,,season_pitching_stats.war,pitcher,72.0,262,323,61
681293,0.28,2.83,0.0056,0.341,0.335,631,,,2023-2024,False,0.4300000071525574,,season_pitching_stats.war,pitcher,145.0,263,355,92
669212,0.26,2.65,0.007,0.319,0.312,471,,,2023-2024,False,0.37399646639823914,,season_pitching_stats.war,pitcher,113.0999984741211,264,363,99
605397,0.24,2.42,0.0037,0.313,0.309,819,,,2023-2024,False,1.9576573371887207,,season_pitching_stats.war,pitcher,200.1999969482422,265,97,-168
666808,0.23,2.31,0.0054,0.312,0.306,536,,,2023-2024,False,0.5217273831367493,,season_pitching_stats.war,pitcher,126.19999694824219,266,334,68
670280,0.23,2.35,0.0056,0.308,0.302,523,,,2023-2024,False,0.962389349937439,,season_pitching_stats.war,pitcher,124.30000305175781,266,224,-42
669674,0.22,2.21,0.0072,0.323,0.315,384,,,2023-2024,False,0.2798026204109192,,season_pitching_stats.war,pitcher,91.19999694824219,268,386,118
663773,0.22,2.23,0.0053,0.329,0.324,522,,,2023-2024,False,0.8496673703193665,,season_pitching_stats.war,pitcher,126.29999542236328,268,250,-18
605130,0.21,2.09,0.0049,0.316,0.311,534,,,2023-2024,False,0.03073170967400074,,season_pitching_stats.war,pitcher,123.0,270,429,159
670167,0.21,2.09,0.006,0.32,0.314,436,,,2023-2024,False,0.5824283957481384,,season_pitching_stats.war,pitcher,101.30000305175781,270,315,45
607067,0.21,2.15,0.0022,0.333,0.331,1224,,,2023-2024,False,0.9011530876159668,,season_pitching_stats.war,pitcher,291.3999938964844,270,237,-33
683232,0.21,2.13,0.0076,0.329,0.321,349,,,2023-2024,False,-0.20855876803398132,,season_pitching_stats.war,pitcher,79.0999984741211,270,475,205
664192,0.2,1.95,0.0102,0.335,0.325,239,,,2023-2024,False,0.8588099479675293,,season_pitching_stats.war,pitcher,56.30000305175781,274,247,-27
571510,0.2,1.96,0.0048,0.32,0.315,516,,,2023-2024,False,0.1641031801700592,,season_pitching_stats.war,pitcher,122.0999984741211,274,401,127
542888,0.2,2.01,0.005,0.311,0.306,504,,,2023-2024,False,0.5848154425621033,,season_pitching_stats.war,pitcher,119.19999694824219,274,314,40
593423,0.2,2.01,0.0037,0.341,0.338,674,,,2023-2024,False,0.5764561295509338,,season_pitching_stats.war,pitcher,155.20001220703125,274,319,45
519008,0.19,1.87,0.0098,0.326,0.316,239,,,2023-2024,False,0.5659930109977722,,season_pitching_stats.war,pitcher,57.400001525878906,278,320,42
571670,0.17,1.67,0.004,0.321,0.317,516,,,2023-2024,False,0.43858522176742554,,season_pitching_stats.war,pitcher,124.39999389648438,279,353,74
650644,0.16,1.6,0.0017,0.321,0.319,1199,,,2023-2024,False,1.7457671165466309,,season_pitching_stats.war,pitcher,286.1000061035156,280,116,-164
663362,0.15,1.47,0.0023,0.335,0.333,795,,,2023-2024,False,0.7117566466331482,,season_pitching_stats.war,pitcher,187.29998779296875,281,277,-4
680767,0.15,1.48,0.0051,0.34,0.335,361,,,2023-2024,False,0.7812039256095886,,season_pitching_stats.war,pitcher,81.39999389648438,281,265,-16
694813,0.15,1.53,0.0026,0.337,0.335,728,,,2023-2024,False,1.5229747295379639,,season_pitching_stats.war,pitcher,171.10000610351562,281,134,-147
686563,0.15,1.5,0.0036,0.343,0.34,521,,,2023-2024,False,1.8799999952316284,,season_pitching_stats.war,pitcher,124.0999984741211,281,104,-177
593334,0.15,1.51,0.0035,0.325,0.321,543,,,2023-2024,False,0.5012149214744568,,season_pitching_stats.war,pitcher,128.39999389648438,281,340,59
678394,0.13,1.28,0.0012,0.343,0.342,1367,,,2023-2024,False,2.1443371772766113,,season_pitching_stats.war,pitcher,319.1000061035156,286,81,-205
670059,0.13,1.29,0.0035,0.313,0.31,456,,,2023-2024,False,0.7009150385856628,,season_pitching_stats.war,pitcher,107.0999984741211,286,282,-4
548384,0.13,1.31,0.0065,0.304,0.298,253,,,2023-2024,False,1.1842156648635864,,season_pitching_stats.war,pitcher,61.20000076293945,286,178,-108
681217,0.12,1.17,0.0057,0.339,0.333,258,,,2023-2024,False,0.6855574250221252,,season_pitching_stats.war,pitcher,60.099998474121094,289,289,0
663436,0.12,1.19,0.0067,0.342,0.335,220,,,2023-2024,False,0.8999999761581421,,season_pitching_stats.war,pitcher,50.0,289,238,-51
676272,0.12,1.23,0.002,0.335,0.333,770,,,2023-2024,False,0.7815384864807129,,season_pitching_stats.war,pitcher,182.0,289,264,-25
612434,0.12,1.21,0.0042,0.328,0.323,356,,,2023-2024,False,0.33453238010406494,,season_pitching_stats.war,pitcher,83.39999389648438,289,369,80
605182,0.11,1.12,0.0022,0.334,0.332,624,,,2023-2024,False,2.8277974128723145,,season_pitching_stats.war,pitcher,147.10000610351562,293,48,-245
605121,0.11,1.13,0.0059,0.338,0.332,241,,,2023-2024,False,0.5099999904632568,,season_pitching_stats.war,pitcher,53.099998474121094,293,337,44
642397,0.1,1.05,0.0026,0.316,0.313,503,,,2023-2024,False,0.14435940980911255,,season_pitching_stats.war,pitcher,116.30000305175781,295,407,112
670174,0.1,0.95,0.0017,0.337,0.335,687,,,2023-2024,False,1.0527592897415161,,season_pitching_stats.war,pitcher,159.10000610351562,295,201,-94
605400,0.09,0.87,0.0006,0.317,0.317,1700,,,2023-2024,False,3.0900979042053223,,season_pitching_stats.war,pitcher,420.29998779296875,297,33,-264
657514,0.08,0.77,0.0022,0.331,0.329,432,,,2023-2024,False,0.816205620765686,,season_pitching_stats.war,pitcher,101.19999694824219,298,256,-42
664076,0.07,0.74,0.003,0.311,0.308,312,,,2023-2024,False,0.7383333444595337,,season_pitching_stats.war,pitcher,72.0,299,270,-29
518617,0.07,0.71,0.0023,0.32,0.317,384,,,2023-2024,False,-0.1395067274570465,,season_pitching_stats.war,pitcher,89.19999694824219,299,462,163
663556,0.06,0.57,0.0016,0.306,0.304,445,,,2023-2024,False,2.819999933242798,,season_pitching_stats.war,pitcher,115.0,301,49,-252
690986,0.06,0.63,0.0012,0.337,0.336,678,,,2023-2024,False,0.5962981581687927,,season_pitching_stats.war,pitcher,158.3000030517578,301,312,11
656638,0.06,0.65,0.0022,0.319,0.317,375,,,2023-2024,False,0.6776721477508545,,season_pitching_stats.war,pitcher,84.19999694824219,301,291,-10
693312,0.05,0.49,0.0023,0.337,0.335,268,,,2023-2024,False,0.1378583461046219,,season_pitching_stats.war,pitcher,59.29999923706055,304,411,107
572403,0.05,0.46,0.0022,0.329,0.327,262,,,2023-2024,False,0.5400000214576721,,season_pitching_stats.war,pitcher,61.0,304,329,25
669711,0.05,0.54,0.002,0.326,0.324,344,,,2023-2024,False,0.4281708896160126,,season_pitching_stats.war,pitcher,83.0999984741211,304,356,52
598286,0.05,0.53,0.0029,0.322,0.319,233,,,2023-2024,False,0.5821012854576111,,season_pitching_stats.war,pitcher,53.30000305175781,304,317,13
608665,0.04,0.4,0.0018,0.324,0.322,272,,,2023-2024,False,1.409999966621399,,season_pitching_stats.war,pitcher,66.0999984741211,308,148,-160
682847,0.04,0.44,0.0006,0.329,0.328,950,,,2023-2024,False,2.040009021759033,,season_pitching_stats.war,pitcher,221.39999389648438,308,90,-218
573124,0.04,0.36,0.001,0.313,0.312,460,,,2023-2024,False,0.78230220079422,,season_pitching_stats.war,pitcher,111.19999694824219,308,263,-45
523260,0.04,0.4,0.0016,0.322,0.321,316,,,2023-2024,False,-0.20027397572994232,,season_pitching_stats.war,pitcher,73.0,308,474,166
641540,0.04,0.37,0.0004,0.332,0.332,1173,,,2023-2024,False,1.4647045135498047,,season_pitching_stats.war,pitcher,274.20001220703125,308,142,-166
686799,0.03,0.25,0.0012,0.343,0.342,261,,,2023-2024,False,0.75,,season_pitching_stats.war,pitcher,65.0999984741211,313,268,-45
672456,0.03,0.29,0.0009,0.34,0.339,422,,,2023-2024,False,0.23000000417232513,,season_pitching_stats.war,pitcher,101.0999984741211,313,395,82
623433,0.03,0.31,0.0013,0.323,0.322,292,,,2023-2024,False,0.4397296905517578,,season_pitching_stats.war,pitcher,70.30000305175781,313,352,39
663559,0.02,0.19,0.0003,0.342,0.342,926,,,2023-2024,False,0.920607328414917,,season_pitching_stats.war,pitcher,222.3000030517578,316,233,-83
669461,0.02,0.24,0.0005,0.331,0.331,626,,,2023-2024,False,0.013016306795179844,,season_pitching_stats.war,pitcher,147.1999969482422,316,434,118
676092,0.01,0.09,0.0004,0.33,0.329,261,,,2023-2024,False,0.6353833079338074,,season_pitching_stats.war,pitcher,61.30000305175781,318,305,-13
572143,-0.0,-0.01,-0.0,0.338,0.338,238,,,2023-2024,False,-0.15000000596046448,,season_pitching_stats.war,pitcher,56.099998474121094,319,463,144
672335,0.0,0.0,0.0,0.323,0.323,484,,,2023-2024,False,-0.19110091030597687,,season_pitching_stats.war,pitcher,109.0,319,472,153
700249,-0.01,-0.05,-0.0002,0.348,0.348,351,,,2023-2024,False,-0.20999997854232788,,season_pitching_stats.war,pitcher,79.19999694824219,321,476,155
543351,-0.01,-0.12,-0.0006,0.301,0.302,227,,,2023-2024,False,0.12396018207073212,,season_pitching_stats.war,pitcher,55.30000305175781,321,412,91
571927,-0.01,-0.13,-0.0003,0.336,0.336,635,,,2023-2024,False,1.3240845203399658,,season_pitching_stats.war,pitcher,149.10000610351562,321,162,-159
663423,-0.02,-0.16,-0.0005,0.314,0.315,414,,,2023-2024,False,0.3461627960205078,,season_pitching_stats.war,pitcher,103.19999694824219,324,367,43
643493,-0.02,-0.22,-0.0012,0.319,0.32,219,,,2023-2024,False,1.3862643241882324,,season_pitching_stats.war,pitcher,52.19999694824219,324,152,-172
605242,-0.03,-0.28,-0.0015,0.323,0.324,233,,,2023-2024,False,0.009999999776482582,,season_pitching_stats.war,pitcher,57.0,326,435,109
656578,-0.04,-0.39,-0.0019,0.321,0.323,257,,,2023-2024,False,0.49000000953674316,,season_pitching_stats.war,pitcher,61.099998474121094,327,343,16
640448,-0.05,-0.54,-0.0012,0.322,0.323,543,,,2023-2024,False,0.9777702689170837,,season_pitching_stats.war,pitcher,132.3000030517578,328,220,-108
592426,-0.05,-0.48,-0.0016,0.323,0.324,380,,,2023-2024,False,0.000624272390268743,,season_pitching_stats.war,pitcher,88.0999984741211,328,438,110
656849,-0.05,-0.52,-0.0006,0.337,0.337,1033,,,2023-2024,False,1.7831913232803345,,season_pitching_stats.war,pitcher,244.10000610351562,328,112,-216
657585,-0.05,-0.49,-0.0017,0.328,0.33,362,,,2023-2024,False,0.11810427904129028,,season_pitching_stats.war,pitcher,84.39999389648438,328,413,85
622075,-0.06,-0.56,-0.0026,0.309,0.312,267,,,2023-2024,False,-0.37569618225097656,,season_pitching_stats.war,pitcher,63.20000076293945,332,498,166
547943,-0.07,-0.71,-0.004,0.343,0.348,221,,,2023-2024,False,0.5099999904632568,,season_pitching_stats.war,pitcher,52.0,333,337,4
663546,-0.07,-0.67,-0.0018,0.33,0.332,469,,,2023-2024,False,0.2900732457637787,,season_pitching_stats.war,pitcher,109.19999694824219,333,382,49
678368,-0.08,-0.8,-0.0034,0.338,0.342,292,,,2023-2024,False,1.3799999952316284,,season_pitching_stats.war,pitcher,68.19999694824219,335,154,-181
640470,-0.08,-0.75,-0.0029,0.308,0.311,325,,,2023-2024,False,1.100345253944397,,season_pitching_stats.war,pitcher,81.0999984741211,335,191,-144
676534,-0.09,-0.92,-0.0033,0.331,0.334,349,,,2023-2024,False,0.44928568601608276,,season_pitching_stats.war,pitcher,78.4000015258789,337,350,13
592773,-0.09,-0.89,-0.0022,0.309,0.312,498,,,2023-2024,False,-0.13179881870746613,,season_pitching_stats.war,pitcher,117.30000305175781,337,460,123
665871,-0.11,-1.11,-0.0013,0.326,0.327,1080,,,2023-2024,False,1.8346621990203857,,season_pitching_stats.war,pitcher,256.1000061035156,339,107,-232
605447,-0.12,-1.2,-0.0049,0.303,0.308,304,,,2023-2024,False,1.7315963506698608,,season_pitching_stats.war,pitcher,73.29999542236328,340,118,-222
450203,-0.13,-1.35,-0.0012,0.333,0.334,1407,,,2023-2024,False,2.0390584468841553,,season_pitching_stats.war,pitcher,328.20001220703125,341,91,-250
605154,-0.13,-1.32,-0.0042,0.32,0.324,394,,,2023-2024,False,-0.2247210443019867,,season_pitching_stats.war,pitcher,93.19999694824219,341,483,142
519043,-0.13,-1.3,-0.0039,0.312,0.316,416,,,2023-2024,False,0.7218046188354492,,season_pitching_stats.war,pitcher,100.30000305175781,341,274,-67
663878,-0.14,-1.43,-0.0038,0.326,0.33,464,,,2023-2024,False,-0.1723453402519226,,season_pitching_stats.war,pitcher,108.30000305175781,344,467,123
686539,-0.14,-1.36,-0.0048,0.335,0.34,352,,,2023-2024,False,0.07404439896345139,,season_pitching_stats.war,pitcher,81.0999984741211,344,420,76
686613,-0.14,-1.37,-0.0012,0.324,0.325,1424,,,2023-2024,False,1.4779785871505737,,season_pitching_stats.war,pitcher,337.3999938964844,344,137,-207
670970,-0.14,-1.38,-0.0054,0.326,0.331,321,,,2023-2024,False,1.1236000061035156,,season_pitching_stats.war,pitcher,75.0,344,188,-156
621383,-0.14,-1.36,-0.003,0.324,0.327,565,,,2023-2024,False,0.39293062686920166,,season_pitching_stats.war,pitcher,134.10000610351562,344,360,16
543101,-0.15,-1.53,-0.0046,0.336,0.341,415,,,2023-2024,False,0.10000000149011612,,season_pitching_stats.war,pitcher,99.19999694824219,349,415,66
683627,-0.15,-1.48,-0.007,0.35,0.357,262,,,2023-2024,False,-0.5199999809265137,,season_pitching_stats.war,pitcher,59.20000076293945,349,515,166
645261,-0.18,-1.77,-0.003,0.311,0.314,737,,,2023-2024,False,3.879999876022339,,season_pitching_stats.war,pitcher,184.1999969482422,351,13,-338
656234,-0.18,-1.83,-0.0041,0.341,0.345,559,,,2023-2024,False,0.7005730867385864,,season_pitching_stats.war,pitcher,129.10000610351562,351,283,-68
621051,-0.19,-1.88,-0.0064,0.312,0.318,367,,,2023-2024,False,0.02249997854232788,,season_pitching_stats.war,pitcher,87.19999694824219,353,431,78
434378,-0.19,-1.88,-0.0021,0.311,0.313,1138,,,2023-2024,False,2.2766666412353516,,season_pitching_stats.war,pitcher,270.29998779296875,353,72,-281
593974,-0.2,-2.05,-0.0066,0.308,0.315,389,,,2023-2024,False,0.9725751280784607,,season_pitching_stats.war,pitcher,93.19999694824219,355,221,-134
694363,-0.21,-2.08,-0.0047,0.335,0.34,550,,,2023-2024,False,0.48340779542922974,,season_pitching_stats.war,pitcher,125.30000305175781,356,345,-11
660261,-0.23,-2.3,-0.0081,0.335,0.343,355,,,2023-2024,False,-1.9800000190734863,,season_pitching_stats.war,pitcher,79.0,357,539,182
666277,-0.23,-2.29,-0.008,0.331,0.339,359,,,2023-2024,False,0.1411205679178238,,season_pitching_stats.war,pitcher,82.0999984741211,357,409,52
641360,-0.24,-2.43,-0.0091,0.325,0.334,332,,,2023-2024,False,-0.22323137521743774,,season_pitching_stats.war,pitcher,75.19999694824219,359,481,122
675627,-0.27,-2.66,-0.0063,0.34,0.347,529,,,2023-2024,False,-0.6921129822731018,,season_pitching_stats.war,pitcher,122.0999984741211,360,520,160
671212,-0.27,-2.7,-0.0118,0.312,0.324,285,,,2023-2024,False,-0.216202512383461,,season_pitching_stats.war,pitcher,63.20000076293945,360,478,118
641585,-0.27,-2.75,-0.0048,0.341,0.346,715,,,2023-2024,False,1.2959316968917847,,season_pitching_stats.war,pitcher,164.20001220703125,360,164,-196
605177,-0.28,-2.78,-0.0075,0.324,0.331,462,,,2023-2024,False,0.14109140634536743,,season_pitching_stats.war,pitcher,107.19999694824219,363,410,47
641627,-0.28,-2.79,-0.0141,0.315,0.329,247,,,2023-2024,False,-0.1899999976158142,,season_pitching_stats.war,pitcher,58.0,363,470,107
663986,-0.29,-2.91,-0.0128,0.311,0.323,284,,,2023-2024,False,0.3700000047683716,,season_pitching_stats.war,pitcher,68.19999694824219,365,364,-1
527054,-0.29,-2.92,-0.012,0.333,0.345,303,,,2023-2024,False,0.4887193441390991,,season_pitching_stats.war,pitcher,73.39999389648438,365,344,-21
663704,-0.29,-2.91,-0.0109,0.321,0.332,332,,,2023-2024,False,-0.3631778061389923,,season_pitching_stats.war,pitcher,79.30000305175781,365,497,132
656288,-0.29,-2.9,-0.0029,0.334,0.336,1247,,,2023-2024,False,0.9693762063980103,,season_pitching_stats.war,pitcher,298.20001220703125,365,223,-142
680704,-0.29,-2.9,-0.0077,0.313,0.321,472,,,2023-2024,False,0.18597272038459778,,season_pitching_stats.war,pitcher,117.19999694824219,365,399,34
606965,-0.3,-2.96,-0.0123,0.324,0.337,300,,,2023-2024,False,-0.1287766844034195,,season_pitching_stats.war,pitcher,70.30000305175781,370,456,86
681869,-0.3,-2.96,-0.0149,0.336,0.351,249,,,2023-2024,False,-0.014972275123000145,,season_pitching_stats.war,pitcher,54.099998474121094,370,443,73
669796,-0.3,-3.03,-0.0157,0.329,0.345,241,,,2023-2024,False,-0.016021698713302612,,season_pitching_stats.war,pitcher,55.29999923706055,370,444,74
657508,-0.31,-3.08,-0.0072,0.329,0.336,532,,,2023-2024,False,0.005674573127180338,,season_pitching_stats.war,pitcher,122.29999542236328,373,436,63
656222,-0.31,-3.07,-0.0077,0.328,0.336,495,,,2023-2024,False,-0.17542371153831482,,season_pitching_stats.war,pitcher,112.0999984741211,373,468,95
572955,-0.32,-3.21,-0.0077,0.324,0.332,520,,,2023-2024,False,0.5322340726852417,,season_pitching_stats.war,pitcher,122.19999694824219,375,333,-42
472610,-0.33,-3.33,-0.0082,0.321,0.329,510,,,2023-2024,False,-0.09765557199716568,,season_pitching_stats.war,pitcher,117.30000305175781,376,454,78
661309,-0.33,-3.32,-0.0173,0.329,0.346,240,,,2023-2024,False,0.3700000047683716,,season_pitching_stats.war,pitcher,55.0,376,364,-12
543272,-0.33,-3.32,-0.0181,0.332,0.35,229,,,2023-2024,False,-0.07999999821186066,,season_pitching_stats.war,pitcher,54.20000076293945,376,452,76
676760,-0.34,-3.41,-0.0145,0.313,0.328,294,,,2023-2024,False,0.3043162524700165,,season_pitching_stats.war,pitcher,70.19999694824219,379,377,-2
657024,-0.35,-3.49,-0.0101,0.304,0.315,433,,,2023-2024,False,0.8523562550544739,,season_pitching_stats.war,pitcher,106.0999984741211,380,249,-131
666157,-0.35,-3.52,-0.0067,0.341,0.348,657,,,2023-2024,False,0.9140214323997498,,season_pitching_stats.war,pitcher,149.1999969482422,380,235,-145
477132,-0.37,-3.65,-0.0069,0.309,0.316,663,,,2023-2024,False,2.9629628658294678,,season_pitching_stats.war,pitcher,162.0,382,39,-343
607074,-0.38,-3.78,-0.0043,0.333,0.337,1097,,,2023-2024,False,1.2097346782684326,,season_pitching_stats.war,pitcher,256.29998779296875,383,176,-207
543518,-0.38,-3.77,-0.0106,0.338,0.348,446,,,2023-2024,False,-0.29882699251174927,,season_pitching_stats.war,pitcher,102.30000305175781,383,493,110
663432,-0.39,-3.91,-0.0208,0.323,0.344,235,,,2023-2024,False,0.10884615778923035,,season_pitching_stats.war,pitcher,52.0,385,414,29
606930,-0.39,-3.87,-0.0144,0.336,0.35,336,,,2023-2024,False,0.028333330526947975,,season_pitching_stats.war,pitcher,79.19999694824219,385,430,45
622554,-0.4,-4.03,-0.0099,0.316,0.325,510,,,2023-2024,False,0.304357647895813,,season_pitching_stats.war,pitcher,115.19999694824219,387,376,-11
656061,-0.4,-4.04,-0.0193,0.327,0.346,262,,,2023-2024,False,-0.23999999463558197,,season_pitching_stats.war,pitcher,59.0,387,489,102
669456,-0.4,-3.96,-0.0089,0.315,0.324,554,,,2023-2024,False,1.7514286041259766,,season_pitching_stats.war,pitcher,140.0,387,115,-272
680686,-0.41,-4.09,-0.0069,0.339,0.346,740,,,2023-2024,False,2.8664629459381104,,season_pitching_stats.war,pitcher,167.10000610351562,390,46,-344
647315,-0.41,-4.12,-0.0201,0.326,0.346,256,,,2023-2024,False,-1.0994117259979248,,season_pitching_stats.war,pitcher,61.20000076293945,390,530,140
683155,-0.42,-4.24,-0.009,0.339,0.348,587,,,2023-2024,False,0.563877522945404,,season_pitching_stats.war,pitcher,137.1999969482422,392,322,-70
641835,-0.42,-4.17,-0.0127,0.31,0.322,411,,,2023-2024,False,0.6011202335357666,,season_pitching_stats.war,pitcher,98.19999694824219,392,310,-82
670046,-0.42,-4.22,-0.0213,0.328,0.349,248,,,2023-2024,False,0.277368426322937,,season_pitching_stats.war,pitcher,57.0,392,387,-5
641302,-0.43,-4.26,-0.0084,0.331,0.339,632,,,2023-2024,False,0.2901587188243866,,season_pitching_stats.war,pitcher,151.1999969482422,395,381,-14
608334,-0.43,-4.29,-0.013,0.317,0.33,411,,,2023-2024,False,0.7153014540672302,,season_pitching_stats.war,pitcher,96.19999694824219,395,275,-120
596133,-0.44,-4.44,-0.0059,0.336,0.342,948,,,2023-2024,False,0.4965316951274872,,season_pitching_stats.war,pitcher,222.29998779296875,397,342,-55
647336,-0.44,-4.44,-0.0114,0.341,0.352,488,,,2023-2024,False,0.2998652458190918,,season_pitching_stats.war,pitcher,111.29999542236328,397,380,-17
687765,-0.45,-4.55,-0.0087,0.335,0.344,650,,,2023-2024,False,1.6100000143051147,,season_pitching_stats.war,pitcher,151.10000610351562,399,125,-274
600921,-0.47,-4.66,-0.029,0.331,0.36,201,,,2023-2024,False,-0.009999999776482582,,season_pitching_stats.war,pitcher,50.0,400,440,40
502624,-0.47,-4.7,-0.0094,0.341,0.351,622,,,2023-2024,False,0.09830097109079361,,season_pitching_stats.war,pitcher,144.1999969482422,400,416,16
669713,-0.48,-4.75,-0.0091,0.323,0.332,655,,,2023-2024,False,-0.09047985076904297,,season_pitching_stats.war,pitcher,156.29998779296875,402,453,51
676775,-0.48,-4.8,-0.015,0.32,0.335,399,,,2023-2024,False,-0.4779526889324188,,season_pitching_stats.war,pitcher,97.19999694824219,402,510,108
665795,-0.52,-5.25,-0.0077,0.322,0.33,848,,,2023-2024,False,1.1588889360427856,,season_pitching_stats.war,pitcher,195.29998779296875,404,181,-223
666200,-0.53,-5.34,-0.0066,0.319,0.326,1008,,,2023-2024,False,3.6233410835266113,,season_pitching_stats.war,pitcher,248.39999389648438,405,25,-380
677960,-0.54,-5.38,-0.0108,0.336,0.347,620,,,2023-2024,False,0.7929567694664001,,season_pitching_stats.war,pitcher,143.39999389648438,406,258,-148
669947,-0.54,-5.43,-0.018,0.344,0.362,376,,,2023-2024,False,0.18000000715255737,,season_pitching_stats.war,pitcher,85.0,406,400,-6
650893,-0.54,-5.38,-0.0134,0.322,0.335,501,,,2023-2024,False,0.07434781640768051,,season_pitching_stats.war,pitcher,117.30000305175781,406,419,13
594835,-0.55,-5.5,-0.0189,0.334,0.353,363,,,2023-2024,False,-0.10086539387702942,,season_pitching_stats.war,pitcher,83.19999694824219,409,455,46
669084,-0.55,-5.54,-0.0239,0.316,0.34,290,,,2023-2024,False,-0.043803680688142776,,season_pitching_stats.war,pitcher,65.19999694824219,409,447,38
663687,-0.55,-5.52,-0.0118,0.337,0.348,585,,,2023-2024,False,0.6649221777915955,,season_pitching_stats.war,pitcher,135.10000610351562,409,297,-112
622065,-0.56,-5.58,-0.0236,0.328,0.352,295,,,2023-2024,False,0.699999988079071,,season_pitching_stats.war,pitcher,68.4000015258789,412,284,-128
573204,-0.56,-5.62,-0.0206,0.315,0.335,341,,,2023-2024,False,-0.012515531852841377,,season_pitching_stats.war,pitcher,80.30000305175781,412,442,30
613534,-0.57,-5.66,-0.0263,0.317,0.344,269,,,2023-2024,False,0.30551543831825256,,season_pitching_stats.war,pitcher,58.19999694824219,414,375,-39
542881,-0.57,-5.67,-0.0051,0.326,0.332,1386,,,2023-2024,False,1.717469573020935,,season_pitching_stats.war,pitcher,320.1000061035156,414,119,-295
641703,-0.58,-5.8,-0.017,0.331,0.348,425,,,2023-2024,False,0.31350305676460266,,season_pitching_stats.war,pitcher,98.19999694824219,416,372,-44
672710,-0.58,-5.76,-0.0122,0.332,0.345,588,,,2023-2024,False,-0.03999999910593033,,season_pitching_stats.war,pitcher,136.1999969482422,416,446,30
595345,-0.58,-5.79,-0.0179,0.318,0.336,405,,,2023-2024,False,0.2885047495365143,,season_pitching_stats.war,pitcher,94.30000305175781,416,384,-32
696136,-0.59,-5.87,-0.0207,0.344,0.365,355,,,2023-2024,False,-0.13458852469921112,,season_pitching_stats.war,pitcher,80.19999694824219,419,461,42
641755,-0.59,-5.93,-0.0209,0.338,0.359,355,,,2023-2024,False,-0.2239200919866562,,season_pitching_stats.war,pitcher,80.0999984741211,419,482,63
628317,-0.6,-6.01,-0.0081,0.334,0.342,933,,,2023-2024,False,-0.27070391178131104,,season_pitching_stats.war,pitcher,220.1999969482422,421,491,70
663554,-0.61,-6.11,-0.017,0.345,0.362,449,,,2023-2024,False,0.25999999046325684,,season_pitching_stats.war,pitcher,102.0999984741211,422,391,-31
657571,-0.61,-6.08,-0.0146,0.319,0.334,522,,,2023-2024,False,-0.18144330382347107,,season_pitching_stats.war,pitcher,116.4000015258789,422,469,47
664062,-0.61,-6.14,-0.0178,0.305,0.323,432,,,2023-2024,False,-0.2199999988079071,,season_pitching_stats.war,pitcher,103.0,422,479,57
665622,-0.62,-6.15,-0.0115,0.339,0.351,668,,,2023-2024,False,0.22021450102329254,,season_pitching_stats.war,pitcher,149.1999969482422,425,396,-29
664299,-0.62,-6.18,-0.009,0.313,0.322,860,,,2023-2024,False,1.062808871269226,,season_pitching_stats.war,pitcher,207.1999969482422,425,197,-228
605288,-0.63,-6.3,-0.01,0.333,0.343,789,,,2023-2024,False,0.1982630342245102,,season_pitching_stats.war,pitcher,180.1999969482422,427,398,-29
672851,-0.64,-6.37,-0.0281,0.341,0.369,283,,,2023-2024,False,-0.2984364926815033,,season_pitching_stats.war,pitcher,61.400001525878906,428,492,64
677944,-0.64,-6.37,-0.0176,0.34,0.358,452,,,2023-2024,False,-0.7333019375801086,,season_pitching_stats.war,pitcher,106.0,428,521,93
676596,-0.65,-6.54,-0.023,0.335,0.358,356,,,2023-2024,False,0.018663426861166954,,season_pitching_stats.war,pitcher,82.30000305175781,430,433,3
669459,-0.66,-6.58,-0.0281,0.317,0.345,293,,,2023-2024,False,0.03573033586144447,,season_pitching_stats.war,pitcher,71.19999694824219,431,428,-3
664353,-0.67,-6.7,-0.0265,0.325,0.351,316,,,2023-2024,False,-0.019999999552965164,,season_pitching_stats.war,pitcher,73.0,432,445,13
570632,-0.67,-6.7,-0.0127,0.343,0.355,661,,,2023-2024,False,0.1418798863887787,,season_pitching_stats.war,pitcher,153.1999969482422,432,408,-24
663978,-0.68,-6.75,-0.0202,0.309,0.329,418,,,2023-2024,False,0.4474247097969055,,season_pitching_stats.war,pitcher,96.29999542236328,434,351,-83
656353,-0.69,-6.86,-0.0342,0.332,0.366,251,,,2023-2024,False,-0.37848103046417236,,season_pitching_stats.war,pitcher,55.29999923706055,435,499,64
607179,-0.69,-6.86,-0.0205,0.321,0.341,418,,,2023-2024,False,-0.06417188048362732,,season_pitching_stats.war,pitcher,95.4000015258789,435,449,14
676477,-0.71,-7.13,-0.0237,0.323,0.347,376,,,2023-2024,False,0.3893169164657593,,season_pitching_stats.war,pitcher,89.29999542236328,437,362,-75
676106,-0.72,-7.15,-0.0284,0.314,0.343,315,,,2023-2024,False,-0.4403047263622284,,season_pitching_stats.war,pitcher,72.19999694824219,438,504,66
425844,-0.72,-7.17,-0.0158,0.332,0.348,567,,,2023-2024,False,1.0800000429153442,,season_pitching_stats.war,pitcher,142.10000610351562,438,194,-244
596295,-0.73,-7.33,-0.0071,0.352,0.359,1290,,,2023-2024,False,1.7029935121536255,,season_pitching_stats.war,pitcher,304.0,440,120,-320
672582,-0.73,-7.28,-0.0211,0.324,0.345,432,,,2023-2024,False,0.35263583064079285,,season_pitching_stats.war,pitcher,99.4000015258789,440,366,-74
543475,-0.73,-7.34,-0.012,0.334,0.346,766,,,2023-2024,False,-1.0262458324432373,,season_pitching_stats.war,pitcher,182.1999969482422,440,529,89
669022,-0.74,-7.45,-0.0071,0.339,0.346,1307,,,2023-2024,False,1.3183785676956177,,season_pitching_stats.war,pitcher,302.20001220703125,443,163,-280
621112,-0.75,-7.51,-0.0121,0.335,0.347,778,,,2023-2024,False,1.0951037406921387,,season_pitching_stats.war,pitcher,178.29998779296875,444,192,-252
681867,-0.76,-7.56,-0.0165,0.335,0.351,573,,,2023-2024,False,0.3076835572719574,,season_pitching_stats.war,pitcher,132.10000610351562,445,373,-72
642546,-0.77,-7.69,-0.0295,0.326,0.356,326,,,2023-2024,False,-0.47060564160346985,,season_pitching_stats.war,pitcher,74.30000305175781,446,509,63
681982,-0.82,-8.21,-0.038,0.333,0.371,270,,,2023-2024,False,-0.6441693902015686,,season_pitching_stats.war,pitcher,61.400001525878906,447,519,72
572971,-0.83,-8.28,-0.0416,0.343,0.384,249,,,2023-2024,False,-0.05483146011829376,,season_pitching_stats.war,pitcher,53.400001525878906,448,448,0
674072,-0.84,-8.4,-0.0188,0.346,0.365,560,,,2023-2024,False,0.5354366898536682,,season_pitching_stats.war,pitcher,127.0999984741211,449,332,-117
622098,-0.84,-8.39,-0.033,0.319,0.352,318,,,2023-2024,False,0.0522373765707016,,season_pitching_stats.war,pitcher,73.30000305175781,449,426,-23
657612,-0.85,-8.54,-0.0208,0.322,0.343,512,,,2023-2024,False,-0.16194628179073334,,season_pitching_stats.war,pitcher,119.19999694824219,451,465,14
661527,-0.88,-8.75,-0.027,0.318,0.345,406,,,2023-2024,False,0.15478992462158203,,season_pitching_stats.war,pitcher,95.19999694824219,452,406,-46
608344,-0.88,-8.83,-0.0134,0.338,0.352,824,,,2023-2024,False,-0.34078148007392883,,season_pitching_stats.war,pitcher,188.10000610351562,452,495,43
605347,-0.89,-8.95,-0.0235,0.32,0.343,475,,,2023-2024,False,0.07874999940395355,,season_pitching_stats.war,pitcher,112.0,454,418,-36
670912,-0.89,-8.86,-0.0143,0.317,0.331,776,,,2023-2024,False,2.2100000381469727,,season_pitching_stats.war,pitcher,177.1999969482422,454,75,-379
543521,-0.9,-8.97,-0.0434,0.311,0.355,258,,,2023-2024,False,-0.4399999976158142,,season_pitching_stats.war,pitcher,58.20000076293945,456,503,47
656271,-0.9,-9.0,-0.0285,0.32,0.349,395,,,2023-2024,False,-0.12890543043613434,,season_pitching_stats.war,pitcher,94.0999984741211,456,457,1
608337,-0.91,-9.09,-0.0144,0.334,0.349,788,,,2023-2024,False,1.5800000429153442,,season_pitching_stats.war,pitcher,184.10000610351562,458,128,-330
608678,-0.94,-9.39,-0.0367,0.337,0.373,320,,,2023-2024,False,0.02054791897535324,,season_pitching_stats.war,pitcher,73.0,459,432,-27
621076,-0.94,-9.44,-0.0427,0.323,0.366,276,,,2023-2024,False,-0.12999999523162842,,season_pitching_stats.war,pitcher,61.0,459,458,-1
670990,-0.95,-9.45,-0.0313,0.331,0.363,378,,,2023-2024,False,-0.5315162539482117,,season_pitching_stats.war,pitcher,83.0999984741211,461,517,56
664875,-0.95,-9.51,-0.0202,0.337,0.357,589,,,2023-2024,False,-0.010461992584168911,,season_pitching_stats.war,pitcher,134.1999969482422,461,441,-20
666168,-0.95,-9.49,-0.0511,0.311,0.362,232,,,2023-2024,False,-0.4099999964237213,,season_pitching_stats.war,pitcher,54.0,461,500,39
663855,-0.95,-9.53,-0.0157,0.317,0.333,759,,,2023-2024,False,0.9422577619552612,,season_pitching_stats.war,pitcher,175.39999389648438,461,227,-234
676974,-0.97,-9.7,-0.0489,0.339,0.387,248,,,2023-2024,False,-0.1599999964237213,,season_pitching_stats.war,pitcher,57.0,465,464,-1
621016,-0.97,-9.69,-0.0327,0.331,0.363,371,,,2023-2024,False,0.5824137926101685,,season_pitching_stats.war,pitcher,81.19999694824219,465,316,-149
663903,-0.97,-9.69,-0.0083,0.331,0.34,1452,,,2023-2024,False,1.6672641038894653,,season_pitching_stats.war,pitcher,339.20001220703125,465,122,-343
502171,-0.98,-9.83,-0.0167,0.32,0.337,735,,,2023-2024,False,2.2102251052856445,,season_pitching_stats.war,pitcher,173.10000610351562,468,74,-394
656756,-1.0,-10.02,-0.0088,0.326,0.335,1427,,,2023-2024,False,2.0951218605041504,,season_pitching_stats.war,pitcher,336.20001220703125,469,87,-382
605135,-1.01,-10.15,-0.0081,0.32,0.328,1572,,,2023-2024,False,1.435444712638855,,season_pitching_stats.war,pitcher,371.0,470,146,-324
693821,-1.01,-10.13,-0.0131,0.323,0.336,969,,,2023-2024,False,1.9842820167541504,,season_pitching_stats.war,pitcher,226.3000030517578,470,94,-376
679525,-1.01,-10.05,-0.0142,0.343,0.357,884,,,2023-2024,False,0.30623340606689453,,season_pitching_stats.war,pitcher,203.10000610351562,470,374,-96
605200,-1.02,-10.19,-0.0339,0.337,0.371,376,,,2023-2024,False,-1.3899999856948853,,season_pitching_stats.war,pitcher,82.0999984741211,473,537,64
676664,-1.02,-10.24,-0.0086,0.33,0.339,1488,,,2023-2024,False,2.5668082237243652,,season_pitching_stats.war,pitcher,353.1000061035156,473,57,-416
663776,-1.06,-10.6,-0.0133,0.328,0.341,993,,,2023-2024,False,0.28110116720199585,,season_pitching_stats.war,pitcher,223.39999389648438,475,385,-90
663474,-1.06,-10.62,-0.0324,0.327,0.359,410,,,2023-2024,False,-0.42947372794151306,,season_pitching_stats.war,pitcher,91.19999694824219,475,502,27
456501,-1.1,-10.98,-0.0516,0.327,0.379,266,,,2023-2024,False,0.0013607552973553538,,season_pitching_stats.war,pitcher,63.19999694824219,477,437,-40
660853,-1.1,-11.01,-0.026,0.311,0.337,529,,,2023-2024,False,0.6599690318107605,,season_pitching_stats.war,pitcher,129.1999969482422,477,298,-179
657376,-1.1,-10.95,-0.0125,0.324,0.337,1094,,,2023-2024,False,1.1525614261627197,,season_pitching_stats.war,pitcher,256.1000061035156,477,182,-295
668933,-1.15,-11.46,-0.0148,0.34,0.355,967,,,2023-2024,False,1.769230842590332,,season_pitching_stats.war,pitcher,222.29998779296875,480,113,-367
628711,-1.15,-11.48,-0.0312,0.315,0.346,460,,,2023-2024,False,0.550000011920929,,season_pitching_stats.war,pitcher,117.0999984741211,480,327,-153
669438,-1.16,-11.63,-0.0433,0.338,0.381,336,,,2023-2024,False,-0.5183938145637512,,season_pitching_stats.war,pitcher,77.19999694824219,482,514,32
670124,-1.18,-11.78,-0.0509,0.334,0.385,289,,,2023-2024,False,-0.13019579648971558,,season_pitching_stats.war,pitcher,61.29999923706055,483,459,-24
628708,-1.2,-11.99,-0.0488,0.331,0.38,307,,,2023-2024,False,-0.451797217130661,,season_pitching_stats.war,pitcher,65.0999984741211,484,507,23
663562,-1.2,-12.04,-0.0624,0.355,0.418,241,,,2023-2024,False,-0.4913772642612457,,season_pitching_stats.war,pitcher,50.099998474121094,484,511,27
606149,-1.21,-12.09,-0.0471,0.31,0.357,321,,,2023-2024,False,0.21122339367866516,,season_pitching_stats.war,pitcher,75.19999694824219,486,397,-89
663567,-1.21,-12.15,-0.0233,0.349,0.373,652,,,2023-2024,False,0.06192983686923981,,season_pitching_stats.war,pitcher,148.1999969482422,486,424,-62
541640,-1.22,-12.21,-0.0437,0.32,0.364,349,,,2023-2024,False,-0.8335989117622375,,season_pitching_stats.war,pitcher,80.30000305175781,488,524,36
657053,-1.23,-12.3,-0.0309,0.324,0.355,498,,,2023-2024,False,0.7060908675193787,,season_pitching_stats.war,pitcher,110.0,489,280,-209
656629,-1.24,-12.41,-0.0171,0.325,0.342,905,,,2023-2024,False,0.8832196593284607,,season_pitching_stats.war,pitcher,205.3000030517578,490,239,-251
682990,-1.24,-12.39,-0.0344,0.336,0.37,451,,,2023-2024,False,-0.5034677386283875,,season_pitching_stats.war,pitcher,99.19999694824219,490,513,23
614179,-1.25,-12.51,-0.0371,0.334,0.371,422,,,2023-2024,False,0.06490644067525864,,season_pitching_stats.war,pitcher,96.19999694824219,492,422,-70
641712,-1.25,-12.52,-0.0208,0.34,0.361,754,,,2023-2024,False,-0.16495588421821594,,season_pitching_stats.war,pitcher,170.10000610351562,492,466,-26
681190,-1.26,-12.63,-0.0266,0.324,0.351,593,,,2023-2024,False,0.6430769562721252,,season_pitching_stats.war,pitcher,135.1999969482422,494,302,-192
592866,-1.26,-12.55,-0.0172,0.333,0.351,913,,,2023-2024,False,0.6541891694068909,,season_pitching_stats.war,pitcher,210.3000030517578,494,299,-195
664199,-1.28,-12.78,-0.0605,0.32,0.381,264,,,2023-2024,False,-0.8500000238418579,,season_pitching_stats.war,pitcher,59.0,496,525,29
446372,-1.34,-13.37,-0.0702,0.333,0.403,238,,,2023-2024,False,-0.8500000238418579,,season_pitching_stats.war,pitcher,55.0,497,525,28
621111,-1.34,-13.36,-0.0413,0.34,0.381,404,,,2023-2024,False,-1.1399999856948853,,season_pitching_stats.war,pitcher,90.0999984741211,497,532,35
542585,-1.36,-13.64,-0.0508,0.315,0.366,336,,,2023-2024,False,-0.41999998688697815,,season_pitching_stats.war,pitcher,74.29999542236328,499,501,2
641771,-1.4,-14.02,-0.0416,0.341,0.383,421,,,2023-2024,False,-0.4508223533630371,,season_pitching_stats.war,pitcher,91.19999694824219,500,506,6
642545,-1.41,-14.13,-0.0497,0.319,0.369,355,,,2023-2024,False,-0.9100000262260437,,season_pitching_stats.war,pitcher,82.0999984741211,501,527,26
656731,-1.41,-14.13,-0.0191,0.334,0.353,925,,,2023-2024,False,0.5547934770584106,,season_pitching_stats.war,pitcher,208.1999969482422,501,326,-175
641745,-1.42,-14.19,-0.0441,0.338,0.382,402,,,2023-2024,False,0.07100927829742432,,season_pitching_stats.war,pitcher,86.19999694824219,503,421,-82
592767,-1.42,-14.22,-0.0204,0.334,0.354,871,,,2023-2024,False,-0.2266799956560135,,season_pitching_stats.war,pitcher,200.3000030517578,503,485,-18
657756,-1.43,-14.32,-0.0442,0.361,0.406,405,,,2023-2024,False,-1.2999999523162842,,season_pitching_stats.war,pitcher,87.0999984741211,505,535,30
668868,-1.46,-14.59,-0.0506,0.311,0.361,360,,,2023-2024,False,0.3183754086494446,,season_pitching_stats.war,pitcher,83.0999984741211,506,371,-135
622663,-1.48,-14.81,-0.0149,0.332,0.347,1244,,,2023-2024,False,0.6768917441368103,,season_pitching_stats.war,pitcher,287.29998779296875,507,292,-215
592789,-1.5,-15.03,-0.048,0.328,0.376,391,,,2023-2024,False,-1.100000023841858,,season_pitching_stats.war,pitcher,88.19999694824219,508,531,23
671106,-1.54,-15.45,-0.02,0.344,0.364,966,,,2023-2024,False,0.5007875561714172,,season_pitching_stats.war,pitcher,222.1999969482422,509,341,-168
686973,-1.54,-15.41,-0.037,0.334,0.371,521,,,2023-2024,False,-0.23787058889865875,,season_pitching_stats.war,pitcher,117.39999389648438,509,488,-21
606160,-1.57,-15.74,-0.0415,0.318,0.359,474,,,2023-2024,False,-0.22010889649391174,,season_pitching_stats.war,pitcher,110.19999694824219,511,480,-31
669432,-1.62,-16.21,-0.0318,0.322,0.354,638,,,2023-2024,False,0.5570654273033142,,season_pitching_stats.war,pitcher,142.10000610351562,512,324,-188
669194,-1.63,-16.34,-0.016,0.331,0.347,1274,,,2023-2024,False,0.7852647304534912,,season_pitching_stats.war,pitcher,300.29998779296875,513,262,-251
666201,-1.64,-16.43,-0.0416,0.317,0.359,494,,,2023-2024,False,-0.9352877736091614,,season_pitching_stats.war,pitcher,111.19999694824219,514,528,14
573186,-1.77,-17.68,-0.0181,0.317,0.335,1220,,,2023-2024,False,0.9154752492904663,,season_pitching_stats.war,pitcher,290.3999938964844,515,234,-281
672282,-1.8,-18.02,-0.0218,0.326,0.348,1032,,,2023-2024,False,0.9506630897521973,,season_pitching_stats.war,pitcher,235.29998779296875,516,226,-290
607536,-1.84,-18.41,-0.0202,0.355,0.375,1138,,,2023-2024,False,0.8688557744026184,,season_pitching_stats.war,pitcher,268.29998779296875,517,244,-273
686730,-1.88,-18.76,-0.0496,0.34,0.39,473,,,2023-2024,False,-0.07645348459482193,,season_pitching_stats.war,pitcher,103.19999694824219,518,451,-67
448179,-1.88,-18.83,-0.035,0.335,0.37,673,,,2023-2024,False,-0.4503549635410309,,season_pitching_stats.war,pitcher,149.3000030517578,518,505,-13
615698,-1.92,-19.25,-0.022,0.337,0.359,1094,,,2023-2024,False,1.055984616279602,,season_pitching_stats.war,pitcher,247.3000030517578,520,199,-321
656232,-1.94,-19.35,-0.0494,0.332,0.382,490,,,2023-2024,False,0.28978022933006287,,season_pitching_stats.war,pitcher,109.19999694824219,521,383,-138
686610,-1.99,-19.95,-0.0393,0.334,0.373,635,,,2023-2024,False,0.23999999463558197,,season_pitching_stats.war,pitcher,141.0,522,392,-130
458681,-2.05,-20.47,-0.0196,0.332,0.351,1304,,,2023-2024,False,-0.4667513370513916,,season_pitching_stats.war,pitcher,303.20001220703125,523,508,-15
622072,-2.05,-20.51,-0.0422,0.323,0.365,608,,,2023-2024,False,0.39763757586479187,,season_pitching_stats.war,pitcher,136.29998779296875,523,359,-164
548389,-2.09,-20.92,-0.0345,0.321,0.355,758,,,2023-2024,False,-0.49678343534469604,,season_pitching_stats.war,pitcher,174.10000610351562,525,512,-13
682610,-2.14,-21.39,-0.0705,0.337,0.407,379,,,2023-2024,False,-1.149999976158142,,season_pitching_stats.war,pitcher,82.19999694824219,526,533,7
571945,-2.14,-21.38,-0.0172,0.325,0.342,1558,,,2023-2024,False,0.8163739442825317,,season_pitching_stats.war,pitcher,372.29998779296875,526,255,-271
630023,-2.39,-23.92,-0.0588,0.319,0.378,509,,,2023-2024,False,-0.31565216183662415,,season_pitching_stats.war,pitcher,115.0,528,494,-34
571578,-2.41,-24.14,-0.0198,0.347,0.366,1523,,,2023-2024,False,-0.23099376261234283,,season_pitching_stats.war,pitcher,354.20001220703125,529,486,-43
666205,-2.47,-24.68,-0.0562,0.333,0.389,549,,,2023-2024,False,-0.6097462177276611,,season_pitching_stats.war,pitcher,126.0999984741211,530,518,-12
527048,-2.56,-25.59,-0.0264,0.328,0.355,1213,,,2023-2024,False,0.6928921937942505,,season_pitching_stats.war,pitcher,281.1000061035156,531,286,-245
663765,-2.56,-25.57,-0.0826,0.324,0.407,387,,,2023-2024,False,-0.7559853792190552,,season_pitching_stats.war,pitcher,82.19999694824219,531,522,-9
660761,-2.6,-25.98,-0.0808,0.328,0.409,402,,,2023-2024,False,-0.7573621869087219,,season_pitching_stats.war,pitcher,85.30000305175781,533,523,-10
621389,-2.77,-27.72,-0.0512,0.356,0.407,677,,,2023-2024,False,-0.19148892164230347,,season_pitching_stats.war,pitcher,149.10000610351562,534,473,-61
592836,-3.03,-30.33,-0.0342,0.323,0.357,1109,,,2023-2024,False,1.2611119747161865,,season_pitching_stats.war,pitcher,255.39999389648438,535,168,-367
666214,-3.07,-30.71,-0.0484,0.321,0.369,794,,,2023-2024,False,-1.1743935346603394,,season_pitching_stats.war,pitcher,172.29998779296875,536,534,-2
471911,-3.31,-33.13,-0.0481,0.338,0.386,861,,,2023-2024,False,-1.3045341968536377,,season_pitching_stats.war,pitcher,193.1999969482422,537,536,-1
623167,-3.45,-34.46,-0.0375,0.342,0.379,1149,,,2023-2024,False,0.538748562335968,,season_pitching_stats.war,pitcher,262.1000061035156,538,331,-207
425794,-3.96,-39.58,-0.1029,0.32,0.423,481,,,2023-2024,False,-1.899999976158142,,season_pitching_stats.war,pitcher,101.0,539,538,-1
