player_id,causal_war,causal_run_value,point_estimate_per_pa,park_adj_woba,raw_woba,pa,ci_low,ci_high,season,sparse,trad_war,pa_total,war_source,position,ip_total,rank_causal,rank_trad,rank_diff
592450,12.61,126.13,0.1327,0.589,0.456,1188,,,2023-2024,False,8.52781386165401,1226.0,season_batting_stats.war,batter,,1,1,0
660271,11.96,119.57,0.1093,0.545,0.435,1367,,,2023-2024,False,7.791728342240769,1406.0,season_batting_stats.war,batter,,2,2,0
665742,11.4,114.02,0.0978,0.519,0.421,1458,,,2023-2024,False,6.707959577772352,1485.0,season_batting_stats.war,batter,,3,7,4
670541,8.69,86.85,0.0941,0.516,0.422,1154,,,2023-2024,False,4.89804725494449,1188.0,season_batting_stats.war,batter,,4,20,16
518692,8.02,80.21,0.0716,0.469,0.397,1400,,,2023-2024,False,5.693756068625102,1435.0,season_batting_stats.war,batter,,5,16,11
605141,7.67,76.71,0.0751,0.476,0.4,1277,,,2023-2024,False,6.783286934649503,1296.0,season_batting_stats.war,batter,,6,5,-1
542303,7.14,71.38,0.069,0.464,0.395,1293,,,2023-2024,False,3.9153952276532866,1303.0,season_batting_stats.war,batter,,7,37,30
660670,6.8,68.02,0.0884,0.501,0.413,962,,,2023-2024,False,6.489979171494378,974.0,season_batting_stats.war,batter,,8,8,0
608369,6.73,67.25,0.0753,0.478,0.403,1117,,,2023-2024,False,6.2723716612384175,1151.0,season_batting_stats.war,batter,,9,10,1
547180,6.38,63.81,0.0651,0.458,0.393,1225,,,2023-2024,False,4.138062450960219,1249.0,season_batting_stats.war,batter,,10,33,23
677951,6.1,60.95,0.0539,0.435,0.381,1413,,,2023-2024,False,7.0332726498583815,1430.0,season_batting_stats.war,batter,,11,4,-7
621566,6.06,60.57,0.0539,0.436,0.382,1406,,,2023-2024,False,5.756615314116845,1430.0,season_batting_stats.war,batter,,12,13,1
665489,5.85,58.5,0.0538,0.431,0.377,1360,,,2023-2024,False,3.911112688180339,1384.0,season_batting_stats.war,batter,,13,39,26
663656,5.0,50.04,0.0597,0.447,0.387,1048,,,2023-2024,False,5.217858008963689,1069.0,season_batting_stats.war,batter,,14,18,4
667670,4.86,48.56,0.0536,0.432,0.379,1132,,,2023-2024,False,3.9074036159013446,1140.0,season_batting_stats.war,batter,,15,40,25
683002,4.77,47.72,0.0441,0.416,0.372,1351,,,2023-2024,False,7.522795364074819,1363.0,season_batting_stats.war,batter,,16,3,-13
650490,4.73,47.29,0.0485,0.424,0.376,1220,,,2023-2024,False,3.3265419915209367,1229.0,season_batting_stats.war,batter,,17,62,45
606466,4.6,46.0,0.0446,0.431,0.387,1289,,,2023-2024,False,5.710952807490418,1312.0,season_batting_stats.war,batter,,18,15,-3
656941,4.56,45.64,0.0388,0.403,0.365,1471,,,2023-2024,False,1.916673382563937,1488.0,season_batting_stats.war,batter,,19,155,136
661388,4.41,44.09,0.0426,0.41,0.368,1294,,,2023-2024,False,4.358879620345627,1312.0,season_batting_stats.war,batter,,20,27,7
646240,4.24,42.41,0.0433,0.414,0.37,1225,,,2023-2024,False,3.7002871177223122,1254.0,season_batting_stats.war,batter,,21,47,26
673548,3.99,39.91,0.043,0.413,0.37,1160,,,2023-2024,False,3.350308242930125,1168.0,season_batting_stats.war,batter,,22,61,39
514888,3.97,39.75,0.0433,0.415,0.371,1147,,,2023-2024,False,3.0617810484640087,1151.0,season_batting_stats.war,batter,,23,74,51
592885,3.81,38.11,0.0507,0.429,0.378,940,,,2023-2024,False,3.108683366386868,957.0,season_batting_stats.war,batter,,24,71,47
663586,3.8,38.04,0.04,0.405,0.365,1189,,,2023-2024,False,4.809900100979578,1201.0,season_batting_stats.war,batter,,25,21,-4
680776,3.68,36.85,0.0422,0.412,0.369,1092,,,2023-2024,False,6.743217412906765,1094.0,season_batting_stats.war,batter,,26,6,-20
665487,3.27,32.73,0.0373,0.397,0.359,1098,,,2023-2024,False,4.13531283476303,1103.0,season_batting_stats.war,batter,,27,34,7
608070,3.14,31.45,0.0288,0.39,0.361,1366,,,2023-2024,False,5.873959212212304,1417.0,season_batting_stats.war,batter,,28,12,-16
607208,3.11,31.05,0.03,0.386,0.356,1295,,,2023-2024,False,3.2096159469147434,1302.0,season_batting_stats.war,batter,,29,66,37
677594,3.09,30.9,0.0295,0.383,0.353,1308,,,2023-2024,False,4.914091962930756,1327.0,season_batting_stats.war,batter,,30,19,-11
624413,3.03,30.29,0.0273,0.381,0.353,1388,,,2023-2024,False,2.8530687424073737,1411.0,season_batting_stats.war,batter,,31,87,56
575929,3.03,30.26,0.0448,0.415,0.37,844,,,2023-2024,False,3.2082883336200245,853.0,season_batting_stats.war,batter,,31,67,36
641355,2.93,29.27,0.033,0.394,0.362,1110,,,2023-2024,False,3.4703822366926405,1125.0,season_batting_stats.war,batter,,33,54,21
624585,2.91,29.06,0.0314,0.388,0.356,1156,,,2023-2024,False,1.2709231174909152,1170.0,season_batting_stats.war,batter,,34,222,188
682998,2.87,28.68,0.026,0.384,0.358,1379,,,2023-2024,False,4.307164273536536,1407.0,season_batting_stats.war,batter,,35,28,-7
596019,2.82,28.21,0.0248,0.385,0.36,1424,,,2023-2024,False,6.481244699016566,1438.0,season_batting_stats.war,batter,,36,9,-27
606192,2.76,27.62,0.0249,0.375,0.35,1385,,,2023-2024,False,3.2495502292216463,1401.0,season_batting_stats.war,batter,,37,63,26
608324,2.63,26.3,0.0234,0.375,0.352,1404,,,2023-2024,False,4.466197825994593,1415.0,season_batting_stats.war,batter,,38,25,-13
670623,2.53,25.33,0.0261,0.379,0.353,1212,,,2023-2024,False,3.427647460484114,1220.0,season_batting_stats.war,batter,,39,55,16
682985,2.51,25.11,0.0309,0.39,0.359,1016,,,2023-2024,False,3.9121630679740127,1031.0,season_batting_stats.war,batter,,40,38,-2
592626,2.48,24.85,0.0363,0.406,0.37,856,,,2023-2024,False,1.7696567290298453,874.0,season_batting_stats.war,batter,,41,167,126
681481,2.35,23.53,0.0386,0.408,0.369,762,,,2023-2024,False,2.0744644451141356,775.0,season_batting_stats.war,batter,,42,140,98
670242,2.22,22.25,0.0529,0.436,0.383,526,,,2023-2024,False,2.1500000953674316,527.0,season_batting_stats.war,batter,,43,138,95
650333,2.21,22.09,0.0212,0.368,0.347,1303,,,2023-2024,False,2.707801322351737,1328.0,season_batting_stats.war,batter,,44,90,46
571970,2.2,22.0,0.0295,0.386,0.356,933,,,2023-2024,False,2.9164985023462435,951.0,season_batting_stats.war,batter,,45,83,38
671213,2.18,21.8,0.0372,0.403,0.366,733,,,2023-2024,False,1.7154178175964767,742.0,season_batting_stats.war,batter,,46,175,129
668227,2.17,21.7,0.0208,0.369,0.348,1303,,,2023-2024,False,2.579190892299623,1310.0,season_batting_stats.war,batter,,47,101,54
502110,2.14,21.42,0.0268,0.381,0.354,999,,,2023-2024,False,1.2335148320634766,1010.0,season_batting_stats.war,batter,,48,226,178
607043,2.11,21.1,0.019,0.365,0.346,1388,,,2023-2024,False,3.0598432320997873,1403.0,season_batting_stats.war,batter,,49,75,26
668715,2.08,20.76,0.0198,0.366,0.347,1310,,,2023-2024,False,2.1847009312285337,1321.0,season_batting_stats.war,batter,,50,133,83
545361,2.07,20.66,0.0537,0.431,0.377,481,,,2023-2024,False,2.424590220216845,488.0,season_batting_stats.war,batter,,51,114,63
673237,2.04,20.38,0.0252,0.379,0.354,1011,,,2023-2024,False,3.136886012109183,1018.0,season_batting_stats.war,batter,,52,69,17
621043,2.03,20.26,0.0266,0.38,0.354,954,,,2023-2024,False,2.200648884326373,971.0,season_batting_stats.war,batter,,53,131,78
592518,2.02,20.16,0.0201,0.363,0.343,1253,,,2023-2024,False,2.8868317562829025,1272.0,season_batting_stats.war,batter,,54,85,31
647304,2.01,20.09,0.022,0.369,0.347,1143,,,2023-2024,False,1.7997182060977925,1171.0,season_batting_stats.war,batter,,55,165,110
668804,2.0,20.0,0.019,0.373,0.354,1319,,,2023-2024,False,3.029789789302929,1332.0,season_batting_stats.war,batter,,56,78,22
457759,1.97,19.73,0.0213,0.368,0.347,1157,,,2023-2024,False,1.7853904868400148,1165.0,season_batting_stats.war,batter,,57,166,109
656305,1.93,19.29,0.0198,0.363,0.343,1220,,,2023-2024,False,5.754757344144062,1236.0,season_batting_stats.war,batter,,58,14,-44
680574,1.89,18.94,0.0589,0.447,0.388,402,,,2023-2024,False,3.569999933242798,403.0,season_batting_stats.war,batter,,59,50,-9
502671,1.86,18.58,0.0175,0.361,0.344,1326,,,2023-2024,False,2.382885860916752,1341.0,season_batting_stats.war,batter,,60,118,58
572233,1.85,18.47,0.0182,0.369,0.35,1268,,,2023-2024,False,3.2171428544180736,1288.0,season_batting_stats.war,batter,,61,65,4
664774,1.85,18.5,0.0257,0.378,0.353,901,,,2023-2024,False,2.4813042923160222,920.0,season_batting_stats.war,batter,,61,108,47
543760,1.85,18.5,0.0151,0.356,0.341,1536,,,2023-2024,False,6.2220475457210505,1553.0,season_batting_stats.war,batter,,61,11,-50
701538,1.78,17.81,0.0362,0.398,0.361,614,,,2023-2024,False,4.460000038146973,620.0,season_batting_stats.war,batter,,64,26,-38
663993,1.72,17.16,0.0159,0.361,0.345,1347,,,2023-2024,False,2.943967724266865,1361.0,season_batting_stats.war,batter,,65,80,15
666134,1.69,16.94,0.0298,0.392,0.362,711,,,2023-2024,False,2.1815256426800635,721.0,season_batting_stats.war,batter,,66,134,68
666969,1.68,16.84,0.0158,0.358,0.342,1330,,,2023-2024,False,2.685706804248051,1337.0,season_batting_stats.war,batter,,67,92,25
807799,1.67,16.69,0.021,0.371,0.35,993,,,2023-2024,False,1.4736509584974022,997.0,season_batting_stats.war,batter,,68,206,138
680757,1.65,16.49,0.016,0.355,0.339,1291,,,2023-2024,False,3.543170027126762,1306.0,season_batting_stats.war,batter,,69,51,-18
669016,1.6,16.0,0.0201,0.369,0.349,993,,,2023-2024,False,3.1798603693961147,1003.0,season_batting_stats.war,batter,,70,68,-2
669394,1.59,15.88,0.0177,0.362,0.344,1123,,,2023-2024,False,1.6221225674050739,1126.0,season_batting_stats.war,batter,,71,186,115
670042,1.59,15.88,0.0232,0.376,0.353,854,,,2023-2024,False,2.9425203935886786,861.0,season_batting_stats.war,batter,,71,81,10
592206,1.52,15.25,0.0137,0.354,0.34,1387,,,2023-2024,False,1.029614026585675,1399.0,season_batting_stats.war,batter,,73,249,176
663457,1.52,15.17,0.0212,0.37,0.349,896,,,2023-2024,False,2.5106608068102783,908.0,season_batting_stats.war,batter,,73,106,33
664023,1.52,15.17,0.0142,0.364,0.35,1338,,,2023-2024,False,3.7252077327637716,1348.0,season_batting_stats.war,batter,,73,46,-27
474832,1.49,14.85,0.0456,0.422,0.376,407,,,2023-2024,False,1.9700000286102295,412.0,season_batting_stats.war,batter,,76,149,73
650402,1.42,14.22,0.0127,0.348,0.336,1395,,,2023-2024,False,2.377069735255723,1406.0,season_batting_stats.war,batter,,77,119,42
545341,1.38,13.78,0.0231,0.379,0.356,747,,,2023-2024,False,1.6513200469017029,750.0,season_batting_stats.war,batter,,78,183,105
668904,1.38,13.76,0.0293,0.387,0.357,587,,,2023-2024,False,1.4460170021501637,590.0,season_batting_stats.war,batter,,78,210,132
680977,1.33,13.29,0.0164,0.361,0.345,1013,,,2023-2024,False,2.4299804522261708,1023.0,season_batting_stats.war,batter,,80,113,33
645302,1.31,13.1,0.0403,0.406,0.366,406,,,2023-2024,False,2.1602374631336354,421.0,season_batting_stats.war,batter,,81,136,55
681807,1.26,12.62,0.0297,0.386,0.356,531,,,2023-2024,False,1.1491791187827267,536.0,season_batting_stats.war,batter,,82,236,154
641933,1.26,12.62,0.0217,0.37,0.348,728,,,2023-2024,False,1.9252102489063827,737.0,season_batting_stats.war,batter,,82,153,71
641487,1.25,12.5,0.0145,0.352,0.338,1075,,,2023-2024,False,4.153939451834168,1089.0,season_batting_stats.war,batter,,84,32,-52
694192,1.25,12.51,0.027,0.38,0.353,579,,,2023-2024,False,3.859999895095825,585.0,season_batting_stats.war,batter,,84,42,-42
457705,1.23,12.32,0.0157,0.358,0.343,979,,,2023-2024,False,1.1345850009667247,988.0,season_batting_stats.war,batter,,86,238,152
673962,1.21,12.13,0.0199,0.365,0.345,764,,,2023-2024,False,2.1503362794434424,773.0,season_batting_stats.war,batter,,87,137,50
666149,1.21,12.13,0.0406,0.406,0.365,373,,,2023-2024,False,2.50698667550087,375.0,season_batting_stats.war,batter,,87,107,20
673357,1.2,11.99,0.015,0.356,0.341,1002,,,2023-2024,False,3.618333488702774,1020.0,season_batting_stats.war,batter,,89,49,-40
670770,1.19,11.94,0.017,0.364,0.347,880,,,2023-2024,False,2.422920786816141,897.0,season_batting_stats.war,batter,,90,115,25
669221,1.18,11.83,0.021,0.368,0.347,705,,,2023-2024,False,2.993749976158142,712.0,season_batting_stats.war,batter,,91,79,-12
663697,1.18,11.75,0.0127,0.351,0.339,1156,,,2023-2024,False,1.4930617131458956,1166.0,season_batting_stats.war,batter,,91,202,111
671739,1.15,11.49,0.0141,0.355,0.341,1021,,,2023-2024,False,3.3775728216449035,1030.0,season_batting_stats.war,batter,,93,60,-33
663538,1.15,11.49,0.0109,0.348,0.337,1321,,,2023-2024,False,4.630413869343995,1329.0,season_batting_stats.war,batter,,93,22,-71
642715,1.13,11.3,0.0106,0.347,0.336,1338,,,2023-2024,False,3.066017891641535,1346.0,season_batting_stats.war,batter,,95,72,-23
677551,1.11,11.06,0.0286,0.394,0.365,483,,,2023-2024,False,5.360000133514404,491.0,season_batting_stats.war,batter,,96,17,-79
668901,1.1,10.96,0.0184,0.364,0.345,744,,,2023-2024,False,1.804590551005114,745.0,season_batting_stats.war,batter,,97,164,67
621439,1.06,10.64,0.0183,0.362,0.344,728,,,2023-2024,False,2.222989080068858,736.0,season_batting_stats.war,batter,,98,125,27
527038,1.02,10.24,0.0186,0.362,0.343,688,,,2023-2024,False,1.5464943022220985,696.0,season_batting_stats.war,batter,,99,193,94
669257,1.0,10.04,0.0109,0.349,0.339,1154,,,2023-2024,False,3.7668255071437104,1175.0,season_batting_stats.war,batter,,100,44,-56
592663,1.0,10.04,0.0124,0.351,0.338,1011,,,2023-2024,False,3.2484818198421674,1021.0,season_batting_stats.war,batter,,100,64,-36
656811,0.98,9.78,0.0142,0.362,0.348,864,,,2023-2024,False,1.527057479441851,870.0,season_batting_stats.war,batter,,102,195,93
623993,0.97,9.74,0.0092,0.355,0.345,1330,,,2023-2024,False,2.8694932984879404,1342.0,season_batting_stats.war,batter,,103,86,-17
657041,0.97,9.74,0.0098,0.345,0.336,1247,,,2023-2024,False,1.9046528124371624,1253.0,season_batting_stats.war,batter,,103,159,56
593428,0.93,9.31,0.0102,0.343,0.332,1142,,,2023-2024,False,2.912669040508039,1154.0,season_batting_stats.war,batter,,105,84,-21
673490,0.92,9.23,0.0108,0.345,0.334,1070,,,2023-2024,False,4.213540145950596,1096.0,season_batting_stats.war,batter,,106,29,-77
663886,0.92,9.22,0.0113,0.35,0.338,1022,,,2023-2024,False,1.4782171030492746,1032.0,season_batting_stats.war,batter,,106,205,99
664761,0.88,8.82,0.0087,0.344,0.336,1275,,,2023-2024,False,1.5757632346539483,1284.0,season_batting_stats.war,batter,,108,189,81
621493,0.87,8.68,0.0102,0.347,0.337,1063,,,2023-2024,False,2.047789190020134,1072.0,season_batting_stats.war,batter,,109,142,33
669364,0.85,8.49,0.0278,0.388,0.36,382,,,2023-2024,False,1.6774741377604683,388.0,season_batting_stats.war,batter,,110,179,69
671056,0.84,8.37,0.0346,0.397,0.362,302,,,2023-2024,False,1.559438926551995,303.0,season_batting_stats.war,batter,,111,192,81
595777,0.82,8.16,0.0085,0.352,0.344,1207,,,2023-2024,False,1.5251108726322797,1217.0,season_batting_stats.war,batter,,112,196,84
677800,0.81,8.11,0.0192,0.369,0.349,528,,,2023-2024,False,3.122579968245016,531.0,season_batting_stats.war,batter,,113,70,-43
680777,0.81,8.06,0.0123,0.352,0.34,817,,,2023-2024,False,2.568942867825996,823.0,season_batting_stats.war,batter,,113,103,-10
608701,0.8,7.98,0.0184,0.367,0.348,543,,,2023-2024,False,0.7085714214123212,546.0,season_batting_stats.war,batter,,115,282,167
596146,0.74,7.35,0.0101,0.351,0.341,907,,,2023-2024,False,1.985492315868841,914.0,season_batting_stats.war,batter,,116,148,32
669003,0.7,6.98,0.0296,0.389,0.359,295,,,2023-2024,False,1.7049999499557824,302.0,season_batting_stats.war,batter,,117,176,59
456781,0.7,6.98,0.0112,0.349,0.338,782,,,2023-2024,False,1.3411068960303871,786.0,season_batting_stats.war,batter,,117,220,103
650859,0.7,6.96,0.0118,0.358,0.346,739,,,2023-2024,False,1.8994125976104126,749.0,season_batting_stats.war,batter,,117,161,44
578428,0.69,6.91,0.0257,0.377,0.351,336,,,2023-2024,False,3.0399999618530273,337.0,season_batting_stats.war,batter,,120,77,-43
671218,0.67,6.73,0.0147,0.356,0.341,572,,,2023-2024,False,2.0101037813305442,578.0,season_batting_stats.war,batter,,121,144,23
687462,0.66,6.56,0.0194,0.367,0.348,423,,,2023-2024,False,1.0482464316896918,422.0,season_batting_stats.war,batter,,122,247,125
682829,0.65,6.53,0.0073,0.35,0.343,1112,,,2023-2024,False,3.510365120768016,1123.0,season_batting_stats.war,batter,,123,53,-70
664040,0.64,6.39,0.0093,0.351,0.342,856,,,2023-2024,False,2.203147426853335,861.0,season_batting_stats.war,batter,,124,129,5
694497,0.63,6.29,0.0259,0.379,0.353,303,,,2023-2024,False,1.12339806788176,309.0,season_batting_stats.war,batter,,125,240,115
645277,0.61,6.07,0.0068,0.349,0.343,1110,,,2023-2024,False,3.646821445971727,1120.0,season_batting_stats.war,batter,,126,48,-78
695578,0.61,6.12,0.0229,0.374,0.351,334,,,2023-2024,False,1.0700000524520874,336.0,season_batting_stats.war,batter,,126,245,119
453568,0.59,5.94,0.0083,0.349,0.341,898,,,2023-2024,False,0.9075657786768779,912.0,season_batting_stats.war,batter,,128,257,129
676801,0.58,5.84,0.0096,0.347,0.338,756,,,2023-2024,False,1.9602638981587654,758.0,season_batting_stats.war,batter,,129,150,21
672515,0.54,5.43,0.0086,0.349,0.34,787,,,2023-2024,False,3.5162921032209074,801.0,season_batting_stats.war,batter,,130,52,-78
571448,0.54,5.45,0.0055,0.337,0.332,1233,,,2023-2024,False,2.4497033402550765,1247.0,season_batting_stats.war,batter,,130,110,-20
676059,0.54,5.38,0.0097,0.346,0.337,691,,,2023-2024,False,1.9040895986419193,692.0,season_batting_stats.war,batter,,130,160,30
666182,0.49,4.87,0.0066,0.336,0.329,929,,,2023-2024,False,2.9402222209506563,945.0,season_batting_stats.war,batter,,133,82,-51
592192,0.48,4.76,0.0062,0.339,0.333,963,,,2023-2024,False,1.3627607657865513,978.0,season_batting_stats.war,batter,,134,219,85
665862,0.48,4.83,0.0057,0.336,0.331,1055,,,2023-2024,False,2.20213424731723,1073.0,season_batting_stats.war,batter,,134,130,-4
542932,0.46,4.61,0.0114,0.346,0.335,506,,,2023-2024,False,1.9166667262713115,516.0,season_batting_stats.war,batter,,136,156,20
519317,0.46,4.6,0.0063,0.336,0.33,920,,,2023-2024,False,0.11276710065256836,936.0,season_batting_stats.war,batter,,136,349,213
573262,0.45,4.49,0.0067,0.338,0.332,843,,,2023-2024,False,2.22814034579093,855.0,season_batting_stats.war,batter,,138,124,-14
643565,0.42,4.18,0.007,0.344,0.337,748,,,2023-2024,False,1.7313049537999017,751.0,season_batting_stats.war,batter,,139,173,34
666139,0.38,3.78,0.0053,0.343,0.338,885,,,2023-2024,False,2.3715565998236516,893.0,season_batting_stats.war,batter,,140,120,-20
641598,0.38,3.81,0.0058,0.336,0.33,826,,,2023-2024,False,1.0216546568581812,834.0,season_batting_stats.war,batter,,140,250,110
663624,0.38,3.83,0.0048,0.337,0.332,987,,,2023-2024,False,2.2143529776704227,997.0,season_batting_stats.war,batter,,140,127,-13
660821,0.37,3.67,0.0049,0.34,0.335,936,,,2023-2024,False,1.2083262780965385,944.0,season_batting_stats.war,batter,,143,229,86
665833,0.36,3.55,0.0071,0.344,0.337,624,,,2023-2024,False,2.4085132484331564,639.0,season_batting_stats.war,batter,,144,117,-27
669720,0.33,3.27,0.0049,0.338,0.333,828,,,2023-2024,False,1.6686038193526302,838.0,season_batting_stats.war,batter,,145,181,36
678009,0.28,2.79,0.0074,0.341,0.333,469,,,2023-2024,False,1.7605719509518754,472.0,season_batting_stats.war,batter,,146,169,23
553993,0.28,2.75,0.0026,0.334,0.331,1325,,,2023-2024,False,2.707046508074164,1334.0,season_batting_stats.war,batter,,146,91,-55
605137,0.24,2.37,0.0025,0.339,0.336,1209,,,2023-2024,False,-0.1982084756674615,1228.0,season_batting_stats.war,batter,,148,378,230
624424,0.23,2.26,0.003,0.333,0.33,946,,,2023-2024,False,1.0643214755118018,958.0,season_batting_stats.war,batter,,149,246,97
656582,0.23,2.26,0.0032,0.333,0.33,884,,,2023-2024,False,0.691261257674243,888.0,season_batting_stats.war,batter,,149,285,136
666397,0.19,1.9,0.0033,0.34,0.336,729,,,2023-2024,False,1.453529360539773,731.0,season_batting_stats.war,batter,,151,208,57
666971,0.19,1.86,0.0019,0.336,0.334,1198,,,2023-2024,False,2.4630618064001264,1215.0,season_batting_stats.war,batter,,151,109,-42
676116,0.17,1.67,0.0035,0.331,0.328,603,,,2023-2024,False,1.6781188659738786,606.0,season_batting_stats.war,batter,,153,178,25
596142,0.17,1.66,0.0037,0.333,0.329,554,,,2023-2024,False,1.1453430102297546,554.0,season_batting_stats.war,batter,,153,237,84
608385,0.17,1.72,0.0029,0.336,0.333,730,,,2023-2024,False,1.2164004952401044,739.0,season_batting_stats.war,batter,,153,228,75
694671,0.16,1.62,0.0037,0.333,0.33,551,,,2023-2024,False,4.190000057220459,557.0,season_batting_stats.war,batter,,156,30,-126
518792,0.15,1.53,0.003,0.338,0.335,641,,,2023-2024,False,1.5841395228408104,645.0,season_batting_stats.war,batter,,157,188,31
663616,0.13,1.32,0.0027,0.338,0.335,604,,,2023-2024,False,0.8500653343896071,612.0,season_batting_stats.war,batter,,158,264,106
691023,0.12,1.25,0.0024,0.33,0.328,637,,,2023-2024,False,-0.3093157025694291,643.0,season_batting_stats.war,batter,,159,395,236
600869,0.12,1.22,0.0015,0.339,0.338,1030,,,2023-2024,False,1.4997978783548738,1039.0,season_batting_stats.war,batter,,159,197,38
679529,0.12,1.19,0.0014,0.329,0.327,1077,,,2023-2024,False,0.7113223011828651,1089.0,season_batting_stats.war,batter,,159,280,121
668709,0.11,1.07,0.0014,0.331,0.329,941,,,2023-2024,False,1.4117778557160543,945.0,season_batting_stats.war,batter,,162,215,53
687263,0.1,1.04,0.0014,0.328,0.327,924,,,2023-2024,False,3.823157837516383,931.0,season_batting_stats.war,batter,,163,43,-120
666165,0.1,0.97,0.0032,0.332,0.329,377,,,2023-2024,False,0.15994764934659628,382.0,season_batting_stats.war,batter,,163,342,179
671732,0.08,0.81,0.0017,0.331,0.329,578,,,2023-2024,False,2.1737758943746828,580.0,season_batting_stats.war,batter,,165,135,-30
676391,0.06,0.61,0.0015,0.328,0.327,500,,,2023-2024,False,3.0592856624769786,504.0,season_batting_stats.war,batter,,166,76,-90
669134,0.06,0.61,0.0016,0.326,0.324,470,,,2023-2024,False,-0.029915424658430556,473.0,season_batting_stats.war,batter,,166,359,193
683737,0.05,0.51,0.001,0.332,0.331,646,,,2023-2024,False,2.429999925196171,648.0,season_batting_stats.war,batter,,168,112,-56
681146,0.05,0.48,0.0016,0.332,0.33,376,,,2023-2024,False,0.5058200985350937,378.0,season_batting_stats.war,batter,,168,310,142
641584,0.04,0.38,0.0006,0.333,0.333,752,,,2023-2024,False,0.5493438439419264,762.0,season_batting_stats.war,batter,,170,304,134
643376,0.04,0.41,0.0008,0.326,0.325,620,,,2023-2024,False,1.1207729670160635,621.0,season_batting_stats.war,batter,,170,241,71
621466,0.04,0.37,0.0012,0.332,0.331,377,,,2023-2024,False,-0.218654336589622,379.0,season_batting_stats.war,batter,,170,380,210
676369,0.03,0.3,0.0009,0.33,0.329,409,,,2023-2024,False,0.2546210189903278,409.0,season_batting_stats.war,batter,,173,332,159
656976,0.01,0.05,0.0002,0.338,0.338,395,,,2023-2024,False,-0.2569017474837507,397.0,season_batting_stats.war,batter,,174,386,212
681351,0.01,0.1,0.0002,0.326,0.326,716,,,2023-2024,False,2.0897088082256663,721.0,season_batting_stats.war,batter,,174,139,-35
609280,0.0,0.0,0.0,0.325,0.325,409,,,2023-2024,False,0.29938874781714675,409.0,season_batting_stats.war,batter,,176,328,152
602104,-0.01,-0.14,-0.0003,0.326,0.327,701,,,2023-2024,False,1.575495761109479,706.0,season_batting_stats.war,batter,,177,190,13
623912,-0.02,-0.16,-0.0003,0.328,0.328,679,,,2023-2024,False,1.2684011438774854,688.0,season_batting_stats.war,batter,,178,223,45
672640,-0.02,-0.2,-0.0006,0.327,0.327,432,,,2023-2024,False,2.809999942779541,434.0,season_batting_stats.war,batter,,178,88,-90
666181,-0.03,-0.33,-0.0006,0.329,0.33,712,,,2023-2024,False,-0.009316641250248567,717.0,season_batting_stats.war,batter,,180,356,176
663698,-0.04,-0.41,-0.0014,0.323,0.325,375,,,2023-2024,False,1.532307738413545,377.0,season_batting_stats.war,batter,,181,194,13
502054,-0.05,-0.47,-0.0006,0.328,0.328,1029,,,2023-2024,False,0.7031953607303116,1039.0,season_batting_stats.war,batter,,182,283,101
657656,-0.06,-0.56,-0.001,0.321,0.322,716,,,2023-2024,False,1.49413311597213,721.0,season_batting_stats.war,batter,,183,201,18
694384,-0.06,-0.65,-0.0011,0.326,0.327,733,,,2023-2024,False,1.0081597062505792,739.0,season_batting_stats.war,batter,,183,252,69
521692,-0.08,-0.77,-0.0008,0.326,0.327,1234,,,2023-2024,False,1.6764439065587264,1257.0,season_batting_stats.war,batter,,185,180,-5
605204,-0.08,-0.79,-0.0014,0.321,0.322,698,,,2023-2024,False,0.6108392460078298,703.0,season_batting_stats.war,batter,,185,292,107
663837,-0.11,-1.09,-0.0012,0.324,0.325,1114,,,2023-2024,False,2.1968141277279476,1130.0,season_batting_stats.war,batter,,187,132,-55
650489,-0.12,-1.21,-0.0014,0.332,0.334,1054,,,2023-2024,False,2.001583483509024,1061.0,season_batting_stats.war,batter,,188,146,-42
681546,-0.12,-1.16,-0.002,0.322,0.324,720,,,2023-2024,False,2.60115231064612,729.0,season_batting_stats.war,batter,,188,99,-89
669743,-0.14,-1.35,-0.0031,0.322,0.325,545,,,2023-2024,False,1.1262137453625167,552.0,season_batting_stats.war,batter,,190,239,49
668939,-0.16,-1.59,-0.0015,0.333,0.335,1331,,,2023-2024,False,3.7536702733514566,1346.0,season_batting_stats.war,batter,,191,45,-146
467793,-0.18,-1.76,-0.0018,0.332,0.334,1211,,,2023-2024,False,2.572225912893267,1222.0,season_batting_stats.war,batter,,192,102,-90
605170,-0.19,-1.9,-0.0047,0.326,0.331,506,,,2023-2024,False,1.0075196776333757,508.0,season_batting_stats.war,batter,,193,253,60
624641,-0.2,-2.02,-0.0044,0.32,0.325,576,,,2023-2024,False,1.3900344986340096,580.0,season_batting_stats.war,batter,,194,216,22
658668,-0.21,-2.09,-0.0045,0.321,0.325,577,,,2023-2024,False,-0.06698796099208924,581.0,season_batting_stats.war,batter,,195,365,170
680700,-0.21,-2.14,-0.0065,0.318,0.324,414,,,2023-2024,False,1.4949760434159822,418.0,season_batting_stats.war,batter,,195,199,4
669261,-0.22,-2.25,-0.0035,0.322,0.326,799,,,2023-2024,False,0.8052650227058683,811.0,season_batting_stats.war,batter,,197,270,73
660766,-0.23,-2.31,-0.0093,0.311,0.32,311,,,2023-2024,False,0.2967515866847555,314.0,season_batting_stats.war,batter,,198,329,131
666023,-0.26,-2.55,-0.0053,0.318,0.323,599,,,2023-2024,False,2.541525776508831,603.0,season_batting_stats.war,batter,,199,105,-94
663728,-0.27,-2.72,-0.0029,0.328,0.33,1180,,,2023-2024,False,4.036298956588197,1197.0,season_batting_stats.war,batter,,200,36,-164
641857,-0.28,-2.82,-0.0028,0.327,0.33,1253,,,2023-2024,False,2.6256132019015976,1272.0,season_batting_stats.war,batter,,201,95,-106
664983,-0.29,-2.94,-0.0047,0.322,0.327,786,,,2023-2024,False,1.1683271237022372,807.0,season_batting_stats.war,batter,,202,235,33
669304,-0.29,-2.9,-0.0063,0.314,0.32,575,,,2023-2024,False,1.1850774963218045,581.0,season_batting_stats.war,batter,,202,234,32
543807,-0.3,-2.99,-0.0029,0.319,0.321,1295,,,2023-2024,False,1.4941903372407417,1303.0,season_batting_stats.war,batter,,204,200,-4
408234,-0.33,-3.34,-0.0114,0.304,0.315,365,,,2023-2024,False,-0.30000001192092896,370.0,season_batting_stats.war,batter,,205,391,186
666135,-0.33,-3.31,-0.0082,0.316,0.324,504,,,2023-2024,False,0.11559054337617919,508.0,season_batting_stats.war,batter,,205,348,143
596129,-0.33,-3.34,-0.0107,0.311,0.322,392,,,2023-2024,False,0.093040202692825,398.0,season_batting_stats.war,batter,,205,352,147
543309,-0.34,-3.44,-0.0079,0.309,0.317,543,,,2023-2024,False,0.6028440337662303,545.0,season_batting_stats.war,batter,,208,293,85
645801,-0.35,-3.49,-0.014,0.302,0.316,312,,,2023-2024,False,0.5368370520421111,313.0,season_batting_stats.war,batter,,209,307,98
660162,-0.36,-3.59,-0.0114,0.313,0.324,393,,,2023-2024,False,0.5885820842500943,402.0,season_batting_stats.war,batter,,210,298,88
686469,-0.37,-3.73,-0.0056,0.321,0.327,831,,,2023-2024,False,0.8952380559362826,840.0,season_batting_stats.war,batter,,211,258,47
621020,-0.37,-3.72,-0.0038,0.318,0.322,1222,,,2023-2024,False,4.576750677063831,1231.0,season_batting_stats.war,batter,,211,23,-188
657136,-0.38,-3.8,-0.0054,0.316,0.321,880,,,2023-2024,False,1.95017980029074,890.0,season_batting_stats.war,batter,,213,151,-62
664238,-0.38,-3.84,-0.008,0.31,0.318,603,,,2023-2024,False,1.6598019151404353,606.0,season_batting_stats.war,batter,,213,182,-31
681624,-0.39,-3.88,-0.0105,0.307,0.317,460,,,2023-2024,False,1.2000000476837158,463.0,season_batting_stats.war,batter,,215,232,17
630105,-0.42,-4.15,-0.0044,0.316,0.32,1185,,,2023-2024,False,1.4240149530092083,1203.0,season_batting_stats.war,batter,,216,213,-3
621550,-0.42,-4.25,-0.0113,0.305,0.317,469,,,2023-2024,False,0.1519747869808133,476.0,season_batting_stats.war,batter,,216,344,128
682928,-0.42,-4.19,-0.0044,0.32,0.324,1201,,,2023-2024,False,3.390592091569775,1216.0,season_batting_stats.war,batter,,216,58,-158
671277,-0.42,-4.15,-0.0052,0.318,0.324,999,,,2023-2024,False,1.4532475734701251,1010.0,season_batting_stats.war,batter,,216,209,-7
687952,-0.43,-4.25,-0.0146,0.295,0.31,363,,,2023-2024,False,-0.053489005991390774,364.0,season_batting_stats.war,batter,,220,363,143
596103,-0.44,-4.42,-0.0131,0.303,0.316,421,,,2023-2024,False,0.24168646080760095,421.0,season_batting_stats.war,batter,,221,334,113
663898,-0.47,-4.74,-0.0082,0.313,0.322,726,,,2023-2024,False,0.7162380209536624,731.0,season_batting_stats.war,batter,,222,279,57
687401,-0.47,-4.69,-0.0107,0.304,0.315,550,,,2023-2024,False,2.6375539031268347,556.0,season_batting_stats.war,batter,,222,94,-128
669357,-0.48,-4.83,-0.0071,0.317,0.324,856,,,2023-2024,False,1.4880137949424859,866.0,season_batting_stats.war,batter,,224,203,-21
676914,-0.49,-4.87,-0.0103,0.304,0.315,593,,,2023-2024,False,0.326824336363053,592.0,season_batting_stats.war,batter,,225,326,101
666158,-0.49,-4.95,-0.0117,0.306,0.318,527,,,2023-2024,False,2.009999990463257,530.0,season_batting_stats.war,batter,,225,145,-80
677649,-0.5,-5.05,-0.0088,0.309,0.318,721,,,2023-2024,False,0.7360359188683784,724.0,season_batting_stats.war,batter,,227,275,48
669701,-0.5,-4.97,-0.0076,0.314,0.322,816,,,2023-2024,False,2.792038822058335,824.0,season_batting_stats.war,batter,,227,89,-138
669707,-0.52,-5.22,-0.01,0.306,0.316,654,,,2023-2024,False,1.60102287539999,655.0,season_batting_stats.war,batter,,229,187,-42
681297,-0.53,-5.32,-0.0103,0.309,0.319,642,,,2023-2024,False,2.414558075195135,645.0,season_batting_stats.war,batter,,230,116,-114
642708,-0.55,-5.48,-0.0078,0.309,0.317,880,,,2023-2024,False,0.249719414638416,891.0,season_batting_stats.war,batter,,231,333,102
656555,-0.56,-5.57,-0.0132,0.301,0.314,526,,,2023-2024,False,-0.10999999940395355,527.0,season_batting_stats.war,batter,,232,370,138
683734,-0.58,-5.76,-0.0059,0.315,0.321,1228,,,2023-2024,False,0.568444062308129,1234.0,season_batting_stats.war,batter,,233,302,69
553869,-0.6,-6.02,-0.0087,0.312,0.321,861,,,2023-2024,False,1.3897266610608285,878.0,season_batting_stats.war,batter,,234,217,-17
621438,-0.61,-6.14,-0.012,0.301,0.313,638,,,2023-2024,False,1.372109389398247,640.0,season_batting_stats.war,batter,,235,218,-17
669242,-0.61,-6.05,-0.0103,0.313,0.323,735,,,2023-2024,False,1.7258822988061344,748.0,season_batting_stats.war,batter,,235,174,-61
605119,-0.61,-6.07,-0.021,0.281,0.302,362,,,2023-2024,False,0.46153005338757414,366.0,season_batting_stats.war,batter,,235,315,80
641943,-0.62,-6.2,-0.0231,0.285,0.308,336,,,2023-2024,False,-0.18894737181172036,342.0,season_batting_stats.war,batter,,238,377,139
571657,-0.62,-6.21,-0.0127,0.302,0.315,610,,,2023-2024,False,0.8808780313507328,615.0,season_batting_stats.war,batter,,238,261,23
672284,-0.63,-6.28,-0.0092,0.309,0.318,850,,,2023-2024,False,1.24795370095038,865.0,season_batting_stats.war,batter,,240,225,-15
665161,-0.64,-6.38,-0.0061,0.316,0.322,1312,,,2023-2024,False,3.8894602544661585,1334.0,season_batting_stats.war,batter,,241,41,-200
665839,-0.64,-6.36,-0.0216,0.287,0.308,369,,,2023-2024,False,-0.32370969028242175,372.0,season_batting_stats.war,batter,,241,397,156
518595,-0.65,-6.51,-0.0128,0.3,0.312,637,,,2023-2024,False,0.6852631828179669,646.0,season_batting_stats.war,batter,,243,287,44
656413,-0.66,-6.61,-0.0172,0.294,0.312,480,,,2023-2024,False,0.6969262226561054,488.0,season_batting_stats.war,batter,,244,284,40
666624,-0.66,-6.6,-0.008,0.311,0.319,1031,,,2023-2024,False,0.2656250216066837,1040.0,season_batting_stats.war,batter,,244,331,87
628451,-0.66,-6.65,-0.0131,0.303,0.316,633,,,2023-2024,False,1.643144685517317,636.0,season_batting_stats.war,batter,,244,185,-59
682626,-0.67,-6.7,-0.0103,0.305,0.316,809,,,2023-2024,False,0.8829310294148958,812.0,season_batting_stats.war,batter,,247,259,12
641432,-0.68,-6.83,-0.0213,0.289,0.31,401,,,2023-2024,False,-0.20260545404318248,403.0,season_batting_stats.war,batter,,248,379,131
543305,-0.68,-6.75,-0.0222,0.29,0.312,380,,,2023-2024,False,0.33199997490102595,385.0,season_batting_stats.war,batter,,248,323,75
572761,-0.69,-6.92,-0.0224,0.285,0.307,386,,,2023-2024,False,-0.23639594052497506,394.0,season_batting_stats.war,batter,,250,384,134
643289,-0.69,-6.87,-0.0091,0.309,0.318,940,,,2023-2024,False,1.9068665005556542,951.0,season_batting_stats.war,batter,,250,157,-93
676475,-0.7,-7.02,-0.0094,0.312,0.322,938,,,2023-2024,False,0.6174840742995025,942.0,season_batting_stats.war,batter,,252,291,39
641658,-0.7,-6.96,-0.0181,0.291,0.309,480,,,2023-2024,False,0.8025409753938191,488.0,season_batting_stats.war,batter,,252,271,19
672386,-0.71,-7.1,-0.011,0.303,0.314,806,,,2023-2024,False,1.9047303638037514,816.0,season_batting_stats.war,batter,,254,158,-96
444482,-0.73,-7.31,-0.0132,0.305,0.318,691,,,2023-2024,False,0.7750499279965007,701.0,season_batting_stats.war,batter,,255,274,19
693304,-0.73,-7.3,-0.0179,0.292,0.31,510,,,2023-2024,False,0.6892038984206116,515.0,season_batting_stats.war,batter,,255,286,31
607732,-0.73,-7.33,-0.0168,0.294,0.311,546,,,2023-2024,False,0.4565473939950223,559.0,season_batting_stats.war,batter,,255,316,61
650391,-0.74,-7.44,-0.0113,0.304,0.315,823,,,2023-2024,False,-0.023902169631033924,838.0,season_batting_stats.war,batter,,258,357,99
663853,-0.74,-7.43,-0.03,0.27,0.3,310,,,2023-2024,False,0.572057886234817,311.0,season_batting_stats.war,batter,,258,300,42
519058,-0.74,-7.37,-0.0242,0.283,0.307,381,,,2023-2024,False,-0.09000000357627869,386.0,season_batting_stats.war,batter,,258,368,110
621035,-0.75,-7.45,-0.0144,0.298,0.313,647,,,2023-2024,False,0.8379172904568098,653.0,season_batting_stats.war,batter,,261,265,4
592669,-0.77,-7.71,-0.0099,0.306,0.316,970,,,2023-2024,False,-0.22421267333084333,978.0,season_batting_stats.war,batter,,262,381,119
592178,-0.78,-7.8,-0.0203,0.286,0.306,479,,,2023-2024,False,-0.9130612508374818,490.0,season_batting_stats.war,batter,,263,418,155
669222,-0.78,-7.76,-0.0164,0.294,0.31,593,,,2023-2024,False,-0.6240200815563226,597.0,season_batting_stats.war,batter,,263,412,149
666152,-0.79,-7.93,-0.0279,0.277,0.305,356,,,2023-2024,False,2.4479999917073987,355.0,season_batting_stats.war,batter,,265,111,-154
669224,-0.79,-7.85,-0.0181,0.293,0.311,542,,,2023-2024,False,2.2153308328364374,544.0,season_batting_stats.war,batter,,265,126,-139
543685,-0.81,-8.09,-0.0243,0.276,0.3,416,,,2023-2024,False,0.358741099116638,421.0,season_batting_stats.war,batter,,267,321,54
462101,-0.82,-8.19,-0.026,0.275,0.301,394,,,2023-2024,False,0.6600000262260437,406.0,season_batting_stats.war,batter,,268,289,21
594807,-0.82,-8.2,-0.0152,0.298,0.313,676,,,2023-2024,False,0.1543338415737906,683.0,season_batting_stats.war,batter,,268,343,75
663757,-0.82,-8.18,-0.0137,0.297,0.311,749,,,2023-2024,False,1.414280066159383,764.0,season_batting_stats.war,batter,,268,214,-54
666176,-0.84,-8.41,-0.0207,0.286,0.306,509,,,2023-2024,False,0.7356140543842873,513.0,season_batting_stats.war,batter,,271,276,5
672761,-0.84,-8.39,-0.0239,0.289,0.313,438,,,2023-2024,False,0.5899999737739563,445.0,season_batting_stats.war,batter,,271,297,26
682641,-0.85,-8.51,-0.0263,0.272,0.299,405,,,2023-2024,False,-0.29371638504975,409.0,season_batting_stats.war,batter,,273,389,116
519203,-0.86,-8.55,-0.0129,0.3,0.313,826,,,2023-2024,False,0.35105515743116683,834.0,season_batting_stats.war,batter,,274,322,48
572138,-0.87,-8.65,-0.0211,0.288,0.309,512,,,2023-2024,False,0.020525290982268664,514.0,season_batting_stats.war,batter,,275,355,80
655316,-0.87,-8.74,-0.0239,0.28,0.303,458,,,2023-2024,False,0.8328384146029252,458.0,season_batting_stats.war,batter,,275,267,-8
621028,-0.88,-8.76,-0.0197,0.292,0.312,555,,,2023-2024,False,1.033687966882337,564.0,season_batting_stats.war,batter,,277,248,-29
690993,-0.89,-8.9,-0.0193,0.291,0.311,576,,,2023-2024,False,1.0199999809265137,580.0,season_batting_stats.war,batter,,278,251,-27
647351,-0.89,-8.93,-0.0292,0.273,0.302,382,,,2023-2024,False,0.592000013589859,385.0,season_batting_stats.war,batter,,278,295,17
643446,-0.9,-9.02,-0.0101,0.308,0.318,1119,,,2023-2024,False,2.054739645699537,1133.0,season_batting_stats.war,batter,,280,141,-139
593160,-0.91,-9.14,-0.0125,0.301,0.313,917,,,2023-2024,False,0.530516678489448,929.0,season_batting_stats.war,batter,,281,308,27
680911,-0.92,-9.24,-0.0342,0.256,0.291,338,,,2023-2024,False,0.22140762507041528,341.0,season_batting_stats.war,batter,,282,338,56
643265,-0.92,-9.2,-0.0203,0.283,0.303,565,,,2023-2024,False,-0.37527051900901925,573.0,season_batting_stats.war,batter,,282,400,118
672695,-0.93,-9.29,-0.0127,0.316,0.328,912,,,2023-2024,False,2.618308665132422,946.0,season_batting_stats.war,batter,,284,97,-187
681082,-0.96,-9.62,-0.0095,0.309,0.319,1265,,,2023-2024,False,3.394760855506448,1275.0,season_batting_stats.war,batter,,285,57,-228
608841,-0.96,-9.58,-0.0124,0.302,0.314,963,,,2023-2024,False,0.22923712539918645,970.0,season_batting_stats.war,batter,,285,336,51
678882,-0.98,-9.84,-0.0187,0.288,0.307,657,,,2023-2024,False,2.622770134569394,657.0,season_batting_stats.war,batter,,287,96,-191
624415,-0.98,-9.84,-0.0217,0.284,0.306,567,,,2023-2024,False,0.40207017283690605,570.0,season_batting_stats.war,batter,,287,317,30
691026,-0.98,-9.78,-0.016,0.295,0.311,765,,,2023-2024,False,4.089935525674228,774.0,season_batting_stats.war,batter,,287,35,-252
669127,-0.99,-9.86,-0.0121,0.3,0.312,1016,,,2023-2024,False,1.892968711676076,1024.0,season_batting_stats.war,batter,,290,162,-128
665923,-0.99,-9.94,-0.0225,0.278,0.301,552,,,2023-2024,False,-0.3068683384470244,562.0,season_batting_stats.war,batter,,290,394,104
543228,-0.99,-9.91,-0.0243,0.277,0.301,509,,,2023-2024,False,1.4841553539905734,515.0,season_batting_stats.war,batter,,290,204,-86
656775,-0.99,-9.89,-0.0129,0.304,0.317,961,,,2023-2024,False,2.561582665526732,973.0,season_batting_stats.war,batter,,290,104,-186
680869,-1.0,-10.05,-0.0149,0.294,0.308,841,,,2023-2024,False,1.7673199586350352,847.0,season_batting_stats.war,batter,,294,168,-126
668472,-1.01,-10.12,-0.0367,0.258,0.295,345,,,2023-2024,False,-1.340000033378601,345.0,season_batting_stats.war,batter,,295,427,132
642086,-1.01,-10.06,-0.0142,0.301,0.315,887,,,2023-2024,False,0.5909070453303058,893.0,season_batting_stats.war,batter,,295,296,1
678662,-1.01,-10.15,-0.0098,0.312,0.322,1289,,,2023-2024,False,3.06358775473733,1310.0,season_batting_stats.war,batter,,295,73,-222
686527,-1.02,-10.22,-0.0347,0.262,0.297,368,,,2023-2024,False,0.03227027147202879,370.0,season_batting_stats.war,batter,,298,353,55
571912,-1.03,-10.26,-0.0366,0.252,0.289,350,,,2023-2024,False,0.3164872310992341,353.0,season_batting_stats.war,batter,,299,327,28
493329,-1.05,-10.46,-0.0317,0.263,0.295,412,,,2023-2024,False,-0.5094510728675596,419.0,season_batting_stats.war,batter,,300,405,105
671221,-1.07,-10.74,-0.0378,0.263,0.301,355,,,2023-2024,False,0.5863764090201912,356.0,season_batting_stats.war,batter,,301,299,-2
696285,-1.07,-10.66,-0.0213,0.284,0.306,626,,,2023-2024,False,2.2942056489696383,642.0,season_batting_stats.war,batter,,301,121,-180
666310,-1.08,-10.77,-0.0212,0.284,0.306,635,,,2023-2024,False,0.9462870827145212,641.0,season_batting_stats.war,batter,,303,255,-48
608336,-1.08,-10.81,-0.023,0.283,0.306,588,,,2023-2024,False,0.38020270569501696,592.0,season_batting_stats.war,batter,,303,319,16
665804,-1.08,-10.75,-0.0263,0.275,0.301,511,,,2023-2024,False,1.4630636211075534,519.0,season_batting_stats.war,batter,,303,207,-96
663611,-1.09,-10.87,-0.0358,0.253,0.289,380,,,2023-2024,False,0.8732989384341485,388.0,season_batting_stats.war,batter,,306,263,-43
624512,-1.12,-11.23,-0.0392,0.251,0.291,358,,,2023-2024,False,-0.10164835222147323,364.0,season_batting_stats.war,batter,,307,369,62
664034,-1.13,-11.26,-0.0118,0.299,0.311,1190,,,2023-2024,False,0.1901666820049286,1200.0,season_batting_stats.war,batter,,308,339,31
543510,-1.14,-11.4,-0.0313,0.267,0.298,455,,,2023-2024,False,0.6013665888418086,461.0,season_batting_stats.war,batter,,309,294,-15
691016,-1.15,-11.53,-0.0412,0.248,0.289,350,,,2023-2024,False,-0.15905982790849146,351.0,season_batting_stats.war,batter,,310,375,65
642136,-1.15,-11.54,-0.0293,0.271,0.3,492,,,2023-2024,False,0.46281947488717085,493.0,season_batting_stats.war,batter,,310,314,4
593871,-1.16,-11.65,-0.0175,0.298,0.316,833,,,2023-2024,False,1.5630071238572387,838.0,season_batting_stats.war,batter,,312,191,-121
676356,-1.16,-11.63,-0.036,0.256,0.292,404,,,2023-2024,False,0.5401474151037249,407.0,season_batting_stats.war,batter,,312,306,-6
682622,-1.17,-11.74,-0.0402,0.246,0.286,365,,,2023-2024,False,-0.9073150486162264,365.0,season_batting_stats.war,batter,,314,417,103
666160,-1.17,-11.73,-0.02,0.291,0.311,735,,,2023-2024,False,0.8812820789141532,741.0,season_batting_stats.war,batter,,314,260,-54
686894,-1.19,-11.87,-0.0339,0.257,0.291,438,,,2023-2024,False,0.8303196125378892,438.0,season_batting_stats.war,batter,,316,268,-48
500743,-1.21,-12.09,-0.0198,0.288,0.308,764,,,2023-2024,False,2.2512740964594955,777.0,season_batting_stats.war,batter,,317,123,-194
595281,-1.21,-12.06,-0.0223,0.283,0.306,677,,,2023-2024,False,2.638464820350773,697.0,season_batting_stats.war,batter,,317,93,-224
608348,-1.24,-12.38,-0.0335,0.258,0.292,462,,,2023-2024,False,0.37331896024788247,464.0,season_batting_stats.war,batter,,319,320,1
642731,-1.24,-12.35,-0.0171,0.289,0.306,903,,,2023-2024,False,1.201152596790364,911.0,season_batting_stats.war,batter,,319,231,-88
543257,-1.25,-12.52,-0.0231,0.291,0.314,679,,,2023-2024,False,-0.024452553939645308,685.0,season_batting_stats.war,batter,,321,358,37
663527,-1.25,-12.46,-0.0403,0.244,0.284,386,,,2023-2024,False,-0.3056041068160442,389.0,season_batting_stats.war,batter,,321,393,72
608671,-1.25,-12.45,-0.0312,0.272,0.303,499,,,2023-2024,False,1.0789286025932856,504.0,season_batting_stats.war,batter,,321,244,-77
516782,-1.25,-12.46,-0.0208,0.284,0.305,749,,,2023-2024,False,0.02902087234641491,766.0,season_batting_stats.war,batter,,321,354,33
500871,-1.26,-12.64,-0.0532,0.227,0.28,297,,,2023-2024,False,-1.0399999618530273,309.0,season_batting_stats.war,batter,,325,420,95
680474,-1.27,-12.7,-0.035,0.254,0.289,454,,,2023-2024,False,0.8100000023841858,459.0,season_batting_stats.war,batter,,326,269,-57
686217,-1.27,-12.73,-0.0209,0.289,0.309,762,,,2023-2024,False,1.872398992560833,767.0,season_batting_stats.war,batter,,326,163,-163
686681,-1.27,-12.73,-0.0191,0.292,0.312,833,,,2023-2024,False,0.7099643956223888,842.0,season_batting_stats.war,batter,,326,281,-45
668800,-1.29,-12.95,-0.0489,0.229,0.278,331,,,2023-2024,False,0.4876646779611439,334.0,season_batting_stats.war,batter,,329,311,-18
641645,-1.31,-13.07,-0.0543,0.222,0.277,301,,,2023-2024,False,0.10491856791879921,307.0,season_batting_stats.war,batter,,330,351,21
518735,-1.32,-13.16,-0.0259,0.285,0.311,636,,,2023-2024,False,-0.11749997735023499,648.0,season_batting_stats.war,batter,,331,371,40
663647,-1.32,-13.19,-0.0181,0.29,0.308,910,,,2023-2024,False,2.595798103351158,921.0,season_batting_stats.war,batter,,331,100,-231
670097,-1.33,-13.32,-0.05,0.23,0.28,333,,,2023-2024,False,0.33032257230051104,341.0,season_batting_stats.war,batter,,333,324,-9
657077,-1.33,-13.28,-0.0131,0.3,0.313,1264,,,2023-2024,False,1.7407584209941718,1279.0,season_batting_stats.war,batter,,333,172,-161
691718,-1.35,-13.49,-0.0404,0.248,0.289,417,,,2023-2024,False,2.211934668252935,429.0,season_batting_stats.war,batter,,335,128,-207
570482,-1.35,-13.5,-0.0246,0.275,0.3,687,,,2023-2024,False,0.6495251760208349,695.0,season_batting_stats.war,batter,,335,290,-45
686823,-1.37,-13.69,-0.0211,0.285,0.306,813,,,2023-2024,False,0.12189024323370398,820.0,season_batting_stats.war,batter,,337,346,9
624431,-1.37,-13.74,-0.0427,0.239,0.282,402,,,2023-2024,False,0.5663390730757092,407.0,season_batting_stats.war,batter,,337,303,-34
696100,-1.41,-14.09,-0.0585,0.216,0.275,301,,,2023-2024,False,-0.7979069587796234,301.0,season_batting_stats.war,batter,,339,413,74
641343,-1.42,-14.16,-0.0284,0.273,0.302,623,,,2023-2024,False,-0.5902564051823739,624.0,season_batting_stats.war,batter,,340,411,71
680779,-1.42,-14.23,-0.0476,0.229,0.276,374,,,2023-2024,False,-1.2052254752708051,377.0,season_batting_stats.war,batter,,340,424,84
669911,-1.44,-14.43,-0.0297,0.281,0.31,608,,,2023-2024,False,1.207901563019049,610.0,season_batting_stats.war,batter,,342,230,-112
592273,-1.45,-14.52,-0.0207,0.285,0.305,875,,,2023-2024,False,0.32696493268688026,883.0,season_batting_stats.war,batter,,343,325,-18
643396,-1.46,-14.57,-0.0214,0.282,0.303,851,,,2023-2024,False,2.0319719736311095,857.0,season_batting_stats.war,batter,,344,143,-201
669477,-1.48,-14.77,-0.0477,0.23,0.278,387,,,2023-2024,False,-0.25035898012992663,390.0,season_batting_stats.war,batter,,345,385,40
518934,-1.48,-14.83,-0.0237,0.278,0.301,782,,,2023-2024,False,0.48612655386140075,790.0,season_batting_stats.war,batter,,345,312,-33
656896,-1.48,-14.78,-0.0306,0.269,0.299,603,,,2023-2024,False,-0.050960269368050114,604.0,season_batting_stats.war,batter,,345,362,17
668731,-1.49,-14.92,-0.0432,0.247,0.29,432,,,2023-2024,False,0.4777220841963905,439.0,season_batting_stats.war,batter,,348,313,-35
596117,-1.5,-14.97,-0.0602,0.208,0.268,311,,,2023-2024,False,0.2258974289855896,312.0,season_batting_stats.war,batter,,349,337,-12
669289,-1.5,-14.99,-0.0293,0.267,0.297,639,,,2023-2024,False,-0.12324573650057939,647.0,season_batting_stats.war,batter,,349,372,23
660707,-1.51,-15.05,-0.0347,0.261,0.296,543,,,2023-2024,False,-0.8533574053042632,554.0,season_batting_stats.war,batter,,351,414,63
607680,-1.51,-15.09,-0.0358,0.257,0.293,526,,,2023-2024,False,0.18045541614407154,527.0,season_batting_stats.war,batter,,351,340,-11
663368,-1.51,-15.06,-0.031,0.272,0.303,607,,,2023-2024,False,1.69518030236979,610.0,season_batting_stats.war,batter,,351,177,-174
671289,-1.52,-15.24,-0.035,0.257,0.291,545,,,2023-2024,False,0.5141197810804778,551.0,season_batting_stats.war,batter,,354,309,-45
606992,-1.53,-15.34,-0.054,0.219,0.273,355,,,2023-2024,False,-0.5860220882115443,362.0,season_batting_stats.war,batter,,355,410,55
542194,-1.57,-15.7,-0.0416,0.243,0.285,472,,,2023-2024,False,0.5717954168364499,479.0,season_batting_stats.war,batter,,356,301,-55
677950,-1.58,-15.8,-0.0357,0.261,0.297,554,,,2023-2024,False,0.8345921753595272,564.0,season_batting_stats.war,batter,,357,266,-91
677587,-1.59,-15.93,-0.0354,0.26,0.296,562,,,2023-2024,False,1.6502998720729687,567.0,season_batting_stats.war,batter,,358,184,-174
693049,-1.62,-16.21,-0.0699,0.193,0.263,290,,,2023-2024,False,-1.2693688040011348,301.0,season_batting_stats.war,batter,,359,426,67
642133,-1.63,-16.33,-0.0268,0.279,0.305,762,,,2023-2024,False,-0.46641191666453613,772.0,season_batting_stats.war,batter,,360,404,44
676609,-1.65,-16.54,-0.0273,0.271,0.298,756,,,2023-2024,False,1.9255963498299276,763.0,season_batting_stats.war,batter,,361,152,-209
516416,-1.66,-16.57,-0.0666,0.192,0.258,311,,,2023-2024,False,-2.0899999141693115,326.0,season_batting_stats.war,batter,,362,429,67
664702,-1.67,-16.67,-0.0413,0.239,0.28,504,,,2023-2024,False,0.9219540301068075,522.0,season_batting_stats.war,batter,,363,256,-107
666163,-1.71,-17.14,-0.0529,0.226,0.279,405,,,2023-2024,False,0.6784275063205996,407.0,season_batting_stats.war,batter,,364,288,-76
666150,-1.71,-17.13,-0.0635,0.203,0.267,337,,,2023-2024,False,-0.0458600531514115,343.0,season_batting_stats.war,batter,,364,361,-3
650559,-1.71,-17.14,-0.0172,0.291,0.308,1247,,,2023-2024,False,-0.9030278896905511,1255.0,season_batting_stats.war,batter,,364,416,52
643393,-1.72,-17.17,-0.0516,0.224,0.275,416,,,2023-2024,False,-1.1852914126880796,429.0,season_batting_stats.war,batter,,367,423,56
672279,-1.72,-17.18,-0.0657,0.196,0.262,327,,,2023-2024,False,0.8005882282467449,340.0,season_batting_stats.war,batter,,367,272,-95
595909,-1.73,-17.3,-0.0398,0.254,0.294,543,,,2023-2024,False,-0.5634057971014492,552.0,season_batting_stats.war,batter,,369,409,40
672356,-1.74,-17.43,-0.043,0.24,0.283,506,,,2023-2024,False,-0.25727272778749466,506.0,season_batting_stats.war,batter,,370,387,17
622534,-1.74,-17.41,-0.0321,0.264,0.296,678,,,2023-2024,False,-0.13500002026557922,686.0,season_batting_stats.war,batter,,370,374,4
669004,-1.76,-17.58,-0.0206,0.289,0.31,1065,,,2023-2024,False,-0.5404659991273231,1073.0,season_batting_stats.war,batter,,372,407,35
664913,-1.77,-17.66,-0.0287,0.27,0.299,770,,,2023-2024,False,-0.13272492568413213,778.0,season_batting_stats.war,batter,,373,373,0
679032,-1.78,-17.78,-0.0396,0.248,0.287,561,,,2023-2024,False,1.2208650059559767,578.0,season_batting_stats.war,batter,,374,227,-147
678225,-1.79,-17.93,-0.0506,0.226,0.277,443,,,2023-2024,False,-0.43745574157322403,452.0,season_batting_stats.war,batter,,375,403,28
605131,-1.8,-17.97,-0.0635,0.2,0.263,354,,,2023-2024,False,-0.3015125939826004,357.0,season_batting_stats.war,batter,,376,392,16
668670,-1.81,-18.1,-0.0314,0.263,0.295,720,,,2023-2024,False,0.8747730398604434,727.0,season_batting_stats.war,batter,,377,262,-115
667452,-1.82,-18.15,-0.0448,0.238,0.283,507,,,2023-2024,False,-0.22525389946531504,512.0,season_batting_stats.war,batter,,378,382,4
670032,-1.83,-18.28,-0.0329,0.265,0.297,695,,,2023-2024,False,0.7236916394601279,707.0,season_batting_stats.war,batter,,379,278,-101
622761,-1.83,-18.32,-0.0416,0.247,0.289,551,,,2023-2024,False,0.796305521660969,563.0,season_batting_stats.war,batter,,379,273,-106
660644,-1.85,-18.54,-0.0653,0.203,0.268,355,,,2023-2024,False,0.4018784583602821,362.0,season_batting_stats.war,batter,,381,318,-63
543063,-1.88,-18.76,-0.0597,0.208,0.268,393,,,2023-2024,False,-1.0419999986886979,400.0,season_batting_stats.war,batter,,382,421,39
624503,-1.88,-18.85,-0.0649,0.2,0.265,363,,,2023-2024,False,-1.2289401746314506,368.0,season_batting_stats.war,batter,,382,425,43
662139,-1.89,-18.95,-0.0218,0.284,0.306,1085,,,2023-2024,False,4.165875831007087,1096.0,season_batting_stats.war,batter,,384,31,-353
649557,-1.89,-18.89,-0.064,0.196,0.26,369,,,2023-2024,False,-0.9904232520275015,378.0,season_batting_stats.war,batter,,384,419,35
686668,-1.9,-18.95,-0.0232,0.284,0.307,1023,,,2023-2024,False,2.601179811836903,1034.0,season_batting_stats.war,batter,,386,98,-288
683146,-1.92,-19.16,-0.043,0.242,0.285,557,,,2023-2024,False,-0.3885357081890106,560.0,season_batting_stats.war,batter,,387,402,15
665926,-1.96,-19.64,-0.0194,0.285,0.305,1268,,,2023-2024,False,4.482226528059706,1289.0,season_batting_stats.war,batter,,388,24,-364
547989,-1.97,-19.75,-0.0329,0.262,0.295,750,,,2023-2024,False,-0.34354331760894596,762.0,season_batting_stats.war,batter,,389,398,9
689172,-1.99,-19.87,-0.0626,0.2,0.262,397,,,2023-2024,False,0.23146401216315277,403.0,season_batting_stats.war,batter,,390,335,-55
545121,-1.99,-19.88,-0.0429,0.249,0.292,579,,,2023-2024,False,0.12181662420263112,589.0,season_batting_stats.war,batter,,390,347,-43
643217,-2.01,-20.08,-0.0223,0.285,0.307,1124,,,2023-2024,False,-0.18259841062891202,1143.0,season_batting_stats.war,batter,,392,376,-16
676694,-2.04,-20.36,-0.0301,0.268,0.298,844,,,2023-2024,False,1.498130842904064,856.0,season_batting_stats.war,batter,,393,198,-195
606115,-2.06,-20.63,-0.0226,0.28,0.302,1142,,,2023-2024,False,1.0883116918208795,1155.0,season_batting_stats.war,batter,,394,243,-151
571745,-2.08,-20.82,-0.04,0.244,0.284,651,,,2023-2024,False,-0.23351227076141381,652.0,season_batting_stats.war,batter,,395,383,-12
607054,-2.09,-20.86,-0.0579,0.214,0.272,450,,,2023-2024,False,-0.5351091435903025,458.0,season_batting_stats.war,batter,,396,406,10
621563,-2.12,-21.2,-0.0759,0.179,0.255,349,,,2023-2024,False,-0.34394366596366316,355.0,season_batting_stats.war,batter,,397,399,2
678246,-2.13,-21.31,-0.0502,0.227,0.277,531,,,2023-2024,False,-0.2886506525073166,541.0,season_batting_stats.war,batter,,398,388,-10
668942,-2.17,-21.72,-0.0334,0.264,0.297,814,,,2023-2024,False,1.444745711350845,826.0,season_batting_stats.war,batter,,399,211,-188
664728,-2.18,-21.78,-0.0367,0.258,0.294,742,,,2023-2024,False,1.9982804249203394,756.0,season_batting_stats.war,batter,,400,147,-253
672820,-2.19,-21.91,-0.0513,0.224,0.276,534,,,2023-2024,False,-0.5597970467541931,542.0,season_batting_stats.war,batter,,401,408,7
642350,-2.21,-22.05,-0.0342,0.259,0.293,806,,,2023-2024,False,1.7499386622130506,815.0,season_batting_stats.war,batter,,402,170,-232
572191,-2.24,-22.36,-0.0406,0.246,0.287,689,,,2023-2024,False,1.4440170974812956,702.0,season_batting_stats.war,batter,,403,212,-191
571771,-2.24,-22.37,-0.0292,0.269,0.298,959,,,2023-2024,False,0.5409316866201643,966.0,season_batting_stats.war,batter,,403,305,-98
683011,-2.25,-22.54,-0.0211,0.281,0.302,1338,,,2023-2024,False,3.383076358141945,1349.0,season_batting_stats.war,batter,,405,59,-346
656716,-2.25,-22.54,-0.0334,0.265,0.299,844,,,2023-2024,False,1.1104695021826336,852.0,season_batting_stats.war,batter,,405,242,-163
666185,-2.26,-22.62,-0.0544,0.228,0.282,520,,,2023-2024,False,-0.37557690705244356,520.0,season_batting_stats.war,batter,,407,401,-6
665750,-2.32,-23.22,-0.0256,0.284,0.309,1135,,,2023-2024,False,1.9234000396728517,1150.0,season_batting_stats.war,batter,,408,154,-254
665828,-2.38,-23.81,-0.0456,0.24,0.286,653,,,2023-2024,False,-0.05962411263831576,665.0,season_batting_stats.war,batter,,409,364,-45
624428,-2.39,-23.88,-0.0401,0.251,0.291,744,,,2023-2024,False,1.1978071572522349,757.0,season_batting_stats.war,batter,,410,233,-177
657557,-2.45,-24.48,-0.0347,0.257,0.292,882,,,2023-2024,False,0.2696144951173778,882.0,season_batting_stats.war,batter,,411,330,-81
605113,-2.57,-25.65,-0.0751,0.179,0.254,427,,,2023-2024,False,-0.31726027188235767,438.0,season_batting_stats.war,batter,,412,396,-16
669397,-2.6,-25.98,-0.0768,0.169,0.246,423,,,2023-2024,False,0.16935484423752753,434.0,season_batting_stats.war,batter,,413,341,-72
592696,-2.62,-26.24,-0.0391,0.255,0.294,838,,,2023-2024,False,0.131615229711963,842.0,season_batting_stats.war,batter,,414,345,-69
664056,-2.68,-26.79,-0.0427,0.242,0.285,785,,,2023-2024,False,0.7293670977218242,790.0,season_batting_stats.war,batter,,415,277,-138
672275,-2.7,-27.01,-0.0424,0.247,0.29,796,,,2023-2024,False,1.3377777768878008,801.0,season_batting_stats.war,batter,,416,221,-195
686676,-2.83,-28.29,-0.0766,0.174,0.251,462,,,2023-2024,False,-0.07956896373873641,464.0,season_batting_stats.war,batter,,417,366,-51
670764,-2.86,-28.57,-0.059,0.217,0.276,605,,,2023-2024,False,1.7416639198384922,607.0,season_batting_stats.war,batter,,418,171,-247
657757,-2.86,-28.58,-0.0428,0.247,0.289,835,,,2023-2024,False,-1.1831952856842582,845.0,season_batting_stats.war,batter,,418,422,4
641680,-3.0,-29.98,-0.0357,0.264,0.3,1051,,,2023-2024,False,2.2909124721812395,1063.0,season_batting_stats.war,batter,,420,122,-298
543877,-3.03,-30.3,-0.0576,0.21,0.268,657,,,2023-2024,False,-0.2994776139063622,670.0,season_batting_stats.war,batter,,421,390,-31
668930,-3.04,-30.37,-0.0356,0.258,0.293,1066,,,2023-2024,False,3.401835922605437,1084.0,season_batting_stats.war,batter,,422,56,-366
660688,-3.17,-31.68,-0.0381,0.259,0.297,1039,,,2023-2024,False,1.0008882499925273,1047.0,season_batting_stats.war,batter,,423,254,-169
663743,-3.18,-31.83,-0.0617,0.202,0.263,645,,,2023-2024,False,-0.031136360132333004,660.0,season_batting_stats.war,batter,,424,360,-64
672580,-3.29,-32.9,-0.0356,0.256,0.292,1156,,,2023-2024,False,1.250721609776782,1164.0,season_batting_stats.war,batter,,425,224,-201
595978,-3.37,-33.73,-0.1184,0.091,0.209,356,,,2023-2024,False,-0.889812352190708,373.0,season_batting_stats.war,batter,,426,415,-11
455117,-3.78,-37.8,-0.0836,0.16,0.243,565,,,2023-2024,False,-0.08749999850988388,588.0,season_batting_stats.war,batter,,427,367,-60
595879,-4.14,-41.36,-0.0627,0.2,0.263,825,,,2023-2024,False,0.11244022026301571,836.0,season_batting_stats.war,batter,,428,350,-78
641313,-4.84,-48.37,-0.0803,0.166,0.246,753,,,2023-2024,False,-1.6345359451630537,765.0,season_batting_stats.war,batter,,429,428,-1
554430,7.96,79.57,0.0585,0.33,0.272,1700,,,2023-2024,False,5.301937580108643,,season_pitching_stats.war,pitcher,426.20001220703125,1,5,4
669373,7.17,71.68,0.0794,0.333,0.253,1129,,,2023-2024,False,5.366733074188232,,season_pitching_stats.war,pitcher,291.1000061035156,2,3,1
669203,6.57,65.66,0.0516,0.331,0.279,1590,,,2023-2024,False,3.6970248222351074,,season_pitching_stats.war,pitcher,399.29998779296875,3,23,20
605483,5.73,57.27,0.0633,0.327,0.264,1131,,,2023-2024,False,4.943379878997803,,season_pitching_stats.war,pitcher,284.0,4,6,2
669302,5.46,54.56,0.0435,0.325,0.282,1566,,,2023-2024,False,2.868840456008911,,season_pitching_stats.war,pitcher,398.3999938964844,5,45,40
543037,5.18,51.83,0.0497,0.328,0.278,1303,,,2023-2024,False,5.327057361602783,,season_pitching_stats.war,pitcher,333.0,6,4,-2
666142,4.83,48.35,0.0511,0.331,0.28,1183,,,2023-2024,False,3.9076616764068604,,season_pitching_stats.war,pitcher,292.1000061035156,7,12,5
663947,4.78,47.79,0.0857,0.322,0.237,697,,,2023-2024,False,3.017476797103882,,season_pitching_stats.war,pitcher,185.10000610351562,8,36,28
519242,4.55,45.47,0.0508,0.335,0.284,1119,,,2023-2024,False,4.53471040725708,,season_pitching_stats.war,pitcher,279.3999938964844,9,8,-1
657277,4.33,43.26,0.0327,0.329,0.296,1655,,,2023-2024,False,4.725554466247559,,season_pitching_stats.war,pitcher,420.20001220703125,10,7,-3
607192,4.29,42.94,0.0522,0.331,0.279,1029,,,2023-2024,False,2.1162161827087402,,season_pitching_stats.war,pitcher,259.0,11,85,74
664285,4.27,42.73,0.0343,0.335,0.301,1559,,,2023-2024,False,3.865776538848877,,season_pitching_stats.war,pitcher,390.20001220703125,12,15,3
682243,4.1,40.97,0.0414,0.328,0.286,1236,,,2023-2024,False,2.4652442932128906,,season_pitching_stats.war,pitcher,311.20001220703125,13,62,49
657006,4.08,40.76,0.0404,0.336,0.295,1260,,,2023-2024,False,2.614116668701172,,season_pitching_stats.war,pitcher,307.29998779296875,14,55,41
543243,4.06,40.6,0.0347,0.331,0.296,1461,,,2023-2024,False,3.7459425926208496,,season_pitching_stats.war,pitcher,359.1000061035156,15,21,6
669923,3.95,39.55,0.0324,0.328,0.296,1528,,,2023-2024,False,2.9182369709014893,,season_pitching_stats.war,pitcher,381.20001220703125,16,43,27
680694,3.82,38.19,0.056,0.333,0.277,853,,,2023-2024,False,4.10086727142334,,season_pitching_stats.war,pitcher,212.20001220703125,17,10,-7
668678,3.62,36.16,0.029,0.333,0.304,1559,,,2023-2024,False,3.7306337356567383,,season_pitching_stats.war,pitcher,391.20001220703125,18,22,4
543135,3.6,35.96,0.0323,0.33,0.297,1393,,,2023-2024,False,2.338841199874878,,season_pitching_stats.war,pitcher,350.3999938964844,19,69,50
656945,3.6,36.02,0.0749,0.321,0.247,601,,,2023-2024,False,3.787337064743042,,season_pitching_stats.war,pitcher,155.10000610351562,19,18,-1
607625,3.52,35.23,0.0299,0.332,0.302,1474,,,2023-2024,False,3.837630271911621,,season_pitching_stats.war,pitcher,362.1000061035156,21,16,-5
641927,3.52,35.2,0.0336,0.33,0.296,1308,,,2023-2024,False,2.996323585510254,,season_pitching_stats.war,pitcher,326.3999938964844,21,38,17
621107,3.46,34.63,0.0304,0.331,0.3,1422,,,2023-2024,False,3.189356565475464,,season_pitching_stats.war,pitcher,351.29998779296875,23,28,5
661403,3.38,33.84,0.0711,0.317,0.246,595,,,2023-2024,False,2.645301342010498,,season_pitching_stats.war,pitcher,154.29998779296875,24,52,28
608331,3.33,33.34,0.0398,0.332,0.292,1046,,,2023-2024,False,3.1738827228546143,,season_pitching_stats.war,pitcher,257.29998779296875,25,30,5
621381,3.26,32.65,0.0667,0.324,0.258,612,,,2023-2024,False,2.363358736038208,,season_pitching_stats.war,pitcher,157.1999969482422,26,67,41
625643,3.23,32.25,0.0498,0.327,0.277,810,,,2023-2024,False,4.089503288269043,,season_pitching_stats.war,pitcher,201.1999969482422,27,11,-16
489446,3.22,32.2,0.0825,0.323,0.24,488,,,2023-2024,False,2.085846185684204,,season_pitching_stats.war,pitcher,122.30000305175781,28,88,60
693433,3.18,31.83,0.0475,0.328,0.281,838,,,2023-2024,False,1.6055402755737305,,season_pitching_stats.war,pitcher,208.29998779296875,29,126,97
694973,3.11,31.15,0.0759,0.332,0.256,513,,,2023-2024,False,5.78000020980835,,season_pitching_stats.war,pitcher,133.0,30,1,-29
640455,3.05,30.54,0.0289,0.329,0.3,1319,,,2023-2024,False,1.9119471311569214,,season_pitching_stats.war,pitcher,317.3999938964844,31,100,69
650633,2.96,29.6,0.0309,0.325,0.294,1196,,,2023-2024,False,3.7819559574127197,,season_pitching_stats.war,pitcher,289.3999938964844,32,19,-13
628452,2.93,29.31,0.0751,0.322,0.247,488,,,2023-2024,False,2.0385994911193848,,season_pitching_stats.war,pitcher,127.0999984741211,33,92,59
641154,2.9,29.0,0.0227,0.33,0.308,1599,,,2023-2024,False,3.0568392276763916,,season_pitching_stats.war,pitcher,391.29998779296875,34,34,0
681857,2.87,28.65,0.0388,0.333,0.295,922,,,2023-2024,False,1.398591160774231,,season_pitching_stats.war,pitcher,224.29998779296875,35,149,114
518876,2.84,28.36,0.0325,0.334,0.301,1092,,,2023-2024,False,3.1790523529052734,,season_pitching_stats.war,pitcher,274.3999938964844,36,29,-7
642547,2.82,28.19,0.0245,0.327,0.303,1436,,,2023-2024,False,2.199936866760254,,season_pitching_stats.war,pitcher,348.3999938964844,37,77,40
623352,2.57,25.74,0.0624,0.322,0.26,516,,,2023-2024,False,1.512894630432129,,season_pitching_stats.war,pitcher,129.1999969482422,38,135,97
675911,2.54,25.35,0.0371,0.333,0.296,855,,,2023-2024,False,2.847227096557617,,season_pitching_stats.war,pitcher,208.10000610351562,39,47,8
622491,2.54,25.44,0.0213,0.329,0.308,1496,,,2023-2024,False,2.5764901638031006,,season_pitching_stats.war,pitcher,372.1000061035156,39,56,17
592094,2.52,25.18,0.0611,0.321,0.26,515,,,2023-2024,False,1.8299171924591064,,season_pitching_stats.war,pitcher,133.10000610351562,41,108,67
656557,2.5,25.02,0.0261,0.332,0.305,1199,,,2023-2024,False,2.4688034057617188,,season_pitching_stats.war,pitcher,284.20001220703125,42,61,19
695243,2.49,24.87,0.0807,0.323,0.242,385,,,2023-2024,False,1.8692864179611206,,season_pitching_stats.war,pitcher,98.0999984741211,43,106,63
643377,2.48,24.76,0.0558,0.322,0.266,555,,,2023-2024,False,1.8049999475479126,,season_pitching_stats.war,pitcher,140.0,44,109,65
656302,2.43,24.33,0.0197,0.331,0.312,1545,,,2023-2024,False,3.152392864227295,,season_pitching_stats.war,pitcher,371.1000061035156,45,32,-13
664854,2.42,24.19,0.0756,0.322,0.246,400,,,2023-2024,False,2.3181328773498535,,season_pitching_stats.war,pitcher,102.30000305175781,46,71,25
670102,2.41,24.05,0.0554,0.326,0.271,543,,,2023-2024,False,1.451184630393982,,season_pitching_stats.war,pitcher,139.29998779296875,47,145,98
650911,2.37,23.74,0.0252,0.335,0.31,1177,,,2023-2024,False,3.194913148880005,,season_pitching_stats.war,pitcher,287.3999938964844,48,27,-21
656546,2.32,23.16,0.0574,0.324,0.266,504,,,2023-2024,False,2.0676960945129395,,season_pitching_stats.war,pitcher,126.29999542236328,49,89,40
607259,2.27,22.66,0.0286,0.325,0.296,991,,,2023-2024,False,2.9628190994262695,,season_pitching_stats.war,pitcher,252.20001220703125,50,40,-10
657746,2.25,22.52,0.0232,0.33,0.307,1215,,,2023-2024,False,1.9719717502593994,,season_pitching_stats.war,pitcher,298.20001220703125,51,95,44
608379,2.25,22.46,0.0222,0.328,0.305,1266,,,2023-2024,False,2.957846164703369,,season_pitching_stats.war,pitcher,309.20001220703125,51,42,-9
671922,2.24,22.42,0.0865,0.323,0.236,324,,,2023-2024,False,2.390000104904175,,season_pitching_stats.war,pitcher,85.0999984741211,53,66,13
656464,2.24,22.42,0.0483,0.327,0.279,580,,,2023-2024,False,1.0757142305374146,,season_pitching_stats.war,pitcher,147.0,53,195,142
684007,2.21,22.06,0.0397,0.333,0.293,694,,,2023-2024,False,3.009999990463257,,season_pitching_stats.war,pitcher,173.10000610351562,55,37,-18
676440,2.2,21.97,0.0202,0.328,0.308,1360,,,2023-2024,False,3.1675143241882324,,season_pitching_stats.war,pitcher,331.1000061035156,56,31,-25
668881,2.19,21.86,0.0252,0.331,0.306,1085,,,2023-2024,False,3.8763184547424316,,season_pitching_stats.war,pitcher,262.1000061035156,57,14,-43
686752,2.17,21.72,0.0389,0.33,0.291,698,,,2023-2024,False,1.9399999380111694,,season_pitching_stats.war,pitcher,172.0,58,99,41
676684,2.14,21.43,0.053,0.325,0.272,505,,,2023-2024,False,1.3276329040527344,,season_pitching_stats.war,pitcher,124.19999694824219,59,161,102
592332,2.11,21.06,0.0174,0.328,0.31,1511,,,2023-2024,False,2.331270217895508,,season_pitching_stats.war,pitcher,370.0,60,70,10
641729,2.02,20.15,0.0484,0.322,0.274,521,,,2023-2024,False,1.354069709777832,,season_pitching_stats.war,pitcher,126.29999542236328,61,159,98
621244,2.01,20.06,0.016,0.329,0.313,1567,,,2023-2024,False,2.475004196166992,,season_pitching_stats.war,pitcher,384.29998779296875,62,60,-2
669854,1.99,19.85,0.0273,0.331,0.304,908,,,2023-2024,False,3.6281185150146484,,season_pitching_stats.war,pitcher,221.10000610351562,63,24,-39
650556,1.99,19.92,0.0389,0.323,0.284,640,,,2023-2024,False,2.1421470642089844,,season_pitching_stats.war,pitcher,159.29998779296875,63,82,19
623465,1.95,19.54,0.0498,0.322,0.273,491,,,2023-2024,False,0.542823851108551,,season_pitching_stats.war,pitcher,124.30000305175781,65,328,263
642207,1.94,19.43,0.0734,0.32,0.246,331,,,2023-2024,False,2.2271533012390137,,season_pitching_stats.war,pitcher,82.19999694824219,66,73,7
676710,1.93,19.28,0.0188,0.328,0.309,1285,,,2023-2024,False,1.9475183486938477,,season_pitching_stats.war,pitcher,312.29998779296875,67,98,31
607200,1.92,19.2,0.0331,0.33,0.297,725,,,2023-2024,False,5.559999942779541,,season_pitching_stats.war,pitcher,177.10000610351562,68,2,-66
547179,1.91,19.12,0.0203,0.333,0.312,1177,,,2023-2024,False,2.0981907844543457,,season_pitching_stats.war,pitcher,287.3999938964844,69,86,17
642585,1.86,18.62,0.1017,0.322,0.22,229,,,2023-2024,False,2.9600000381469727,,season_pitching_stats.war,pitcher,61.0,70,41,-29
606303,1.85,18.54,0.044,0.32,0.276,527,,,2023-2024,False,1.3706347942352295,,season_pitching_stats.war,pitcher,132.3000030517578,71,155,84
687330,1.82,18.16,0.0414,0.325,0.283,548,,,2023-2024,False,1.2160786390304565,,season_pitching_stats.war,pitcher,137.1999969482422,72,173,101
571946,1.82,18.2,0.0586,0.322,0.264,388,,,2023-2024,False,0.6932258605957031,,season_pitching_stats.war,pitcher,99.19999694824219,72,285,213
676130,1.81,18.08,0.0448,0.325,0.281,504,,,2023-2024,False,1.7317073345184326,,season_pitching_stats.war,pitcher,123.0,74,117,43
676979,1.81,18.14,0.0346,0.333,0.298,656,,,2023-2024,False,3.75386905670166,,season_pitching_stats.war,pitcher,158.1999969482422,74,20,-54
662253,1.81,18.14,0.0526,0.318,0.266,431,,,2023-2024,False,1.3927381038665771,,season_pitching_stats.war,pitcher,108.0999984741211,74,150,76
664126,1.8,18.02,0.0624,0.322,0.26,361,,,2023-2024,False,1.1750000715255737,,season_pitching_stats.war,pitcher,90.19999694824219,77,179,102
593958,1.79,17.91,0.0281,0.335,0.307,797,,,2023-2024,False,2.4456875324249268,,season_pitching_stats.war,pitcher,202.1999969482422,78,63,-15
663158,1.77,17.68,0.0597,0.318,0.258,370,,,2023-2024,False,1.4734625816345215,,season_pitching_stats.war,pitcher,95.30000305175781,79,140,61
434378,1.77,17.66,0.0194,0.332,0.313,1138,,,2023-2024,False,2.2766666412353516,,season_pitching_stats.war,pitcher,270.29998779296875,79,72,-7
605400,1.76,17.59,0.0129,0.329,0.317,1700,,,2023-2024,False,3.0900979042053223,,season_pitching_stats.war,pitcher,420.29998779296875,81,33,-48
601713,1.75,17.53,0.0186,0.327,0.308,1178,,,2023-2024,False,1.8794243335723877,,season_pitching_stats.war,pitcher,281.3999938964844,82,105,23
681911,1.74,17.45,0.0441,0.32,0.276,495,,,2023-2024,False,0.9970130324363708,,season_pitching_stats.war,pitcher,123.19999694824219,83,216,133
543056,1.71,17.09,0.0666,0.321,0.254,321,,,2023-2024,False,1.0933820009231567,,season_pitching_stats.war,pitcher,82.19999694824219,84,193,109
502085,1.7,16.95,0.0376,0.323,0.285,563,,,2023-2024,False,1.5723578929901123,,season_pitching_stats.war,pitcher,139.10000610351562,85,129,44
660813,1.69,16.87,0.0696,0.321,0.252,303,,,2023-2024,False,2.197364568710327,,season_pitching_stats.war,pitcher,79.29999542236328,86,78,-8
673540,1.68,16.76,0.0283,0.329,0.3,739,,,2023-2024,False,4.218932628631592,,season_pitching_stats.war,pitcher,176.20001220703125,87,9,-78
661563,1.65,16.5,0.0306,0.327,0.297,673,,,2023-2024,False,2.880000114440918,,season_pitching_stats.war,pitcher,159.1999969482422,88,44,-44
683769,1.64,16.39,0.043,0.319,0.276,476,,,2023-2024,False,1.7672579288482666,,season_pitching_stats.war,pitcher,124.0,89,114,25
500779,1.64,16.44,0.0188,0.333,0.315,1094,,,2023-2024,False,2.206484317779541,,season_pitching_stats.war,pitcher,259.3999938964844,89,76,-13
605540,1.63,16.3,0.0808,0.328,0.247,252,,,2023-2024,False,2.3399999141693115,,season_pitching_stats.war,pitcher,67.0,91,68,-23
641941,1.61,16.11,0.0464,0.324,0.278,434,,,2023-2024,False,1.036865234375,,season_pitching_stats.war,pitcher,109.0999984741211,92,204,112
663542,1.6,16.04,0.0729,0.319,0.246,275,,,2023-2024,False,2.13022780418396,,season_pitching_stats.war,pitcher,70.29999542236328,93,84,-9
579328,1.59,15.94,0.0139,0.332,0.318,1436,,,2023-2024,False,1.7029626369476318,,season_pitching_stats.war,pitcher,344.29998779296875,94,121,27
669358,1.55,15.52,0.0608,0.334,0.273,319,,,2023-2024,False,2.1700000762939453,,season_pitching_stats.war,pitcher,79.0999984741211,95,80,-15
676254,1.53,15.26,0.0336,0.321,0.287,567,,,2023-2024,False,1.9845712184906006,,season_pitching_stats.war,pitcher,141.10000610351562,96,93,-3
656876,1.51,15.07,0.0645,0.326,0.261,292,,,2023-2024,False,1.0151381492614746,,season_pitching_stats.war,pitcher,72.4000015258789,97,209,112
594580,1.51,15.05,0.0461,0.324,0.278,408,,,2023-2024,False,1.411601185798645,,season_pitching_stats.war,pitcher,99.30000305175781,97,147,50
573009,1.47,14.74,0.0436,0.327,0.284,423,,,2023-2024,False,0.34398481249809265,,season_pitching_stats.war,pitcher,105.4000015258789,99,368,269
624133,1.46,14.64,0.0147,0.333,0.319,1247,,,2023-2024,False,2.640683889389038,,season_pitching_stats.war,pitcher,298.20001220703125,100,53,-47
592791,1.45,14.46,0.0136,0.331,0.317,1325,,,2023-2024,False,0.9616948962211609,,season_pitching_stats.war,pitcher,319.20001220703125,101,225,124
600917,1.44,14.37,0.0318,0.323,0.291,564,,,2023-2024,False,0.5553812384605408,,season_pitching_stats.war,pitcher,136.39999389648438,102,325,223
680885,1.44,14.39,0.0363,0.331,0.295,496,,,2023-2024,False,2.680000066757202,,season_pitching_stats.war,pitcher,123.19999694824219,102,51,-51
668338,1.44,14.38,0.0603,0.324,0.263,298,,,2023-2024,False,1.1236447095870972,,season_pitching_stats.war,pitcher,77.0999984741211,102,187,85
518489,1.43,14.29,0.0469,0.323,0.277,381,,,2023-2024,False,0.8638384342193604,,season_pitching_stats.war,pitcher,99.0,105,245,140
571948,1.42,14.21,0.034,0.322,0.288,522,,,2023-2024,False,0.6027147173881531,,season_pitching_stats.war,pitcher,130.39999389648438,106,309,203
808967,1.41,14.12,0.0401,0.327,0.286,440,,,2023-2024,False,1.899999976158142,,season_pitching_stats.war,pitcher,108.19999694824219,107,101,-6
661395,1.39,13.89,0.0359,0.322,0.286,483,,,2023-2024,False,1.1888530254364014,,season_pitching_stats.war,pitcher,121.19999694824219,108,177,69
547973,1.38,13.79,0.0319,0.326,0.294,540,,,2023-2024,False,0.8425137400627136,,season_pitching_stats.war,pitcher,127.30000305175781,109,251,142
656730,1.38,13.79,0.0512,0.323,0.272,337,,,2023-2024,False,0.8754675984382629,,season_pitching_stats.war,pitcher,83.4000015258789,109,241,132
455119,1.35,13.53,0.0461,0.32,0.274,367,,,2023-2024,False,1.7839704751968384,,season_pitching_stats.war,pitcher,95.19999694824219,111,111,0
666974,1.34,13.43,0.0313,0.322,0.29,536,,,2023-2024,False,1.7868393659591675,,season_pitching_stats.war,pitcher,135.10000610351562,112,110,-2
640462,1.34,13.45,0.0317,0.326,0.294,530,,,2023-2024,False,1.0238347053527832,,season_pitching_stats.war,pitcher,128.3000030517578,112,207,95
642232,1.34,13.39,0.0219,0.325,0.303,766,,,2023-2024,False,1.0396039485931396,,season_pitching_stats.war,pitcher,184.29998779296875,112,203,91
453286,1.33,13.31,0.0204,0.33,0.31,816,,,2023-2024,False,2.478693723678589,,season_pitching_stats.war,pitcher,205.20001220703125,115,59,-56
669330,1.33,13.31,0.0304,0.328,0.298,547,,,2023-2024,False,1.4518378973007202,,season_pitching_stats.war,pitcher,137.10000610351562,115,144,29
682120,1.33,13.27,0.0409,0.32,0.279,406,,,2023-2024,False,1.2127668857574463,,season_pitching_stats.war,pitcher,101.19999694824219,115,174,59
657044,1.31,13.06,0.0379,0.327,0.29,431,,,2023-2024,False,0.7059611678123474,,season_pitching_stats.war,pitcher,108.19999694824219,118,281,163
621237,1.31,13.1,0.0353,0.324,0.288,464,,,2023-2024,False,0.7434982657432556,,season_pitching_stats.war,pitcher,111.19999694824219,118,269,151
660271,1.3,13.04,0.0322,0.329,0.296,507,,,2023-2024,False,3.799999952316284,,season_pitching_stats.war,pitcher,132.0,120,17,-103
445276,1.28,12.76,0.0398,0.32,0.281,401,,,2023-2024,False,1.0043902397155762,,season_pitching_stats.war,pitcher,98.4000015258789,121,214,93
669387,1.26,12.63,0.0441,0.325,0.28,358,,,2023-2024,False,0.7583527565002441,,season_pitching_stats.war,pitcher,86.19999694824219,122,267,145
621363,1.22,12.23,0.0387,0.325,0.286,395,,,2023-2024,False,1.2893589735031128,,season_pitching_stats.war,pitcher,98.30000305175781,123,166,43
543859,1.22,12.22,0.023,0.325,0.302,664,,,2023-2024,False,0.05648462474346161,,season_pitching_stats.war,pitcher,159.29998779296875,123,425,302
506433,1.21,12.09,0.0159,0.323,0.307,948,,,2023-2024,False,1.3595588207244873,,season_pitching_stats.war,pitcher,231.20001220703125,125,157,32
667755,1.21,12.12,0.0237,0.331,0.307,639,,,2023-2024,False,1.533548355102539,,season_pitching_stats.war,pitcher,155.0,125,133,8
674003,1.19,11.93,0.0263,0.332,0.305,568,,,2023-2024,False,0.4525986909866333,,season_pitching_stats.war,pitcher,139.3000030517578,127,349,222
592351,1.19,11.86,0.0134,0.33,0.316,1104,,,2023-2024,False,1.1019456386566162,,season_pitching_stats.war,pitcher,265.20001220703125,127,190,63
664208,1.17,11.67,0.0251,0.324,0.299,582,,,2023-2024,False,0.9861364960670471,,season_pitching_stats.war,pitcher,142.10000610351562,129,218,89
596112,1.17,11.74,0.0741,0.323,0.249,198,,,2023-2024,False,1.159999966621399,,season_pitching_stats.war,pitcher,52.099998474121094,129,180,51
605280,1.15,11.54,0.0251,0.319,0.294,575,,,2023-2024,False,1.1450001001358032,,season_pitching_stats.war,pitcher,138.0,131,183,52
657097,1.14,11.36,0.0298,0.326,0.296,477,,,2023-2024,False,0.9408459067344666,,season_pitching_stats.war,pitcher,112.30000305175781,132,228,96
674370,1.13,11.28,0.0287,0.331,0.303,492,,,2023-2024,False,0.790317714214325,,season_pitching_stats.war,pitcher,113.30000305175781,133,259,126
671345,1.12,11.18,0.0269,0.322,0.295,519,,,2023-2024,False,1.4746397733688354,,season_pitching_stats.war,pitcher,129.10000610351562,134,139,5
608032,1.11,11.12,0.0281,0.322,0.294,494,,,2023-2024,False,1.358784556388855,,season_pitching_stats.war,pitcher,119.30000305175781,135,158,23
650644,1.11,11.06,0.0115,0.331,0.319,1199,,,2023-2024,False,1.7457671165466309,,season_pitching_stats.war,pitcher,286.1000061035156,135,116,-19
676395,1.1,11.0,0.0371,0.325,0.288,370,,,2023-2024,False,0.06245614215731621,,season_pitching_stats.war,pitcher,91.19999694824219,137,423,286
663556,1.1,11.05,0.031,0.335,0.304,445,,,2023-2024,False,2.819999933242798,,season_pitching_stats.war,pitcher,115.0,137,49,-88
668964,1.09,10.86,0.0233,0.331,0.308,583,,,2023-2024,False,2.640000104904175,,season_pitching_stats.war,pitcher,143.0,139,54,-85
593576,1.06,10.57,0.0236,0.325,0.301,559,,,2023-2024,False,1.3809250593185425,,season_pitching_stats.war,pitcher,136.1999969482422,140,153,13
605397,1.05,10.51,0.016,0.325,0.309,819,,,2023-2024,False,1.9576573371887207,,season_pitching_stats.war,pitcher,200.1999969482422,141,97,-44
664747,1.04,10.4,0.0249,0.324,0.299,522,,,2023-2024,False,1.267946481704712,,season_pitching_stats.war,pitcher,123.19999694824219,142,167,25
623437,1.03,10.33,0.0464,0.318,0.272,278,,,2023-2024,False,1.5092405080795288,,season_pitching_stats.war,pitcher,71.0999984741211,143,136,-7
663738,1.02,10.19,0.0321,0.339,0.307,397,,,2023-2024,False,0.6677101254463196,,season_pitching_stats.war,pitcher,95.19999694824219,144,296,152
519151,1.01,10.06,0.0237,0.325,0.302,531,,,2023-2024,False,0.26134946942329407,,season_pitching_stats.war,pitcher,128.1999969482422,145,390,245
623149,1.0,10.0,0.0283,0.323,0.294,441,,,2023-2024,False,0.8116819262504578,,season_pitching_stats.war,pitcher,109.39999389648438,146,257,111
676428,0.99,9.88,0.0627,0.324,0.261,197,,,2023-2024,False,1.3300001621246338,,season_pitching_stats.war,pitcher,50.099998474121094,147,160,13
518886,0.99,9.87,0.0231,0.323,0.3,535,,,2023-2024,False,0.6517466902732849,,season_pitching_stats.war,pitcher,127.0999984741211,147,301,154
689225,0.99,9.92,0.0279,0.327,0.299,444,,,2023-2024,False,0.6879482865333557,,season_pitching_stats.war,pitcher,108.19999694824219,147,288,141
622250,0.98,9.82,0.0386,0.323,0.285,318,,,2023-2024,False,-0.5295137166976929,,season_pitching_stats.war,pitcher,80.19999694824219,150,516,366
676962,0.96,9.63,0.0544,0.328,0.274,221,,,2023-2024,False,0.8799999952316284,,season_pitching_stats.war,pitcher,55.099998474121094,151,240,89
623211,0.96,9.57,0.0259,0.325,0.299,462,,,2023-2024,False,0.7079710364341736,,season_pitching_stats.war,pitcher,110.4000015258789,151,279,128
596001,0.96,9.58,0.0193,0.326,0.307,619,,,2023-2024,False,1.217320203781128,,season_pitching_stats.war,pitcher,153.0,151,172,21
592454,0.96,9.6,0.0317,0.32,0.288,379,,,2023-2024,False,0.9229134321212769,,season_pitching_stats.war,pitcher,91.30000305175781,151,232,81
641482,0.95,9.52,0.0122,0.331,0.319,979,,,2023-2024,False,1.8929598331451416,,season_pitching_stats.war,pitcher,239.20001220703125,155,103,-52
645261,0.94,9.45,0.016,0.33,0.314,737,,,2023-2024,False,3.879999876022339,,season_pitching_stats.war,pitcher,184.1999969482422,156,13,-143
595014,0.93,9.27,0.0491,0.321,0.272,236,,,2023-2024,False,1.5499999523162842,,season_pitching_stats.war,pitcher,59.0,157,131,-26
621242,0.92,9.21,0.0455,0.319,0.274,253,,,2023-2024,False,0.4699999988079071,,season_pitching_stats.war,pitcher,62.099998474121094,158,347,189
687792,0.92,9.23,0.0303,0.334,0.304,381,,,2023-2024,False,0.8399999737739563,,season_pitching_stats.war,pitcher,88.19999694824219,158,252,94
663485,0.91,9.06,0.0292,0.324,0.294,388,,,2023-2024,False,1.0296423435211182,,season_pitching_stats.war,pitcher,92.30000305175781,160,206,46
641656,0.91,9.09,0.0279,0.324,0.296,407,,,2023-2024,False,1.1291348934173584,,season_pitching_stats.war,pitcher,97.0999984741211,160,186,26
640451,0.9,8.96,0.0251,0.322,0.297,446,,,2023-2024,False,1.0069564580917358,,season_pitching_stats.war,pitcher,110.4000015258789,162,212,50
621345,0.9,9.0,0.0284,0.319,0.29,396,,,2023-2024,False,0.8746784925460815,,season_pitching_stats.war,pitcher,101.0999984741211,162,242,80
621053,0.89,8.89,0.0545,0.323,0.268,204,,,2023-2024,False,0.6800000667572021,,season_pitching_stats.war,pitcher,51.099998474121094,164,290,126
518585,0.89,8.93,0.02,0.325,0.305,558,,,2023-2024,False,0.3000302314758301,,season_pitching_stats.war,pitcher,132.1999969482422,164,378,214
554340,0.88,8.8,0.0258,0.32,0.294,426,,,2023-2024,False,0.16114044189453125,,season_pitching_stats.war,pitcher,106.0999984741211,166,402,236
668674,0.87,8.73,0.0208,0.322,0.301,525,,,2023-2024,False,0.6728968620300293,,season_pitching_stats.war,pitcher,122.19999694824219,167,293,126
571656,0.86,8.63,0.0182,0.324,0.305,594,,,2023-2024,False,1.3923287391662598,,season_pitching_stats.war,pitcher,146.0,168,151,-17
686580,0.85,8.51,0.0475,0.323,0.275,224,,,2023-2024,False,0.8199999928474426,,season_pitching_stats.war,pitcher,55.099998474121094,169,253,84
489119,0.84,8.45,0.0203,0.331,0.311,519,,,2023-2024,False,2.422950267791748,,season_pitching_stats.war,pitcher,127.0999984741211,170,65,-105
668941,0.84,8.44,0.0274,0.323,0.296,385,,,2023-2024,False,0.7615546584129333,,season_pitching_stats.war,pitcher,95.19999694824219,170,266,96
669211,0.83,8.26,0.0247,0.324,0.299,418,,,2023-2024,False,0.7132355570793152,,season_pitching_stats.war,pitcher,102.30000305175781,172,276,104
670280,0.82,8.25,0.0197,0.322,0.302,523,,,2023-2024,False,0.962389349937439,,season_pitching_stats.war,pitcher,124.30000305175781,173,224,51
669060,0.81,8.1,0.0135,0.327,0.313,750,,,2023-2024,False,1.1379691362380981,,season_pitching_stats.war,pitcher,181.1999969482422,174,184,10
669093,0.81,8.07,0.031,0.321,0.29,325,,,2023-2024,False,1.0417131185531616,,season_pitching_stats.war,pitcher,75.29999542236328,174,202,28
542888,0.81,8.07,0.02,0.326,0.306,504,,,2023-2024,False,0.5848154425621033,,season_pitching_stats.war,pitcher,119.19999694824219,174,314,140
643511,0.81,8.06,0.0172,0.318,0.301,586,,,2023-2024,False,1.5564883947372437,,season_pitching_stats.war,pitcher,144.10000610351562,174,130,-44
656550,0.79,7.86,0.0352,0.326,0.291,279,,,2023-2024,False,1.1299999952316284,,season_pitching_stats.war,pitcher,68.0999984741211,178,185,7
643338,0.79,7.93,0.0378,0.32,0.282,262,,,2023-2024,False,0.5389877557754517,,season_pitching_stats.war,pitcher,65.19999694824219,178,330,152
666129,0.79,7.92,0.0119,0.332,0.32,830,,,2023-2024,False,3.4810240268707275,,season_pitching_stats.war,pitcher,199.1999969482422,178,26,-152
689147,0.78,7.81,0.0312,0.326,0.294,313,,,2023-2024,False,1.4766621589660645,,season_pitching_stats.war,pitcher,74.29999542236328,181,138,-43
664294,0.76,7.59,0.0409,0.322,0.281,232,,,2023-2024,False,0.7300000190734863,,season_pitching_stats.war,pitcher,58.0,182,273,91
571882,0.76,7.58,0.0159,0.325,0.309,594,,,2023-2024,False,1.60103440284729,,season_pitching_stats.war,pitcher,145.0,182,127,-55
668909,0.76,7.56,0.0138,0.332,0.318,685,,,2023-2024,False,0.9702122807502747,,season_pitching_stats.war,pitcher,160.10000610351562,182,222,40
477132,0.75,7.54,0.0142,0.33,0.316,663,,,2023-2024,False,2.9629628658294678,,season_pitching_stats.war,pitcher,162.0,185,39,-146
643410,0.74,7.44,0.0171,0.324,0.307,545,,,2023-2024,False,0.15487420558929443,,season_pitching_stats.war,pitcher,127.19999694824219,186,405,219
666159,0.74,7.39,0.0211,0.333,0.312,438,,,2023-2024,False,0.9236882925033569,,season_pitching_stats.war,pitcher,105.19999694824219,186,231,45
686613,0.74,7.38,0.0065,0.331,0.325,1424,,,2023-2024,False,1.4779785871505737,,season_pitching_stats.war,pitcher,337.3999938964844,186,137,-49
571510,0.73,7.27,0.0176,0.333,0.315,516,,,2023-2024,False,0.1641031801700592,,season_pitching_stats.war,pitcher,122.0999984741211,189,401,212
519326,0.73,7.26,0.0313,0.324,0.293,290,,,2023-2024,False,1.0,,season_pitching_stats.war,pitcher,73.0999984741211,189,215,26
679885,0.72,7.22,0.0254,0.33,0.304,356,,,2023-2024,False,1.6231629848480225,,season_pitching_stats.war,pitcher,82.19999694824219,191,124,-67
670950,0.72,7.18,0.0153,0.323,0.308,588,,,2023-2024,False,-0.22638021409511566,,season_pitching_stats.war,pitcher,137.29998779296875,191,484,293
686826,0.71,7.06,0.0256,0.33,0.304,345,,,2023-2024,False,0.6887848377227783,,season_pitching_stats.war,pitcher,82.30000305175781,193,287,94
624647,0.7,6.97,0.0377,0.32,0.282,231,,,2023-2024,False,0.15614564716815948,,season_pitching_stats.war,pitcher,56.30000305175781,194,403,209
681676,0.69,6.87,0.031,0.327,0.296,277,,,2023-2024,False,0.9100000262260437,,season_pitching_stats.war,pitcher,66.19999694824219,195,236,41
657649,0.69,6.9,0.0328,0.325,0.292,263,,,2023-2024,False,1.4600000381469727,,season_pitching_stats.war,pitcher,62.20000076293945,195,143,-52
608371,0.67,6.69,0.0178,0.326,0.308,469,,,2023-2024,False,1.2424160242080688,,season_pitching_stats.war,pitcher,110.0999984741211,197,171,-26
518397,0.67,6.69,0.0236,0.321,0.297,354,,,2023-2024,False,0.4118308424949646,,season_pitching_stats.war,pitcher,86.30000305175781,197,358,161
658648,0.67,6.69,0.0144,0.325,0.31,581,,,2023-2024,False,0.43367573618888855,,season_pitching_stats.war,pitcher,136.29998779296875,197,354,157
664299,0.67,6.72,0.0098,0.331,0.322,860,,,2023-2024,False,1.062808871269226,,season_pitching_stats.war,pitcher,207.1999969482422,197,197,0
493603,0.66,6.57,0.0165,0.322,0.306,497,,,2023-2024,False,0.5966211557388306,,season_pitching_stats.war,pitcher,117.19999694824219,201,311,110
673513,0.65,6.5,0.0316,0.318,0.287,257,,,2023-2024,False,0.7900000214576721,,season_pitching_stats.war,pitcher,63.20000076293945,202,260,58
445926,0.64,6.44,0.0199,0.325,0.306,405,,,2023-2024,False,0.8538670539855957,,season_pitching_stats.war,pitcher,99.30000305175781,203,248,45
666374,0.64,6.38,0.0262,0.322,0.296,304,,,2023-2024,False,1.2100000381469727,,season_pitching_stats.war,pitcher,70.19999694824219,203,175,-28
666808,0.64,6.38,0.0149,0.321,0.306,536,,,2023-2024,False,0.5217273831367493,,season_pitching_stats.war,pitcher,126.19999694824219,203,334,131
642100,0.64,6.41,0.0257,0.317,0.291,312,,,2023-2024,False,0.23726101219654083,,season_pitching_stats.war,pitcher,77.4000015258789,203,393,190
666619,0.64,6.41,0.0252,0.325,0.3,318,,,2023-2024,False,1.0658470392227173,,season_pitching_stats.war,pitcher,73.19999694824219,203,196,-7
680573,0.63,6.35,0.0135,0.327,0.314,588,,,2023-2024,False,1.9645851850509644,,season_pitching_stats.war,pitcher,137.39999389648438,208,96,-112
656529,0.63,6.26,0.0251,0.323,0.298,312,,,2023-2024,False,0.6375165581703186,,season_pitching_stats.war,pitcher,75.30000305175781,208,304,96
608638,0.63,6.27,0.0251,0.323,0.298,312,,,2023-2024,False,0.8726170063018799,,season_pitching_stats.war,pitcher,79.0999984741211,208,243,35
669276,0.61,6.12,0.0228,0.322,0.299,335,,,2023-2024,False,0.9257175922393799,,season_pitching_stats.war,pitcher,84.30000305175781,211,230,19
669467,0.61,6.12,0.0097,0.329,0.319,788,,,2023-2024,False,1.0321786403656006,,season_pitching_stats.war,pitcher,189.10000610351562,211,205,-6
519293,0.6,6.01,0.0179,0.324,0.306,420,,,2023-2024,False,-0.34543928503990173,,season_pitching_stats.war,pitcher,101.30000305175781,213,496,283
607455,0.59,5.93,0.0272,0.324,0.297,272,,,2023-2024,False,0.5791277289390564,,season_pitching_stats.war,pitcher,64.19999694824219,214,318,104
691587,0.59,5.91,0.0199,0.328,0.308,371,,,2023-2024,False,2.7200000286102295,,season_pitching_stats.war,pitcher,91.0999984741211,214,50,-164
552640,0.58,5.76,0.0214,0.322,0.3,337,,,2023-2024,False,1.2923301458358765,,season_pitching_stats.war,pitcher,82.39999389648438,216,165,-51
641793,0.57,5.72,0.0069,0.33,0.323,1035,,,2023-2024,False,2.135110855102539,,season_pitching_stats.war,pitcher,248.10000610351562,217,83,-134
656412,0.57,5.75,0.0142,0.329,0.315,505,,,2023-2024,False,0.5653173923492432,,season_pitching_stats.war,pitcher,121.29999542236328,217,321,104
605452,0.56,5.55,0.0214,0.329,0.308,324,,,2023-2024,False,0.47999998927116394,,season_pitching_stats.war,pitcher,75.19999694824219,219,346,127
624522,0.56,5.59,0.0284,0.324,0.296,246,,,2023-2024,False,0.32782161235809326,,season_pitching_stats.war,pitcher,58.30000305175781,219,370,151
671096,0.56,5.64,0.0068,0.334,0.328,1039,,,2023-2024,False,3.0527477264404297,,season_pitching_stats.war,pitcher,247.10000610351562,219,35,-184
642701,0.56,5.59,0.0209,0.322,0.301,334,,,2023-2024,False,0.7322113513946533,,season_pitching_stats.war,pitcher,81.39999389648438,219,271,52
605130,0.55,5.49,0.0128,0.324,0.311,534,,,2023-2024,False,0.03073170967400074,,season_pitching_stats.war,pitcher,123.0,223,429,206
608718,0.55,5.47,0.0123,0.324,0.311,557,,,2023-2024,False,1.0149815082550049,,season_pitching_stats.war,pitcher,134.29998779296875,223,210,-13
680730,0.53,5.3,0.0103,0.334,0.323,642,,,2023-2024,False,0.8600000143051147,,season_pitching_stats.war,pitcher,151.0,225,246,21
543294,0.51,5.14,0.0056,0.331,0.325,1144,,,2023-2024,False,-0.23255237936973572,,season_pitching_stats.war,pitcher,267.20001220703125,226,487,261
665152,0.51,5.12,0.0049,0.331,0.326,1296,,,2023-2024,False,1.1118134260177612,,season_pitching_stats.war,pitcher,303.29998779296875,226,189,-37
667463,0.49,4.9,0.0153,0.325,0.309,401,,,2023-2024,False,0.73089599609375,,season_pitching_stats.war,pitcher,97.0999984741211,228,272,44
656756,0.49,4.91,0.0043,0.339,0.335,1427,,,2023-2024,False,2.0951218605041504,,season_pitching_stats.war,pitcher,336.20001220703125,228,87,-141
656605,0.49,4.95,0.0039,0.332,0.328,1573,,,2023-2024,False,2.4916341304779053,,season_pitching_stats.war,pitcher,372.1000061035156,228,58,-170
663460,0.49,4.87,0.0297,0.324,0.294,205,,,2023-2024,False,0.6252940893173218,,season_pitching_stats.war,pitcher,51.0,228,307,79
694738,0.48,4.78,0.0275,0.324,0.297,217,,,2023-2024,False,0.6399999856948853,,season_pitching_stats.war,pitcher,50.099998474121094,232,303,71
660896,0.48,4.82,0.0196,0.325,0.305,308,,,2023-2024,False,1.0057047605514526,,season_pitching_stats.war,pitcher,75.19999694824219,232,213,-19
543339,0.46,4.62,0.0197,0.323,0.303,294,,,2023-2024,False,0.5616666674613953,,season_pitching_stats.war,pitcher,72.0,234,323,89
670059,0.45,4.55,0.0125,0.322,0.31,456,,,2023-2024,False,0.7009150385856628,,season_pitching_stats.war,pitcher,107.0999984741211,235,282,47
678606,0.45,4.52,0.0211,0.323,0.301,268,,,2023-2024,False,0.23636363446712494,,season_pitching_stats.war,pitcher,66.0,235,394,159
605463,0.44,4.36,0.0148,0.327,0.312,367,,,2023-2024,False,1.3674005270004272,,season_pitching_stats.war,pitcher,85.39999389648438,237,156,-81
548384,0.43,4.31,0.0213,0.319,0.298,253,,,2023-2024,False,1.1842156648635864,,season_pitching_stats.war,pitcher,61.20000076293945,238,178,-60
641329,0.43,4.32,0.0198,0.326,0.306,272,,,2023-2024,False,0.26709675788879395,,season_pitching_stats.war,pitcher,68.19999694824219,238,389,151
677053,0.43,4.34,0.0122,0.322,0.31,445,,,2023-2024,False,1.2517876625061035,,season_pitching_stats.war,pitcher,107.4000015258789,238,169,-69
669062,0.42,4.24,0.0187,0.32,0.301,284,,,2023-2024,False,0.41999998688697815,,season_pitching_stats.war,pitcher,67.0999984741211,241,357,116
608717,0.42,4.21,0.0087,0.325,0.316,608,,,2023-2024,False,-0.005370766390115023,,season_pitching_stats.war,pitcher,144.29998779296875,241,439,198
592773,0.41,4.05,0.0102,0.322,0.312,498,,,2023-2024,False,-0.13179881870746613,,season_pitching_stats.war,pitcher,117.30000305175781,243,460,217
669212,0.41,4.06,0.0108,0.322,0.312,471,,,2023-2024,False,0.37399646639823914,,season_pitching_stats.war,pitcher,113.0999984741211,243,363,120
676680,0.41,4.1,0.0185,0.315,0.296,277,,,2023-2024,False,0.9902756214141846,,season_pitching_stats.war,pitcher,65.29999542236328,243,217,-26
684320,0.4,4.05,0.0138,0.329,0.316,367,,,2023-2024,False,0.03999999910593033,,season_pitching_stats.war,pitcher,86.19999694824219,246,427,181
664076,0.39,3.91,0.0157,0.324,0.308,312,,,2023-2024,False,0.7383333444595337,,season_pitching_stats.war,pitcher,72.0,247,270,23
689017,0.39,3.91,0.0154,0.331,0.316,318,,,2023-2024,False,1.0199999809265137,,season_pitching_stats.war,pitcher,76.0,247,208,-39
642048,0.38,3.81,0.0131,0.323,0.31,363,,,2023-2024,False,0.5126463174819946,,season_pitching_stats.war,pitcher,85.4000015258789,249,336,87
670167,0.38,3.79,0.0109,0.325,0.314,436,,,2023-2024,False,0.5824283957481384,,season_pitching_stats.war,pitcher,101.30000305175781,249,315,66
621366,0.37,3.74,0.0235,0.319,0.295,199,,,2023-2024,False,1.0075929164886475,,season_pitching_stats.war,pitcher,51.099998474121094,251,211,-40
665625,0.37,3.67,0.0096,0.325,0.315,479,,,2023-2024,False,0.7092024683952332,,season_pitching_stats.war,pitcher,114.0999984741211,251,278,27
663992,0.37,3.65,0.019,0.323,0.304,241,,,2023-2024,False,0.1557692438364029,,season_pitching_stats.war,pitcher,57.19999694824219,251,404,153
593334,0.37,3.67,0.0084,0.33,0.321,543,,,2023-2024,False,0.5012149214744568,,season_pitching_stats.war,pitcher,128.39999389648438,251,340,89
608723,0.36,3.62,0.0112,0.322,0.311,404,,,2023-2024,False,-0.2569957971572876,,season_pitching_stats.war,pitcher,95.19999694824219,255,490,235
607481,0.35,3.54,0.0087,0.326,0.317,507,,,2023-2024,False,-0.2156675159931183,,season_pitching_stats.war,pitcher,116.0999984741211,256,477,221
642397,0.34,3.41,0.0085,0.321,0.313,503,,,2023-2024,False,0.14435940980911255,,season_pitching_stats.war,pitcher,116.30000305175781,257,407,150
544150,0.34,3.37,0.0075,0.33,0.323,560,,,2023-2024,False,2.440000057220459,,season_pitching_stats.war,pitcher,133.1999969482422,257,64,-193
683003,0.34,3.39,0.0084,0.331,0.322,502,,,2023-2024,False,1.6399999856948853,,season_pitching_stats.war,pitcher,121.19999694824219,257,123,-134
571670,0.33,3.27,0.0079,0.325,0.317,516,,,2023-2024,False,0.43858522176742554,,season_pitching_stats.war,pitcher,124.39999389648438,260,353,93
678495,0.32,3.22,0.0183,0.327,0.309,220,,,2023-2024,False,-0.1899999976158142,,season_pitching_stats.war,pitcher,52.099998474121094,261,470,209
641871,0.32,3.23,0.0192,0.324,0.304,210,,,2023-2024,False,0.9300000071525574,,season_pitching_stats.war,pitcher,50.20000076293945,261,229,-32
663941,0.31,3.14,0.0094,0.322,0.313,418,,,2023-2024,False,0.9812871217727661,,season_pitching_stats.war,pitcher,101.0,263,219,-44
666200,0.31,3.15,0.0039,0.33,0.326,1008,,,2023-2024,False,3.6233410835266113,,season_pitching_stats.war,pitcher,248.39999389648438,263,25,-238
664139,0.31,3.14,0.0123,0.323,0.311,320,,,2023-2024,False,1.8997410535812378,,season_pitching_stats.war,pitcher,77.19999694824219,263,102,-161
543351,0.31,3.07,0.0169,0.319,0.302,227,,,2023-2024,False,0.12396018207073212,,season_pitching_stats.war,pitcher,55.30000305175781,263,412,149
680570,0.3,3.01,0.0037,0.332,0.328,1021,,,2023-2024,False,1.2494736909866333,,season_pitching_stats.war,pitcher,239.39999389648438,267,170,-97
686218,0.3,2.95,0.0139,0.331,0.317,266,,,2023-2024,False,0.27000001072883606,,season_pitching_stats.war,pitcher,64.0,267,388,121
605447,0.27,2.74,0.0112,0.319,0.308,304,,,2023-2024,False,1.7315963506698608,,season_pitching_stats.war,pitcher,73.29999542236328,269,118,-151
666745,0.26,2.61,0.0059,0.327,0.321,551,,,2023-2024,False,0.5212002992630005,,season_pitching_stats.war,pitcher,133.3000030517578,270,335,65
672578,0.26,2.55,0.0075,0.328,0.32,424,,,2023-2024,False,-0.06800000369548798,,season_pitching_stats.war,pitcher,100.0,270,450,180
657240,0.25,2.49,0.0083,0.322,0.314,373,,,2023-2024,False,0.6727586388587952,,season_pitching_stats.war,pitcher,87.0,272,294,22
640470,0.25,2.53,0.0097,0.32,0.311,325,,,2023-2024,False,1.100345253944397,,season_pitching_stats.war,pitcher,81.0999984741211,272,191,-81
622075,0.24,2.38,0.0111,0.323,0.312,267,,,2023-2024,False,-0.37569618225097656,,season_pitching_stats.war,pitcher,63.20000076293945,274,498,224
664062,0.24,2.4,0.0069,0.33,0.323,432,,,2023-2024,False,-0.2199999988079071,,season_pitching_stats.war,pitcher,103.0,274,479,205
669622,0.24,2.36,0.0131,0.324,0.311,226,,,2023-2024,False,0.6700000166893005,,season_pitching_stats.war,pitcher,53.0,274,295,21
663423,0.23,2.32,0.007,0.322,0.315,414,,,2023-2024,False,0.3461627960205078,,season_pitching_stats.war,pitcher,103.19999694824219,277,367,90
518617,0.21,2.09,0.0068,0.324,0.317,384,,,2023-2024,False,-0.1395067274570465,,season_pitching_stats.war,pitcher,89.19999694824219,278,462,184
682847,0.2,2.05,0.0027,0.331,0.328,950,,,2023-2024,False,2.040009021759033,,season_pitching_stats.war,pitcher,221.39999389648438,279,90,-189
519043,0.2,2.02,0.0061,0.322,0.316,416,,,2023-2024,False,0.7218046188354492,,season_pitching_stats.war,pitcher,100.30000305175781,279,274,-5
665871,0.19,1.91,0.0022,0.33,0.327,1080,,,2023-2024,False,1.8346621990203857,,season_pitching_stats.war,pitcher,256.1000061035156,281,107,-174
701581,0.19,1.91,0.0086,0.334,0.326,277,,,2023-2024,False,0.46000000834465027,,season_pitching_stats.war,pitcher,64.0999984741211,281,348,67
573124,0.19,1.88,0.0051,0.317,0.312,460,,,2023-2024,False,0.78230220079422,,season_pitching_stats.war,pitcher,111.19999694824219,281,263,-18
656638,0.18,1.79,0.006,0.323,0.317,375,,,2023-2024,False,0.6776721477508545,,season_pitching_stats.war,pitcher,84.19999694824219,284,291,7
663978,0.17,1.74,0.0052,0.334,0.329,418,,,2023-2024,False,0.4474247097969055,,season_pitching_stats.war,pitcher,96.29999542236328,285,351,66
664776,0.16,1.6,0.0089,0.321,0.312,224,,,2023-2024,False,0.587735116481781,,season_pitching_stats.war,pitcher,52.099998474121094,286,313,27
669674,0.14,1.4,0.0045,0.32,0.315,384,,,2023-2024,False,0.2798026204109192,,season_pitching_stats.war,pitcher,91.19999694824219,287,386,99
657024,0.14,1.42,0.0041,0.319,0.315,433,,,2023-2024,False,0.8523562550544739,,season_pitching_stats.war,pitcher,106.0999984741211,287,249,-38
612434,0.13,1.26,0.0044,0.328,0.323,356,,,2023-2024,False,0.33453238010406494,,season_pitching_stats.war,pitcher,83.39999389648438,289,369,80
523260,0.13,1.3,0.0051,0.326,0.321,316,,,2023-2024,False,-0.20027397572994232,,season_pitching_stats.war,pitcher,73.0,289,474,185
663623,0.12,1.17,0.0011,0.332,0.331,1293,,,2023-2024,False,1.5370278358459473,,season_pitching_stats.war,pitcher,308.20001220703125,291,132,-159
683232,0.12,1.22,0.0044,0.325,0.321,349,,,2023-2024,False,-0.20855876803398132,,season_pitching_stats.war,pitcher,79.0999984741211,291,475,184
806185,0.11,1.1,0.0044,0.327,0.322,313,,,2023-2024,False,0.30000001192092896,,season_pitching_stats.war,pitcher,72.0,293,379,86
605135,0.11,1.08,0.0009,0.329,0.328,1572,,,2023-2024,False,1.435444712638855,,season_pitching_stats.war,pitcher,371.0,293,146,-147
593974,0.09,0.92,0.003,0.318,0.315,389,,,2023-2024,False,0.9725751280784607,,season_pitching_stats.war,pitcher,93.19999694824219,295,221,-74
677161,0.09,0.89,0.004,0.324,0.32,277,,,2023-2024,False,0.390980064868927,,season_pitching_stats.war,pitcher,65.30000305175781,295,361,66
605513,0.09,0.92,0.0032,0.329,0.326,365,,,2023-2024,False,0.6123737096786499,,season_pitching_stats.war,pitcher,85.0999984741211,295,308,13
671212,0.08,0.78,0.0034,0.327,0.324,285,,,2023-2024,False,-0.216202512383461,,season_pitching_stats.war,pitcher,63.20000076293945,298,478,180
656578,0.08,0.84,0.0041,0.327,0.323,257,,,2023-2024,False,0.49000000953674316,,season_pitching_stats.war,pitcher,61.099998474121094,298,343,45
680704,0.07,0.66,0.0017,0.323,0.321,472,,,2023-2024,False,0.18597272038459778,,season_pitching_stats.war,pitcher,117.19999694824219,300,399,99
669456,0.06,0.62,0.0014,0.326,0.324,554,,,2023-2024,False,1.7514286041259766,,season_pitching_stats.war,pitcher,140.0,301,115,-186
664192,0.06,0.62,0.0032,0.328,0.325,239,,,2023-2024,False,0.8588099479675293,,season_pitching_stats.war,pitcher,56.30000305175781,301,247,-54
519008,0.06,0.64,0.0034,0.319,0.316,239,,,2023-2024,False,0.5659930109977722,,season_pitching_stats.war,pitcher,57.400001525878906,301,320,19
643493,0.04,0.37,0.0021,0.322,0.32,219,,,2023-2024,False,1.3862643241882324,,season_pitching_stats.war,pitcher,52.19999694824219,304,152,-152
621051,0.04,0.43,0.0015,0.32,0.318,367,,,2023-2024,False,0.02249997854232788,,season_pitching_stats.war,pitcher,87.19999694824219,304,431,127
640448,0.03,0.27,0.0006,0.324,0.323,543,,,2023-2024,False,0.9777702689170837,,season_pitching_stats.war,pitcher,132.3000030517578,306,220,-86
608334,0.03,0.31,0.001,0.331,0.33,411,,,2023-2024,False,0.7153014540672302,,season_pitching_stats.war,pitcher,96.19999694824219,306,275,-31
608665,0.03,0.32,0.0015,0.323,0.322,272,,,2023-2024,False,1.409999966621399,,season_pitching_stats.war,pitcher,66.0999984741211,306,148,-158
663773,0.02,0.19,0.0005,0.324,0.324,522,,,2023-2024,False,0.8496673703193665,,season_pitching_stats.war,pitcher,126.29999542236328,309,250,-59
665795,0.02,0.16,0.0002,0.33,0.33,848,,,2023-2024,False,1.1588889360427856,,season_pitching_stats.war,pitcher,195.29998779296875,309,181,-128
621383,0.02,0.23,0.0005,0.327,0.327,565,,,2023-2024,False,0.39293062686920166,,season_pitching_stats.war,pitcher,134.10000610351562,309,360,51
682227,0.02,0.16,0.0004,0.337,0.336,547,,,2023-2024,False,1.4726543426513672,,season_pitching_stats.war,pitcher,131.10000610351562,309,141,-168
671737,0.02,0.22,0.0003,0.332,0.332,1033,,,2023-2024,False,0.8180429935455322,,season_pitching_stats.war,pitcher,242.1999969482422,309,254,-55
672335,0.02,0.16,0.0004,0.324,0.323,484,,,2023-2024,False,-0.19110091030597687,,season_pitching_stats.war,pitcher,109.0,309,472,163
663436,0.01,0.09,0.0005,0.335,0.335,220,,,2023-2024,False,0.8999999761581421,,season_pitching_stats.war,pitcher,50.0,315,238,-77
605242,0.01,0.11,0.0006,0.325,0.324,233,,,2023-2024,False,0.009999999776482582,,season_pitching_stats.war,pitcher,57.0,315,435,120
669711,0.0,0.04,0.0002,0.324,0.324,344,,,2023-2024,False,0.4281708896160126,,season_pitching_stats.war,pitcher,83.0999984741211,317,356,39
676760,-0.0,-0.03,-0.0001,0.328,0.328,294,,,2023-2024,False,0.3043162524700165,,season_pitching_stats.war,pitcher,70.19999694824219,317,377,60
623433,-0.01,-0.07,-0.0003,0.322,0.322,292,,,2023-2024,False,0.4397296905517578,,season_pitching_stats.war,pitcher,70.30000305175781,319,352,33
598286,-0.02,-0.21,-0.0011,0.318,0.319,233,,,2023-2024,False,0.5821012854576111,,season_pitching_stats.war,pitcher,53.30000305175781,320,317,-3
656427,-0.02,-0.2,-0.0002,0.332,0.332,1384,,,2023-2024,False,2.1946651935577393,,season_pitching_stats.war,pitcher,330.1000061035156,320,79,-241
542881,-0.03,-0.35,-0.0003,0.331,0.332,1386,,,2023-2024,False,1.717469573020935,,season_pitching_stats.war,pitcher,320.1000061035156,322,119,-203
681217,-0.04,-0.37,-0.0018,0.331,0.333,258,,,2023-2024,False,0.6855574250221252,,season_pitching_stats.war,pitcher,60.099998474121094,323,289,-34
622554,-0.04,-0.38,-0.0009,0.325,0.325,510,,,2023-2024,False,0.304357647895813,,season_pitching_stats.war,pitcher,115.19999694824219,323,376,53
676272,-0.04,-0.44,-0.0007,0.332,0.333,770,,,2023-2024,False,0.7815384864807129,,season_pitching_stats.war,pitcher,182.0,323,264,-59
571927,-0.05,-0.47,-0.0009,0.335,0.336,635,,,2023-2024,False,1.3240845203399658,,season_pitching_stats.war,pitcher,149.10000610351562,326,162,-164
572403,-0.06,-0.56,-0.0027,0.324,0.327,262,,,2023-2024,False,0.5400000214576721,,season_pitching_stats.war,pitcher,61.0,327,329,2
670912,-0.06,-0.65,-0.001,0.33,0.331,776,,,2023-2024,False,2.2100000381469727,,season_pitching_stats.war,pitcher,177.1999969482422,327,75,-252
592426,-0.06,-0.59,-0.0019,0.322,0.324,380,,,2023-2024,False,0.000624272390268743,,season_pitching_stats.war,pitcher,88.0999984741211,327,438,111
605154,-0.07,-0.67,-0.0021,0.322,0.324,394,,,2023-2024,False,-0.2247210443019867,,season_pitching_stats.war,pitcher,93.19999694824219,330,483,153
572020,-0.08,-0.81,-0.0012,0.335,0.336,845,,,2023-2024,False,0.6267414093017578,,season_pitching_stats.war,pitcher,196.10000610351562,331,306,-25
605182,-0.08,-0.84,-0.0017,0.33,0.332,624,,,2023-2024,False,2.8277974128723145,,season_pitching_stats.war,pitcher,147.10000610351562,331,48,-283
663372,-0.08,-0.81,-0.0011,0.331,0.333,887,,,2023-2024,False,1.0590497255325317,,season_pitching_stats.war,pitcher,205.20001220703125,331,198,-133
675540,-0.09,-0.94,-0.0021,0.325,0.327,572,,,2023-2024,False,0.5039067268371582,,season_pitching_stats.war,pitcher,137.1999969482422,334,339,5
605121,-0.09,-0.91,-0.0047,0.327,0.332,241,,,2023-2024,False,0.5099999904632568,,season_pitching_stats.war,pitcher,53.099998474121094,334,337,3
450203,-0.1,-1.04,-0.0009,0.333,0.334,1407,,,2023-2024,False,2.0390584468841553,,season_pitching_stats.war,pitcher,328.20001220703125,336,91,-245
663986,-0.1,-1.0,-0.0044,0.319,0.323,284,,,2023-2024,False,0.3700000047683716,,season_pitching_stats.war,pitcher,68.19999694824219,336,364,28
669461,-0.11,-1.06,-0.0021,0.329,0.331,626,,,2023-2024,False,0.013016306795179844,,season_pitching_stats.war,pitcher,147.1999969482422,338,434,96
676092,-0.12,-1.15,-0.0055,0.324,0.329,261,,,2023-2024,False,0.6353833079338074,,season_pitching_stats.war,pitcher,61.30000305175781,339,305,-34
663704,-0.13,-1.33,-0.005,0.327,0.332,332,,,2023-2024,False,-0.3631778061389923,,season_pitching_stats.war,pitcher,79.30000305175781,340,497,157
641627,-0.15,-1.47,-0.0074,0.321,0.329,247,,,2023-2024,False,-0.1899999976158142,,season_pitching_stats.war,pitcher,58.0,341,470,129
657514,-0.16,-1.58,-0.0046,0.324,0.329,432,,,2023-2024,False,0.816205620765686,,season_pitching_stats.war,pitcher,101.19999694824219,342,256,-86
657585,-0.16,-1.64,-0.0057,0.324,0.33,362,,,2023-2024,False,0.11810427904129028,,season_pitching_stats.war,pitcher,84.39999389648438,342,413,71
641835,-0.16,-1.57,-0.0048,0.318,0.322,411,,,2023-2024,False,0.6011202335357666,,season_pitching_stats.war,pitcher,98.19999694824219,342,310,-32
693312,-0.17,-1.72,-0.008,0.327,0.335,268,,,2023-2024,False,0.1378583461046219,,season_pitching_stats.war,pitcher,59.29999923706055,345,411,66
669713,-0.17,-1.69,-0.0032,0.329,0.332,655,,,2023-2024,False,-0.09047985076904297,,season_pitching_stats.war,pitcher,156.29998779296875,345,453,108
680767,-0.2,-2.02,-0.007,0.328,0.335,361,,,2023-2024,False,0.7812039256095886,,season_pitching_stats.war,pitcher,81.39999389648438,347,265,-82
686799,-0.22,-2.22,-0.0106,0.332,0.342,261,,,2023-2024,False,0.75,,season_pitching_stats.war,pitcher,65.0999984741211,348,268,-80
681293,-0.23,-2.26,-0.0045,0.331,0.335,631,,,2023-2024,False,0.4300000071525574,,season_pitching_stats.war,pitcher,145.0,349,355,6
641360,-0.23,-2.25,-0.0085,0.326,0.334,332,,,2023-2024,False,-0.22323137521743774,,season_pitching_stats.war,pitcher,75.19999694824219,349,481,132
572143,-0.24,-2.36,-0.0124,0.325,0.338,238,,,2023-2024,False,-0.15000000596046448,,season_pitching_stats.war,pitcher,56.099998474121094,351,463,112
547943,-0.24,-2.44,-0.0138,0.334,0.348,221,,,2023-2024,False,0.5099999904632568,,season_pitching_stats.war,pitcher,52.0,351,337,-14
678368,-0.24,-2.43,-0.0104,0.331,0.342,292,,,2023-2024,False,1.3799999952316284,,season_pitching_stats.war,pitcher,68.19999694824219,351,154,-197
502043,-0.24,-2.38,-0.002,0.331,0.333,1508,,,2023-2024,False,0.785749614238739,,season_pitching_stats.war,pitcher,364.20001220703125,351,261,-90
641540,-0.25,-2.54,-0.0027,0.329,0.332,1173,,,2023-2024,False,1.4647045135498047,,season_pitching_stats.war,pitcher,274.20001220703125,355,142,-213
676534,-0.25,-2.46,-0.0088,0.325,0.334,349,,,2023-2024,False,0.44928568601608276,,season_pitching_stats.war,pitcher,78.4000015258789,355,350,-5
607067,-0.26,-2.56,-0.0026,0.328,0.331,1224,,,2023-2024,False,0.9011530876159668,,season_pitching_stats.war,pitcher,291.3999938964844,357,237,-120
605177,-0.26,-2.58,-0.007,0.324,0.331,462,,,2023-2024,False,0.14109140634536743,,season_pitching_stats.war,pitcher,107.19999694824219,357,410,53
606965,-0.28,-2.75,-0.0115,0.325,0.337,300,,,2023-2024,False,-0.1287766844034195,,season_pitching_stats.war,pitcher,70.30000305175781,359,456,97
694297,-0.28,-2.8,-0.0028,0.336,0.339,1259,,,2023-2024,False,0.08237968385219574,,season_pitching_stats.war,pitcher,299.20001220703125,359,417,58
670970,-0.29,-2.95,-0.0115,0.32,0.331,321,,,2023-2024,False,1.1236000061035156,,season_pitching_stats.war,pitcher,75.0,361,188,-173
663878,-0.3,-2.99,-0.008,0.322,0.33,464,,,2023-2024,False,-0.1723453402519226,,season_pitching_stats.war,pitcher,108.30000305175781,362,467,105
663546,-0.3,-3.03,-0.0081,0.324,0.332,469,,,2023-2024,False,0.2900732457637787,,season_pitching_stats.war,pitcher,109.19999694824219,362,382,20
669084,-0.3,-3.04,-0.0131,0.327,0.34,290,,,2023-2024,False,-0.043803680688142776,,season_pitching_stats.war,pitcher,65.19999694824219,362,447,85
694813,-0.31,-3.05,-0.0052,0.329,0.335,728,,,2023-2024,False,1.5229747295379639,,season_pitching_stats.war,pitcher,171.10000610351562,365,134,-231
663362,-0.31,-3.15,-0.005,0.328,0.333,795,,,2023-2024,False,0.7117566466331482,,season_pitching_stats.war,pitcher,187.29998779296875,365,277,-88
472610,-0.31,-3.14,-0.0077,0.321,0.329,510,,,2023-2024,False,-0.09765557199716568,,season_pitching_stats.war,pitcher,117.30000305175781,365,454,89
656222,-0.32,-3.24,-0.0082,0.328,0.336,495,,,2023-2024,False,-0.17542371153831482,,season_pitching_stats.war,pitcher,112.0999984741211,368,468,100
672456,-0.32,-3.24,-0.0096,0.33,0.339,422,,,2023-2024,False,0.23000000417232513,,season_pitching_stats.war,pitcher,101.0999984741211,368,395,27
686563,-0.32,-3.2,-0.0077,0.332,0.34,521,,,2023-2024,False,1.8799999952316284,,season_pitching_stats.war,pitcher,124.0999984741211,368,104,-264
666277,-0.33,-3.32,-0.0116,0.327,0.339,359,,,2023-2024,False,0.1411205679178238,,season_pitching_stats.war,pitcher,82.0999984741211,371,409,38
670046,-0.34,-3.42,-0.0172,0.332,0.349,248,,,2023-2024,False,0.277368426322937,,season_pitching_stats.war,pitcher,57.0,372,387,15
694363,-0.36,-3.62,-0.0082,0.331,0.34,550,,,2023-2024,False,0.48340779542922974,,season_pitching_stats.war,pitcher,125.30000305175781,373,345,-28
686539,-0.36,-3.6,-0.0128,0.327,0.34,352,,,2023-2024,False,0.07404439896345139,,season_pitching_stats.war,pitcher,81.0999984741211,373,420,47
572955,-0.36,-3.59,-0.0086,0.323,0.332,520,,,2023-2024,False,0.5322340726852417,,season_pitching_stats.war,pitcher,122.19999694824219,373,333,-40
676775,-0.38,-3.8,-0.0119,0.324,0.335,399,,,2023-2024,False,-0.4779526889324188,,season_pitching_stats.war,pitcher,97.19999694824219,376,510,134
657571,-0.38,-3.83,-0.0092,0.324,0.334,522,,,2023-2024,False,-0.18144330382347107,,season_pitching_stats.war,pitcher,116.4000015258789,376,469,93
663432,-0.39,-3.92,-0.0208,0.323,0.344,235,,,2023-2024,False,0.10884615778923035,,season_pitching_stats.war,pitcher,52.0,378,414,36
676106,-0.39,-3.92,-0.0156,0.327,0.343,315,,,2023-2024,False,-0.4403047263622284,,season_pitching_stats.war,pitcher,72.19999694824219,378,504,126
571760,-0.4,-3.99,-0.0036,0.333,0.337,1372,,,2023-2024,False,0.6532379984855652,,season_pitching_stats.war,pitcher,318.1000061035156,380,300,-80
690986,-0.4,-4.0,-0.0074,0.328,0.336,678,,,2023-2024,False,0.5962981581687927,,season_pitching_stats.war,pitcher,158.3000030517578,380,312,-68
607074,-0.41,-4.1,-0.0047,0.333,0.337,1097,,,2023-2024,False,1.2097346782684326,,season_pitching_stats.war,pitcher,256.29998779296875,382,176,-206
681869,-0.41,-4.06,-0.0204,0.33,0.351,249,,,2023-2024,False,-0.014972275123000145,,season_pitching_stats.war,pitcher,54.099998474121094,382,443,61
594902,-0.41,-4.15,-0.0051,0.33,0.335,1016,,,2023-2024,False,1.0529588460922241,,season_pitching_stats.war,pitcher,240.3000030517578,382,200,-182
527054,-0.41,-4.11,-0.017,0.328,0.345,303,,,2023-2024,False,0.4887193441390991,,season_pitching_stats.war,pitcher,73.39999389648438,382,344,-38
593423,-0.42,-4.16,-0.0077,0.33,0.338,674,,,2023-2024,False,0.5764561295509338,,season_pitching_stats.war,pitcher,155.20001220703125,386,319,-67
595345,-0.42,-4.19,-0.0129,0.323,0.336,405,,,2023-2024,False,0.2885047495365143,,season_pitching_stats.war,pitcher,94.30000305175781,386,384,-2
693821,-0.43,-4.35,-0.0056,0.33,0.336,969,,,2023-2024,False,1.9842820167541504,,season_pitching_stats.war,pitcher,226.3000030517578,388,94,-294
661309,-0.44,-4.44,-0.0231,0.323,0.346,240,,,2023-2024,False,0.3700000047683716,,season_pitching_stats.war,pitcher,55.0,389,364,-25
669796,-0.44,-4.39,-0.0228,0.322,0.345,241,,,2023-2024,False,-0.016021698713302612,,season_pitching_stats.war,pitcher,55.29999923706055,389,444,55
647315,-0.44,-4.39,-0.0214,0.325,0.346,256,,,2023-2024,False,-1.0994117259979248,,season_pitching_stats.war,pitcher,61.20000076293945,389,530,141
573204,-0.44,-4.39,-0.0161,0.319,0.335,341,,,2023-2024,False,-0.012515531852841377,,season_pitching_stats.war,pitcher,80.30000305175781,389,442,53
543101,-0.45,-4.5,-0.0135,0.328,0.341,415,,,2023-2024,False,0.10000000149011612,,season_pitching_stats.war,pitcher,99.19999694824219,393,415,22
700249,-0.45,-4.54,-0.0162,0.332,0.348,351,,,2023-2024,False,-0.20999997854232788,,season_pitching_stats.war,pitcher,79.19999694824219,393,476,83
613534,-0.45,-4.53,-0.021,0.323,0.344,269,,,2023-2024,False,0.30551543831825256,,season_pitching_stats.war,pitcher,58.19999694824219,393,375,-18
663855,-0.45,-4.53,-0.0075,0.326,0.333,759,,,2023-2024,False,0.9422577619552612,,season_pitching_stats.war,pitcher,175.39999389648438,393,227,-166
543521,-0.46,-4.63,-0.0224,0.332,0.355,258,,,2023-2024,False,-0.4399999976158142,,season_pitching_stats.war,pitcher,58.20000076293945,397,503,106
656849,-0.47,-4.68,-0.0057,0.332,0.337,1033,,,2023-2024,False,1.7831913232803345,,season_pitching_stats.war,pitcher,244.10000610351562,398,112,-286
656288,-0.47,-4.72,-0.0047,0.332,0.336,1247,,,2023-2024,False,0.9693762063980103,,season_pitching_stats.war,pitcher,298.20001220703125,398,223,-175
543272,-0.47,-4.67,-0.0255,0.324,0.35,229,,,2023-2024,False,-0.07999999821186066,,season_pitching_stats.war,pitcher,54.20000076293945,398,452,54
657508,-0.48,-4.82,-0.0113,0.325,0.336,532,,,2023-2024,False,0.005674573127180338,,season_pitching_stats.war,pitcher,122.29999542236328,401,436,35
670174,-0.48,-4.83,-0.0088,0.326,0.335,687,,,2023-2024,False,1.0527592897415161,,season_pitching_stats.war,pitcher,159.10000610351562,401,201,-200
656061,-0.49,-4.93,-0.0235,0.323,0.346,262,,,2023-2024,False,-0.23999999463558197,,season_pitching_stats.war,pitcher,59.0,403,489,86
663903,-0.49,-4.89,-0.0042,0.335,0.34,1452,,,2023-2024,False,1.6672641038894653,,season_pitching_stats.war,pitcher,339.20001220703125,403,122,-281
669459,-0.5,-5.04,-0.0215,0.324,0.345,293,,,2023-2024,False,0.03573033586144447,,season_pitching_stats.war,pitcher,71.19999694824219,405,428,23
683627,-0.5,-5.02,-0.024,0.333,0.357,262,,,2023-2024,False,-0.5199999809265137,,season_pitching_stats.war,pitcher,59.20000076293945,405,515,110
676477,-0.5,-5.01,-0.0167,0.33,0.347,376,,,2023-2024,False,0.3893169164657593,,season_pitching_stats.war,pitcher,89.29999542236328,405,362,-43
650893,-0.54,-5.45,-0.0136,0.321,0.335,501,,,2023-2024,False,0.07434781640768051,,season_pitching_stats.war,pitcher,117.30000305175781,408,419,11
600921,-0.55,-5.46,-0.034,0.326,0.36,201,,,2023-2024,False,-0.009999999776482582,,season_pitching_stats.war,pitcher,50.0,409,440,31
607179,-0.55,-5.53,-0.0165,0.325,0.341,418,,,2023-2024,False,-0.06417188048362732,,season_pitching_stats.war,pitcher,95.4000015258789,409,449,40
660261,-0.55,-5.48,-0.0193,0.324,0.343,355,,,2023-2024,False,-1.9800000190734863,,season_pitching_stats.war,pitcher,79.0,409,539,130
641302,-0.56,-5.61,-0.0111,0.328,0.339,632,,,2023-2024,False,0.2901587188243866,,season_pitching_stats.war,pitcher,151.1999969482422,412,381,-31
672582,-0.57,-5.7,-0.0165,0.328,0.345,432,,,2023-2024,False,0.35263583064079285,,season_pitching_stats.war,pitcher,99.4000015258789,413,366,-47
502171,-0.6,-6.05,-0.0103,0.327,0.337,735,,,2023-2024,False,2.2102251052856445,,season_pitching_stats.war,pitcher,173.10000610351562,414,74,-340
664353,-0.62,-6.25,-0.0247,0.327,0.351,316,,,2023-2024,False,-0.019999999552965164,,season_pitching_stats.war,pitcher,73.0,415,445,30
543518,-0.62,-6.21,-0.0174,0.331,0.348,446,,,2023-2024,False,-0.29882699251174927,,season_pitching_stats.war,pitcher,102.30000305175781,415,493,78
661527,-0.62,-6.21,-0.0191,0.326,0.345,406,,,2023-2024,False,0.15478992462158203,,season_pitching_stats.war,pitcher,95.19999694824219,415,406,-9
663776,-0.63,-6.27,-0.0079,0.333,0.341,993,,,2023-2024,False,0.28110116720199585,,season_pitching_stats.war,pitcher,223.39999389648438,418,385,-33
628711,-0.64,-6.39,-0.0174,0.328,0.346,460,,,2023-2024,False,0.550000011920929,,season_pitching_stats.war,pitcher,117.0999984741211,419,327,-92
663559,-0.64,-6.37,-0.0086,0.334,0.342,926,,,2023-2024,False,0.920607328414917,,season_pitching_stats.war,pitcher,222.3000030517578,419,233,-186
606930,-0.66,-6.62,-0.0246,0.326,0.35,336,,,2023-2024,False,0.028333330526947975,,season_pitching_stats.war,pitcher,79.19999694824219,421,430,9
656234,-0.67,-6.67,-0.0149,0.33,0.345,559,,,2023-2024,False,0.7005730867385864,,season_pitching_stats.war,pitcher,129.10000610351562,422,283,-139
622065,-0.69,-6.89,-0.0292,0.323,0.352,295,,,2023-2024,False,0.699999988079071,,season_pitching_stats.war,pitcher,68.4000015258789,423,284,-139
657376,-0.7,-6.99,-0.008,0.329,0.337,1094,,,2023-2024,False,1.1525614261627197,,season_pitching_stats.war,pitcher,256.1000061035156,424,182,-242
675627,-0.7,-6.96,-0.0164,0.33,0.347,529,,,2023-2024,False,-0.6921129822731018,,season_pitching_stats.war,pitcher,122.0999984741211,424,520,96
666168,-0.7,-6.99,-0.0376,0.324,0.362,232,,,2023-2024,False,-0.4099999964237213,,season_pitching_stats.war,pitcher,54.0,424,500,76
660853,-0.71,-7.05,-0.0167,0.32,0.337,529,,,2023-2024,False,0.6599690318107605,,season_pitching_stats.war,pitcher,129.1999969482422,427,298,-129
622098,-0.73,-7.32,-0.0288,0.323,0.352,318,,,2023-2024,False,0.0522373765707016,,season_pitching_stats.war,pitcher,73.30000305175781,428,426,-2
594835,-0.73,-7.28,-0.0251,0.328,0.353,363,,,2023-2024,False,-0.10086539387702942,,season_pitching_stats.war,pitcher,83.19999694824219,428,455,27
573186,-0.74,-7.37,-0.0076,0.328,0.335,1220,,,2023-2024,False,0.9154752492904663,,season_pitching_stats.war,pitcher,290.3999938964844,430,234,-196
656271,-0.76,-7.57,-0.0239,0.325,0.349,395,,,2023-2024,False,-0.12890543043613434,,season_pitching_stats.war,pitcher,94.0999984741211,431,457,26
605347,-0.77,-7.68,-0.0202,0.323,0.343,475,,,2023-2024,False,0.07874999940395355,,season_pitching_stats.war,pitcher,112.0,432,418,-14
642546,-0.78,-7.81,-0.0299,0.326,0.356,326,,,2023-2024,False,-0.47060564160346985,,season_pitching_stats.war,pitcher,74.30000305175781,433,509,76
656353,-0.79,-7.87,-0.0392,0.327,0.366,251,,,2023-2024,False,-0.37848103046417236,,season_pitching_stats.war,pitcher,55.29999923706055,434,499,65
683155,-0.8,-8.05,-0.0171,0.331,0.348,587,,,2023-2024,False,0.563877522945404,,season_pitching_stats.war,pitcher,137.1999969482422,435,322,-113
680686,-0.8,-8.0,-0.0135,0.333,0.346,740,,,2023-2024,False,2.8664629459381104,,season_pitching_stats.war,pitcher,167.10000610351562,435,46,-389
641585,-0.81,-8.13,-0.0142,0.332,0.346,715,,,2023-2024,False,1.2959316968917847,,season_pitching_stats.war,pitcher,164.20001220703125,437,164,-273
696136,-0.82,-8.23,-0.029,0.336,0.365,355,,,2023-2024,False,-0.13458852469921112,,season_pitching_stats.war,pitcher,80.19999694824219,438,461,23
677944,-0.82,-8.16,-0.0226,0.335,0.358,452,,,2023-2024,False,-0.7333019375801086,,season_pitching_stats.war,pitcher,106.0,438,521,83
641703,-0.83,-8.28,-0.0243,0.324,0.348,425,,,2023-2024,False,0.31350305676460266,,season_pitching_stats.war,pitcher,98.19999694824219,440,372,-68
647336,-0.83,-8.31,-0.0213,0.331,0.352,488,,,2023-2024,False,0.2998652458190918,,season_pitching_stats.war,pitcher,111.29999542236328,440,380,-60
677960,-0.83,-8.26,-0.0166,0.33,0.347,620,,,2023-2024,False,0.7929567694664001,,season_pitching_stats.war,pitcher,143.39999389648438,440,258,-182
676596,-0.84,-8.41,-0.0295,0.329,0.358,356,,,2023-2024,False,0.018663426861166954,,season_pitching_stats.war,pitcher,82.30000305175781,443,433,-10
672710,-0.85,-8.48,-0.018,0.327,0.345,588,,,2023-2024,False,-0.03999999910593033,,season_pitching_stats.war,pitcher,136.1999969482422,444,446,2
687765,-0.85,-8.53,-0.0164,0.328,0.344,650,,,2023-2024,False,1.6100000143051147,,season_pitching_stats.war,pitcher,151.10000610351562,444,125,-319
628317,-0.85,-8.53,-0.0114,0.331,0.342,933,,,2023-2024,False,-0.27070391178131104,,season_pitching_stats.war,pitcher,220.1999969482422,444,491,47
641755,-0.86,-8.58,-0.0302,0.329,0.359,355,,,2023-2024,False,-0.2239200919866562,,season_pitching_stats.war,pitcher,80.0999984741211,447,482,35
672851,-0.86,-8.62,-0.0381,0.331,0.369,283,,,2023-2024,False,-0.2984364926815033,,season_pitching_stats.war,pitcher,61.400001525878906,447,492,45
666157,-0.86,-8.62,-0.0164,0.331,0.348,657,,,2023-2024,False,0.9140214323997498,,season_pitching_stats.war,pitcher,149.1999969482422,447,235,-212
669947,-0.89,-8.93,-0.0297,0.332,0.362,376,,,2023-2024,False,0.18000000715255737,,season_pitching_stats.war,pitcher,85.0,450,400,-50
425844,-0.89,-8.94,-0.0197,0.328,0.348,567,,,2023-2024,False,1.0800000429153442,,season_pitching_stats.war,pitcher,142.10000610351562,450,194,-256
657612,-0.9,-9.0,-0.022,0.321,0.343,512,,,2023-2024,False,-0.16194628179073334,,season_pitching_stats.war,pitcher,119.19999694824219,452,465,13
681867,-0.9,-9.03,-0.0197,0.332,0.351,573,,,2023-2024,False,0.3076835572719574,,season_pitching_stats.war,pitcher,132.10000610351562,452,373,-79
663687,-0.9,-8.99,-0.0192,0.329,0.348,585,,,2023-2024,False,0.6649221777915955,,season_pitching_stats.war,pitcher,135.10000610351562,452,297,-155
543475,-0.9,-9.0,-0.0147,0.331,0.346,766,,,2023-2024,False,-1.0262458324432373,,season_pitching_stats.war,pitcher,182.1999969482422,452,529,77
606149,-0.91,-9.06,-0.0353,0.321,0.357,321,,,2023-2024,False,0.21122339367866516,,season_pitching_stats.war,pitcher,75.19999694824219,456,397,-59
621076,-0.92,-9.21,-0.0417,0.324,0.366,276,,,2023-2024,False,-0.12999999523162842,,season_pitching_stats.war,pitcher,61.0,457,458,1
605288,-0.92,-9.15,-0.0145,0.328,0.343,789,,,2023-2024,False,0.1982630342245102,,season_pitching_stats.war,pitcher,180.1999969482422,457,398,-59
681982,-0.92,-9.24,-0.0428,0.329,0.371,270,,,2023-2024,False,-0.6441693902015686,,season_pitching_stats.war,pitcher,61.400001525878906,457,519,62
676664,-0.94,-9.42,-0.0079,0.331,0.339,1488,,,2023-2024,False,2.5668082237243652,,season_pitching_stats.war,pitcher,353.1000061035156,460,57,-403
656629,-0.94,-9.41,-0.013,0.329,0.342,905,,,2023-2024,False,0.8832196593284607,,season_pitching_stats.war,pitcher,205.3000030517578,460,239,-221
572971,-0.95,-9.51,-0.0478,0.336,0.384,249,,,2023-2024,False,-0.05483146011829376,,season_pitching_stats.war,pitcher,53.400001525878906,462,448,-14
657053,-0.96,-9.65,-0.0242,0.331,0.355,498,,,2023-2024,False,0.7060908675193787,,season_pitching_stats.war,pitcher,110.0,463,280,-183
502624,-0.97,-9.7,-0.0195,0.331,0.351,622,,,2023-2024,False,0.09830097109079361,,season_pitching_stats.war,pitcher,144.1999969482422,464,416,-48
663554,-0.97,-9.75,-0.0271,0.335,0.362,449,,,2023-2024,False,0.25999999046325684,,season_pitching_stats.war,pitcher,102.0999984741211,464,391,-73
621112,-0.98,-9.78,-0.0157,0.331,0.347,778,,,2023-2024,False,1.0951037406921387,,season_pitching_stats.war,pitcher,178.29998779296875,466,192,-274
541640,-0.98,-9.81,-0.0351,0.328,0.364,349,,,2023-2024,False,-0.8335989117622375,,season_pitching_stats.war,pitcher,80.30000305175781,466,524,58
663474,-0.98,-9.8,-0.0299,0.329,0.359,410,,,2023-2024,False,-0.42947372794151306,,season_pitching_stats.war,pitcher,91.19999694824219,466,502,36
681190,-1.0,-10.0,-0.0211,0.33,0.351,593,,,2023-2024,False,0.6430769562721252,,season_pitching_stats.war,pitcher,135.1999969482422,469,302,-167
674072,-1.0,-9.99,-0.0223,0.342,0.365,560,,,2023-2024,False,0.5354366898536682,,season_pitching_stats.war,pitcher,127.0999984741211,469,332,-137
605200,-1.02,-10.2,-0.0339,0.337,0.371,376,,,2023-2024,False,-1.3899999856948853,,season_pitching_stats.war,pitcher,82.0999984741211,471,537,66
668868,-1.03,-10.31,-0.0358,0.325,0.361,360,,,2023-2024,False,0.3183754086494446,,season_pitching_stats.war,pitcher,83.0999984741211,472,371,-101
621016,-1.05,-10.48,-0.0353,0.328,0.363,371,,,2023-2024,False,0.5824137926101685,,season_pitching_stats.war,pitcher,81.19999694824219,473,316,-157
670990,-1.05,-10.54,-0.0349,0.328,0.363,378,,,2023-2024,False,-0.5315162539482117,,season_pitching_stats.war,pitcher,83.0999984741211,473,517,44
542585,-1.08,-10.78,-0.0401,0.326,0.366,336,,,2023-2024,False,-0.41999998688697815,,season_pitching_stats.war,pitcher,74.29999542236328,475,501,26
456501,-1.09,-10.89,-0.0512,0.327,0.379,266,,,2023-2024,False,0.0013607552973553538,,season_pitching_stats.war,pitcher,63.19999694824219,476,437,-39
665622,-1.09,-10.94,-0.0205,0.33,0.351,668,,,2023-2024,False,0.22021450102329254,,season_pitching_stats.war,pitcher,149.1999969482422,476,396,-80
676974,-1.1,-10.97,-0.0553,0.332,0.387,248,,,2023-2024,False,-0.1599999964237213,,season_pitching_stats.war,pitcher,57.0,478,464,-14
666201,-1.14,-11.41,-0.0289,0.33,0.359,494,,,2023-2024,False,-0.9352877736091614,,season_pitching_stats.war,pitcher,111.19999694824219,479,528,49
608678,-1.15,-11.54,-0.0451,0.328,0.373,320,,,2023-2024,False,0.02054791897535324,,season_pitching_stats.war,pitcher,73.0,480,432,-48
669432,-1.16,-11.6,-0.0227,0.331,0.354,638,,,2023-2024,False,0.5570654273033142,,season_pitching_stats.war,pitcher,142.10000610351562,481,324,-157
669194,-1.16,-11.6,-0.0114,0.335,0.347,1274,,,2023-2024,False,0.7852647304534912,,season_pitching_stats.war,pitcher,300.29998779296875,481,262,-219
664199,-1.18,-11.76,-0.0557,0.325,0.381,264,,,2023-2024,False,-0.8500000238418579,,season_pitching_stats.war,pitcher,59.0,483,525,42
608337,-1.19,-11.89,-0.0189,0.33,0.349,788,,,2023-2024,False,1.5800000429153442,,season_pitching_stats.war,pitcher,184.10000610351562,484,128,-356
608344,-1.2,-12.03,-0.0182,0.334,0.352,824,,,2023-2024,False,-0.34078148007392883,,season_pitching_stats.war,pitcher,188.10000610351562,485,495,10
596133,-1.21,-12.14,-0.016,0.326,0.342,948,,,2023-2024,False,0.4965316951274872,,season_pitching_stats.war,pitcher,222.29998779296875,486,342,-144
678394,-1.21,-12.11,-0.0111,0.331,0.342,1367,,,2023-2024,False,2.1443371772766113,,season_pitching_stats.war,pitcher,319.1000061035156,486,81,-405
642545,-1.25,-12.45,-0.0439,0.325,0.369,355,,,2023-2024,False,-0.9100000262260437,,season_pitching_stats.war,pitcher,82.0999984741211,488,527,39
570632,-1.3,-12.97,-0.0245,0.331,0.355,661,,,2023-2024,False,0.1418798863887787,,season_pitching_stats.war,pitcher,153.1999969482422,489,408,-81
606160,-1.31,-13.06,-0.0345,0.325,0.359,474,,,2023-2024,False,-0.22010889649391174,,season_pitching_stats.war,pitcher,110.19999694824219,490,480,-10
669022,-1.31,-13.08,-0.0125,0.334,0.346,1307,,,2023-2024,False,1.3183785676956177,,season_pitching_stats.war,pitcher,302.20001220703125,490,163,-327
628708,-1.34,-13.39,-0.0545,0.325,0.38,307,,,2023-2024,False,-0.451797217130661,,season_pitching_stats.war,pitcher,65.0999984741211,492,507,15
571945,-1.37,-13.73,-0.011,0.331,0.342,1558,,,2023-2024,False,0.8163739442825317,,season_pitching_stats.war,pitcher,372.29998779296875,493,255,-238
672282,-1.37,-13.74,-0.0166,0.332,0.348,1032,,,2023-2024,False,0.9506630897521973,,season_pitching_stats.war,pitcher,235.29998779296875,493,226,-267
670124,-1.38,-13.83,-0.0598,0.325,0.385,289,,,2023-2024,False,-0.13019579648971558,,season_pitching_stats.war,pitcher,61.29999923706055,495,459,-36
669438,-1.38,-13.82,-0.0514,0.33,0.381,336,,,2023-2024,False,-0.5183938145637512,,season_pitching_stats.war,pitcher,77.19999694824219,495,514,19
446372,-1.4,-14.03,-0.0737,0.33,0.403,238,,,2023-2024,False,-0.8500000238418579,,season_pitching_stats.war,pitcher,55.0,497,525,28
614179,-1.41,-14.06,-0.0417,0.33,0.371,422,,,2023-2024,False,0.06490644067525864,,season_pitching_stats.war,pitcher,96.19999694824219,498,422,-76
664875,-1.43,-14.27,-0.0303,0.327,0.357,589,,,2023-2024,False,-0.010461992584168911,,season_pitching_stats.war,pitcher,134.1999969482422,499,441,-58
592866,-1.45,-14.45,-0.0198,0.331,0.351,913,,,2023-2024,False,0.6541891694068909,,season_pitching_stats.war,pitcher,210.3000030517578,500,299,-201
622663,-1.5,-14.98,-0.0151,0.331,0.347,1244,,,2023-2024,False,0.6768917441368103,,season_pitching_stats.war,pitcher,287.29998779296875,501,292,-209
682990,-1.52,-15.19,-0.0421,0.328,0.37,451,,,2023-2024,False,-0.5034677386283875,,season_pitching_stats.war,pitcher,99.19999694824219,502,513,11
592789,-1.52,-15.18,-0.0485,0.328,0.376,391,,,2023-2024,False,-1.100000023841858,,season_pitching_stats.war,pitcher,88.19999694824219,502,531,29
679525,-1.57,-15.74,-0.0223,0.335,0.357,884,,,2023-2024,False,0.30623340606689453,,season_pitching_stats.war,pitcher,203.10000610351562,504,374,-130
663562,-1.61,-16.14,-0.0837,0.334,0.418,241,,,2023-2024,False,-0.4913772642612457,,season_pitching_stats.war,pitcher,50.099998474121094,505,511,6
686973,-1.63,-16.31,-0.0391,0.332,0.371,521,,,2023-2024,False,-0.23787058889865875,,season_pitching_stats.war,pitcher,117.39999389648438,506,488,-18
641745,-1.65,-16.52,-0.0514,0.331,0.382,402,,,2023-2024,False,0.07100927829742432,,season_pitching_stats.war,pitcher,86.19999694824219,507,421,-86
656731,-1.67,-16.75,-0.0226,0.33,0.353,925,,,2023-2024,False,0.5547934770584106,,season_pitching_stats.war,pitcher,208.1999969482422,508,326,-182
621111,-1.68,-16.78,-0.0519,0.329,0.381,404,,,2023-2024,False,-1.1399999856948853,,season_pitching_stats.war,pitcher,90.0999984741211,509,532,23
592767,-1.7,-16.97,-0.0244,0.33,0.354,871,,,2023-2024,False,-0.2266799956560135,,season_pitching_stats.war,pitcher,200.3000030517578,510,485,-25
641712,-1.72,-17.2,-0.0285,0.332,0.361,754,,,2023-2024,False,-0.16495588421821594,,season_pitching_stats.war,pitcher,170.10000610351562,511,466,-45
641771,-1.75,-17.5,-0.052,0.331,0.383,421,,,2023-2024,False,-0.4508223533630371,,season_pitching_stats.war,pitcher,91.19999694824219,512,506,-6
548389,-1.78,-17.84,-0.0294,0.326,0.355,758,,,2023-2024,False,-0.49678343534469604,,season_pitching_stats.war,pitcher,174.10000610351562,513,512,-1
668933,-1.84,-18.4,-0.0238,0.331,0.355,967,,,2023-2024,False,1.769230842590332,,season_pitching_stats.war,pitcher,222.29998779296875,514,113,-401
630023,-1.87,-18.68,-0.0459,0.332,0.378,509,,,2023-2024,False,-0.31565216183662415,,season_pitching_stats.war,pitcher,115.0,515,494,-21
458681,-1.97,-19.66,-0.0188,0.332,0.351,1304,,,2023-2024,False,-0.4667513370513916,,season_pitching_stats.war,pitcher,303.20001220703125,516,508,-8
622072,-1.98,-19.78,-0.0407,0.324,0.365,608,,,2023-2024,False,0.39763757586479187,,season_pitching_stats.war,pitcher,136.29998779296875,517,359,-158
663567,-2.03,-20.34,-0.039,0.334,0.373,652,,,2023-2024,False,0.06192983686923981,,season_pitching_stats.war,pitcher,148.1999969482422,518,424,-94
656232,-2.03,-20.27,-0.0517,0.33,0.382,490,,,2023-2024,False,0.28978022933006287,,season_pitching_stats.war,pitcher,109.19999694824219,518,383,-135
448179,-2.05,-20.55,-0.0382,0.332,0.37,673,,,2023-2024,False,-0.4503549635410309,,season_pitching_stats.war,pitcher,149.3000030517578,520,505,-15
686610,-2.11,-21.11,-0.0416,0.332,0.373,635,,,2023-2024,False,0.23999999463558197,,season_pitching_stats.war,pitcher,141.0,521,392,-129
527048,-2.15,-21.45,-0.0221,0.332,0.355,1213,,,2023-2024,False,0.6928921937942505,,season_pitching_stats.war,pitcher,281.1000061035156,522,286,-236
657756,-2.19,-21.93,-0.0677,0.338,0.406,405,,,2023-2024,False,-1.2999999523162842,,season_pitching_stats.war,pitcher,87.0999984741211,523,535,12
596295,-2.22,-22.18,-0.0215,0.338,0.359,1290,,,2023-2024,False,1.7029935121536255,,season_pitching_stats.war,pitcher,304.0,524,120,-404
686730,-2.3,-23.01,-0.0608,0.329,0.39,473,,,2023-2024,False,-0.07645348459482193,,season_pitching_stats.war,pitcher,103.19999694824219,525,451,-74
682610,-2.3,-22.96,-0.0757,0.332,0.407,379,,,2023-2024,False,-1.149999976158142,,season_pitching_stats.war,pitcher,82.19999694824219,525,533,8
615698,-2.32,-23.21,-0.0265,0.333,0.359,1094,,,2023-2024,False,1.055984616279602,,season_pitching_stats.war,pitcher,247.3000030517578,527,199,-328
663765,-2.34,-23.39,-0.0755,0.331,0.407,387,,,2023-2024,False,-0.7559853792190552,,season_pitching_stats.war,pitcher,82.19999694824219,528,522,-6
592836,-2.35,-23.52,-0.0265,0.33,0.357,1109,,,2023-2024,False,1.2611119747161865,,season_pitching_stats.war,pitcher,255.39999389648438,529,168,-361
671106,-2.43,-24.33,-0.0315,0.332,0.364,966,,,2023-2024,False,0.5007875561714172,,season_pitching_stats.war,pitcher,222.1999969482422,530,341,-189
666214,-2.51,-25.07,-0.0395,0.33,0.369,794,,,2023-2024,False,-1.1743935346603394,,season_pitching_stats.war,pitcher,172.29998779296875,531,534,3
660761,-2.56,-25.6,-0.0796,0.329,0.409,402,,,2023-2024,False,-0.7573621869087219,,season_pitching_stats.war,pitcher,85.30000305175781,532,523,-9
666205,-2.78,-27.83,-0.0634,0.326,0.389,549,,,2023-2024,False,-0.6097462177276611,,season_pitching_stats.war,pitcher,126.0999984741211,533,518,-15
607536,-3.11,-31.14,-0.0342,0.341,0.375,1138,,,2023-2024,False,0.8688557744026184,,season_pitching_stats.war,pitcher,268.29998779296875,534,244,-290
425794,-3.45,-34.51,-0.0897,0.333,0.423,481,,,2023-2024,False,-1.899999976158142,,season_pitching_stats.war,pitcher,101.0,535,538,3
621389,-3.61,-36.05,-0.0666,0.341,0.407,677,,,2023-2024,False,-0.19148892164230347,,season_pitching_stats.war,pitcher,149.10000610351562,536,473,-63
471911,-3.82,-38.16,-0.0554,0.33,0.386,861,,,2023-2024,False,-1.3045341968536377,,season_pitching_stats.war,pitcher,193.1999969482422,537,536,-1
571578,-3.84,-38.43,-0.0315,0.335,0.366,1523,,,2023-2024,False,-0.23099376261234283,,season_pitching_stats.war,pitcher,354.20001220703125,538,486,-52
623167,-4.19,-41.94,-0.0456,0.333,0.379,1149,,,2023-2024,False,0.538748562335968,,season_pitching_stats.war,pitcher,262.1000061035156,539,331,-208
