player_id,causal_war,causal_run_value,point_estimate_per_pa,park_adj_woba,raw_woba,pa,ci_low,ci_high,season,sparse,trad_war,pa_total,war_source,position,ip_total,rank_causal,rank_trad,rank_diff
592450,12.34,123.36,0.1298,0.586,0.456,1188,,,2023-2024,False,8.52781386165401,1226.0,season_batting_stats.war,batter,,1,1,0
660271,12.13,121.35,0.111,0.546,0.435,1367,,,2023-2024,False,7.791728342240769,1406.0,season_batting_stats.war,batter,,2,2,0
665742,11.26,112.62,0.0966,0.518,0.421,1458,,,2023-2024,False,6.707959577772352,1485.0,season_batting_stats.war,batter,,3,7,4
670541,8.98,89.78,0.0973,0.519,0.422,1154,,,2023-2024,False,4.89804725494449,1188.0,season_batting_stats.war,batter,,4,20,16
518692,8.15,81.48,0.0728,0.47,0.397,1400,,,2023-2024,False,5.693756068625102,1435.0,season_batting_stats.war,batter,,5,16,11
605141,7.68,76.85,0.0752,0.476,0.4,1277,,,2023-2024,False,6.783286934649503,1296.0,season_batting_stats.war,batter,,6,5,-1
542303,7.15,71.46,0.0691,0.464,0.395,1293,,,2023-2024,False,3.9153952276532866,1303.0,season_batting_stats.war,batter,,7,37,30
608369,6.99,69.85,0.0782,0.481,0.403,1117,,,2023-2024,False,6.2723716612384175,1151.0,season_batting_stats.war,batter,,8,10,2
660670,6.77,67.74,0.088,0.501,0.413,962,,,2023-2024,False,6.489979171494378,974.0,season_batting_stats.war,batter,,9,8,-1
547180,6.69,66.87,0.0682,0.461,0.393,1225,,,2023-2024,False,4.138062450960219,1249.0,season_batting_stats.war,batter,,10,33,23
621566,6.35,63.47,0.0564,0.439,0.382,1406,,,2023-2024,False,5.756615314116845,1430.0,season_batting_stats.war,batter,,11,13,2
677951,6.23,62.33,0.0551,0.436,0.381,1413,,,2023-2024,False,7.0332726498583815,1430.0,season_batting_stats.war,batter,,12,4,-8
665489,5.68,56.78,0.0522,0.43,0.377,1360,,,2023-2024,False,3.911112688180339,1384.0,season_batting_stats.war,batter,,13,39,26
606466,5.43,54.29,0.0526,0.439,0.387,1289,,,2023-2024,False,5.710952807490418,1312.0,season_batting_stats.war,batter,,14,15,1
663656,5.31,53.07,0.0633,0.45,0.387,1048,,,2023-2024,False,5.217858008963689,1069.0,season_batting_stats.war,batter,,15,18,3
683002,5.2,51.95,0.0481,0.42,0.372,1351,,,2023-2024,False,7.522795364074819,1363.0,season_batting_stats.war,batter,,16,3,-13
656941,4.97,49.72,0.0423,0.407,0.365,1471,,,2023-2024,False,1.916673382563937,1488.0,season_batting_stats.war,batter,,17,155,138
650490,4.91,49.13,0.0503,0.426,0.376,1220,,,2023-2024,False,3.3265419915209367,1229.0,season_batting_stats.war,batter,,18,62,44
667670,4.69,46.91,0.0518,0.43,0.379,1132,,,2023-2024,False,3.9074036159013446,1140.0,season_batting_stats.war,batter,,19,40,21
646240,4.47,44.73,0.0456,0.416,0.37,1225,,,2023-2024,False,3.7002871177223122,1254.0,season_batting_stats.war,batter,,20,47,27
661388,4.35,43.49,0.042,0.41,0.368,1294,,,2023-2024,False,4.358879620345627,1312.0,season_batting_stats.war,batter,,21,27,6
514888,4.13,41.3,0.045,0.416,0.371,1147,,,2023-2024,False,3.0617810484640087,1151.0,season_batting_stats.war,batter,,22,74,52
673548,4.04,40.39,0.0435,0.413,0.37,1160,,,2023-2024,False,3.350308242930125,1168.0,season_batting_stats.war,batter,,23,61,38
592885,3.99,39.94,0.0531,0.431,0.378,940,,,2023-2024,False,3.108683366386868,957.0,season_batting_stats.war,batter,,24,71,47
680776,3.92,39.17,0.0448,0.414,0.369,1092,,,2023-2024,False,6.743217412906765,1094.0,season_batting_stats.war,batter,,25,6,-19
663586,3.77,37.72,0.0397,0.405,0.365,1189,,,2023-2024,False,4.809900100979578,1201.0,season_batting_stats.war,batter,,26,21,-5
682998,3.65,36.49,0.0331,0.391,0.358,1379,,,2023-2024,False,4.307164273536536,1407.0,season_batting_stats.war,batter,,27,28,1
641355,3.31,33.07,0.0372,0.399,0.362,1110,,,2023-2024,False,3.4703822366926405,1125.0,season_batting_stats.war,batter,,28,54,26
607208,3.14,31.44,0.0303,0.386,0.356,1295,,,2023-2024,False,3.2096159469147434,1302.0,season_batting_stats.war,batter,,29,66,37
596019,3.06,30.55,0.0268,0.387,0.36,1424,,,2023-2024,False,6.481244699016566,1438.0,season_batting_stats.war,batter,,30,9,-21
575929,3.05,30.5,0.0452,0.416,0.37,844,,,2023-2024,False,3.2082883336200245,853.0,season_batting_stats.war,batter,,31,67,36
624413,3.0,30.01,0.027,0.38,0.353,1388,,,2023-2024,False,2.8530687424073737,1411.0,season_batting_stats.war,batter,,32,87,55
608070,2.97,29.68,0.0272,0.389,0.361,1366,,,2023-2024,False,5.873959212212304,1417.0,season_batting_stats.war,batter,,33,12,-21
665487,2.96,29.58,0.0337,0.393,0.359,1098,,,2023-2024,False,4.13531283476303,1103.0,season_batting_stats.war,batter,,34,34,0
677594,2.84,28.39,0.0271,0.38,0.353,1308,,,2023-2024,False,4.914091962930756,1327.0,season_batting_stats.war,batter,,35,19,-16
682985,2.79,27.92,0.0344,0.393,0.359,1016,,,2023-2024,False,3.9121630679740127,1031.0,season_batting_stats.war,batter,,36,38,2
608324,2.78,27.77,0.0247,0.376,0.352,1404,,,2023-2024,False,4.466197825994593,1415.0,season_batting_stats.war,batter,,37,25,-12
606192,2.73,27.32,0.0247,0.375,0.35,1385,,,2023-2024,False,3.2495502292216463,1401.0,season_batting_stats.war,batter,,38,63,25
624585,2.73,27.32,0.0295,0.386,0.356,1156,,,2023-2024,False,1.2709231174909152,1170.0,season_batting_stats.war,batter,,38,222,184
592626,2.69,26.95,0.0394,0.41,0.37,856,,,2023-2024,False,1.7696567290298453,874.0,season_batting_stats.war,batter,,40,167,127
670623,2.68,26.77,0.0276,0.381,0.353,1212,,,2023-2024,False,3.427647460484114,1220.0,season_batting_stats.war,batter,,41,55,14
681481,2.54,25.39,0.0417,0.411,0.369,762,,,2023-2024,False,2.0744644451141356,775.0,season_batting_stats.war,batter,,42,140,98
607043,2.48,24.78,0.0223,0.369,0.346,1388,,,2023-2024,False,3.0598432320997873,1403.0,season_batting_stats.war,batter,,43,75,32
572233,2.45,24.52,0.0242,0.375,0.35,1268,,,2023-2024,False,3.2171428544180736,1288.0,season_batting_stats.war,batter,,44,65,21
670242,2.35,23.49,0.0558,0.439,0.383,526,,,2023-2024,False,2.1500000953674316,527.0,season_batting_stats.war,batter,,45,138,93
671213,2.29,22.86,0.039,0.405,0.366,733,,,2023-2024,False,1.7154178175964767,742.0,season_batting_stats.war,batter,,46,175,129
668227,2.25,22.47,0.0216,0.369,0.348,1303,,,2023-2024,False,2.579190892299623,1310.0,season_batting_stats.war,batter,,47,101,54
571970,2.25,22.45,0.0301,0.386,0.356,933,,,2023-2024,False,2.9164985023462435,951.0,season_batting_stats.war,batter,,47,83,36
650333,2.24,22.4,0.0215,0.368,0.347,1303,,,2023-2024,False,2.707801322351737,1328.0,season_batting_stats.war,batter,,49,90,41
502110,2.23,22.3,0.0279,0.382,0.354,999,,,2023-2024,False,1.2335148320634766,1010.0,season_batting_stats.war,batter,,50,226,176
668804,2.2,22.0,0.0208,0.375,0.354,1319,,,2023-2024,False,3.029789789302929,1332.0,season_batting_stats.war,batter,,51,78,27
673237,2.15,21.49,0.0266,0.38,0.354,1011,,,2023-2024,False,3.136886012109183,1018.0,season_batting_stats.war,batter,,52,69,17
666134,2.13,21.31,0.0375,0.4,0.362,711,,,2023-2024,False,2.1815256426800635,721.0,season_batting_stats.war,batter,,53,134,81
621043,2.13,21.32,0.0279,0.381,0.354,954,,,2023-2024,False,2.200648884326373,971.0,season_batting_stats.war,batter,,53,131,78
668715,2.12,21.17,0.0202,0.367,0.347,1310,,,2023-2024,False,2.1847009312285337,1321.0,season_batting_stats.war,batter,,55,133,78
545361,2.1,20.96,0.0545,0.432,0.377,481,,,2023-2024,False,2.424590220216845,488.0,season_batting_stats.war,batter,,56,114,58
663993,2.07,20.65,0.0192,0.365,0.345,1347,,,2023-2024,False,2.943967724266865,1361.0,season_batting_stats.war,batter,,57,80,23
543760,1.92,19.17,0.0156,0.357,0.341,1536,,,2023-2024,False,6.2220475457210505,1553.0,season_batting_stats.war,batter,,58,11,-47
680574,1.91,19.13,0.0595,0.447,0.388,402,,,2023-2024,False,3.569999933242798,403.0,season_batting_stats.war,batter,,59,50,-9
807799,1.91,19.06,0.024,0.374,0.35,993,,,2023-2024,False,1.4736509584974022,997.0,season_batting_stats.war,batter,,59,206,147
502671,1.91,19.12,0.018,0.362,0.344,1326,,,2023-2024,False,2.382885860916752,1341.0,season_batting_stats.war,batter,,59,118,59
647304,1.86,18.58,0.0203,0.367,0.347,1143,,,2023-2024,False,1.7997182060977925,1171.0,season_batting_stats.war,batter,,62,165,103
457759,1.86,18.6,0.0201,0.367,0.347,1157,,,2023-2024,False,1.7853904868400148,1165.0,season_batting_stats.war,batter,,62,166,104
669016,1.84,18.38,0.0231,0.372,0.349,993,,,2023-2024,False,3.1798603693961147,1003.0,season_batting_stats.war,batter,,64,68,4
701538,1.76,17.58,0.0358,0.397,0.361,614,,,2023-2024,False,4.460000038146973,620.0,season_batting_stats.war,batter,,65,26,-39
664774,1.75,17.47,0.0242,0.377,0.353,901,,,2023-2024,False,2.4813042923160222,920.0,season_batting_stats.war,batter,,66,108,42
664023,1.74,17.43,0.0163,0.366,0.35,1338,,,2023-2024,False,3.7252077327637716,1348.0,season_batting_stats.war,batter,,67,46,-21
666969,1.74,17.41,0.0164,0.359,0.342,1330,,,2023-2024,False,2.685706804248051,1337.0,season_batting_stats.war,batter,,67,92,25
670042,1.7,16.96,0.0248,0.378,0.353,854,,,2023-2024,False,2.9425203935886786,861.0,season_batting_stats.war,batter,,69,81,12
656305,1.7,17.01,0.0174,0.36,0.343,1220,,,2023-2024,False,5.754757344144062,1236.0,season_batting_stats.war,batter,,69,14,-55
545341,1.67,16.66,0.0279,0.384,0.356,747,,,2023-2024,False,1.6513200469017029,750.0,season_batting_stats.war,batter,,71,183,112
680977,1.64,16.37,0.0202,0.365,0.345,1013,,,2023-2024,False,2.4299804522261708,1023.0,season_batting_stats.war,batter,,72,113,41
592518,1.64,16.43,0.0164,0.359,0.343,1253,,,2023-2024,False,2.8868317562829025,1272.0,season_batting_stats.war,batter,,72,85,13
663457,1.64,16.42,0.0229,0.372,0.349,896,,,2023-2024,False,2.5106608068102783,908.0,season_batting_stats.war,batter,,72,106,34
669394,1.62,16.25,0.0181,0.362,0.344,1123,,,2023-2024,False,1.6221225674050739,1126.0,season_batting_stats.war,batter,,75,186,111
680757,1.62,16.24,0.0157,0.355,0.339,1291,,,2023-2024,False,3.543170027126762,1306.0,season_batting_stats.war,batter,,75,51,-24
592206,1.61,16.07,0.0145,0.355,0.34,1387,,,2023-2024,False,1.029614026585675,1399.0,season_batting_stats.war,batter,,77,249,172
474832,1.5,14.99,0.046,0.422,0.376,407,,,2023-2024,False,1.9700000286102295,412.0,season_batting_stats.war,batter,,78,149,71
670770,1.44,14.4,0.0205,0.368,0.347,880,,,2023-2024,False,2.422920786816141,897.0,season_batting_stats.war,batter,,79,115,36
668904,1.43,14.28,0.0304,0.388,0.357,587,,,2023-2024,False,1.4460170021501637,590.0,season_batting_stats.war,batter,,80,210,130
671739,1.37,13.74,0.0168,0.358,0.341,1021,,,2023-2024,False,3.3775728216449035,1030.0,season_batting_stats.war,batter,,81,60,-21
645302,1.34,13.38,0.0412,0.407,0.366,406,,,2023-2024,False,2.1602374631336354,421.0,season_batting_stats.war,batter,,82,136,54
457705,1.29,12.87,0.0164,0.359,0.343,979,,,2023-2024,False,1.1345850009667247,988.0,season_batting_stats.war,batter,,83,238,155
656811,1.28,12.77,0.0185,0.366,0.348,864,,,2023-2024,False,1.527057479441851,870.0,season_batting_stats.war,batter,,84,195,111
623993,1.28,12.76,0.012,0.357,0.345,1330,,,2023-2024,False,2.8694932984879404,1342.0,season_batting_stats.war,batter,,84,86,2
641933,1.27,12.69,0.0218,0.37,0.348,728,,,2023-2024,False,1.9252102489063827,737.0,season_batting_stats.war,batter,,86,153,67
673962,1.27,12.66,0.0207,0.365,0.345,764,,,2023-2024,False,2.1503362794434424,773.0,season_batting_stats.war,batter,,86,137,51
673357,1.24,12.36,0.0154,0.357,0.341,1002,,,2023-2024,False,3.618333488702774,1020.0,season_batting_stats.war,batter,,88,49,-39
694192,1.23,12.35,0.0267,0.379,0.353,579,,,2023-2024,False,3.859999895095825,585.0,season_batting_stats.war,batter,,89,42,-47
650402,1.23,12.32,0.011,0.347,0.336,1395,,,2023-2024,False,2.377069735255723,1406.0,season_batting_stats.war,batter,,89,119,30
641487,1.22,12.2,0.0142,0.352,0.338,1075,,,2023-2024,False,4.153939451834168,1089.0,season_batting_stats.war,batter,,91,32,-59
677551,1.22,12.23,0.0316,0.397,0.365,483,,,2023-2024,False,5.360000133514404,491.0,season_batting_stats.war,batter,,91,17,-74
663697,1.2,12.02,0.013,0.352,0.339,1156,,,2023-2024,False,1.4930617131458956,1166.0,season_batting_stats.war,batter,,93,202,109
669221,1.18,11.76,0.0208,0.367,0.347,705,,,2023-2024,False,2.993749976158142,712.0,season_batting_stats.war,batter,,94,79,-15
669257,1.17,11.67,0.0126,0.351,0.339,1154,,,2023-2024,False,3.7668255071437104,1175.0,season_batting_stats.war,batter,,95,44,-51
663538,1.15,11.53,0.0109,0.348,0.337,1321,,,2023-2024,False,4.630413869343995,1329.0,season_batting_stats.war,batter,,96,22,-74
681807,1.13,11.29,0.0266,0.382,0.356,531,,,2023-2024,False,1.1491791187827267,536.0,season_batting_stats.war,batter,,97,236,139
453568,1.13,11.31,0.0157,0.356,0.341,898,,,2023-2024,False,0.9075657786768779,912.0,season_batting_stats.war,batter,,97,257,160
666149,1.1,11.04,0.037,0.402,0.365,373,,,2023-2024,False,2.50698667550087,375.0,season_batting_stats.war,batter,,99,107,8
621439,1.08,10.81,0.0186,0.363,0.344,728,,,2023-2024,False,2.222989080068858,736.0,season_batting_stats.war,batter,,100,125,25
668901,1.07,10.71,0.018,0.363,0.345,744,,,2023-2024,False,1.804590551005114,745.0,season_batting_stats.war,batter,,101,164,63
642715,1.06,10.64,0.0099,0.346,0.336,1338,,,2023-2024,False,3.066017891641535,1346.0,season_batting_stats.war,batter,,102,72,-30
592663,1.05,10.48,0.013,0.351,0.338,1011,,,2023-2024,False,3.2484818198421674,1021.0,season_batting_stats.war,batter,,103,64,-39
663886,1.04,10.38,0.0127,0.351,0.338,1022,,,2023-2024,False,1.4782171030492746,1032.0,season_batting_stats.war,batter,,104,205,101
595777,1.01,10.11,0.0105,0.354,0.344,1207,,,2023-2024,False,1.5251108726322797,1217.0,season_batting_stats.war,batter,,105,196,91
596146,1.0,10.01,0.0138,0.355,0.341,907,,,2023-2024,False,1.985492315868841,914.0,season_batting_stats.war,batter,,106,148,42
664761,1.0,10.03,0.0098,0.345,0.336,1275,,,2023-2024,False,1.5757632346539483,1284.0,season_batting_stats.war,batter,,106,189,83
657041,0.98,9.75,0.0098,0.345,0.336,1247,,,2023-2024,False,1.9046528124371624,1253.0,season_batting_stats.war,batter,,108,159,51
621493,0.94,9.37,0.011,0.348,0.337,1063,,,2023-2024,False,2.047789190020134,1072.0,season_batting_stats.war,batter,,109,142,33
645277,0.93,9.28,0.0104,0.353,0.343,1110,,,2023-2024,False,3.646821445971727,1120.0,season_batting_stats.war,batter,,110,48,-62
680777,0.92,9.18,0.0141,0.354,0.34,817,,,2023-2024,False,2.568942867825996,823.0,season_batting_stats.war,batter,,111,103,-8
672515,0.92,9.22,0.0146,0.355,0.34,787,,,2023-2024,False,3.5162921032209074,801.0,season_batting_stats.war,batter,,111,52,-59
682829,0.92,9.16,0.0103,0.353,0.343,1112,,,2023-2024,False,3.510365120768016,1123.0,season_batting_stats.war,batter,,111,53,-58
527038,0.89,8.86,0.0161,0.36,0.343,688,,,2023-2024,False,1.5464943022220985,696.0,season_batting_stats.war,batter,,114,193,79
671056,0.87,8.72,0.0361,0.398,0.362,302,,,2023-2024,False,1.559438926551995,303.0,season_batting_stats.war,batter,,115,192,77
677800,0.86,8.62,0.0204,0.37,0.349,528,,,2023-2024,False,3.122579968245016,531.0,season_batting_stats.war,batter,,116,70,-46
650859,0.85,8.54,0.0145,0.361,0.346,739,,,2023-2024,False,1.8994125976104126,749.0,season_batting_stats.war,batter,,117,161,44
664040,0.84,8.37,0.0122,0.354,0.342,856,,,2023-2024,False,2.203147426853335,861.0,season_batting_stats.war,batter,,118,129,11
669364,0.84,8.42,0.0275,0.388,0.36,382,,,2023-2024,False,1.6774741377604683,388.0,season_batting_stats.war,batter,,118,179,61
608701,0.82,8.16,0.0188,0.367,0.348,543,,,2023-2024,False,0.7085714214123212,546.0,season_batting_stats.war,batter,,120,282,162
666971,0.76,7.58,0.0079,0.342,0.334,1198,,,2023-2024,False,2.4630618064001264,1215.0,season_batting_stats.war,batter,,121,109,-12
456781,0.75,7.5,0.012,0.35,0.338,782,,,2023-2024,False,1.3411068960303871,786.0,season_batting_stats.war,batter,,122,220,98
695578,0.73,7.34,0.0275,0.379,0.351,334,,,2023-2024,False,1.0700000524520874,336.0,season_batting_stats.war,batter,,123,245,122
669003,0.72,7.21,0.0306,0.39,0.359,295,,,2023-2024,False,1.7049999499557824,302.0,season_batting_stats.war,batter,,124,176,52
676801,0.71,7.13,0.0118,0.349,0.338,756,,,2023-2024,False,1.9602638981587654,758.0,season_batting_stats.war,batter,,125,150,25
694497,0.7,7.05,0.0291,0.382,0.353,303,,,2023-2024,False,1.12339806788176,309.0,season_batting_stats.war,batter,,126,240,114
687462,0.69,6.94,0.0205,0.368,0.348,423,,,2023-2024,False,1.0482464316896918,422.0,season_batting_stats.war,batter,,127,247,120
578428,0.67,6.71,0.025,0.376,0.351,336,,,2023-2024,False,3.0399999618530273,337.0,season_batting_stats.war,batter,,128,77,-51
673490,0.67,6.71,0.0078,0.342,0.334,1070,,,2023-2024,False,4.213540145950596,1096.0,season_batting_stats.war,batter,,128,29,-99
676059,0.65,6.53,0.0118,0.349,0.337,691,,,2023-2024,False,1.9040895986419193,692.0,season_batting_stats.war,batter,,130,160,30
593428,0.64,6.43,0.007,0.339,0.332,1142,,,2023-2024,False,2.912669040508039,1154.0,season_batting_stats.war,batter,,131,84,-47
671218,0.61,6.11,0.0133,0.354,0.341,572,,,2023-2024,False,2.0101037813305442,578.0,season_batting_stats.war,batter,,132,144,12
665862,0.58,5.79,0.0069,0.337,0.331,1055,,,2023-2024,False,2.20213424731723,1073.0,season_batting_stats.war,batter,,133,130,-3
592192,0.57,5.72,0.0074,0.341,0.333,963,,,2023-2024,False,1.3627607657865513,978.0,season_batting_stats.war,batter,,134,219,85
665833,0.57,5.69,0.0114,0.348,0.337,624,,,2023-2024,False,2.4085132484331564,639.0,season_batting_stats.war,batter,,134,117,-17
666139,0.56,5.63,0.008,0.345,0.338,885,,,2023-2024,False,2.3715565998236516,893.0,season_batting_stats.war,batter,,136,120,-16
643565,0.56,5.64,0.0094,0.347,0.337,748,,,2023-2024,False,1.7313049537999017,751.0,season_batting_stats.war,batter,,136,173,37
660821,0.52,5.19,0.0069,0.342,0.335,936,,,2023-2024,False,1.2083262780965385,944.0,season_batting_stats.war,batter,,138,229,91
571448,0.48,4.78,0.0048,0.337,0.332,1233,,,2023-2024,False,2.4497033402550765,1247.0,season_batting_stats.war,batter,,139,110,-29
641857,0.48,4.81,0.0048,0.334,0.33,1253,,,2023-2024,False,2.6256132019015976,1272.0,season_batting_stats.war,batter,,139,95,-44
663624,0.47,4.72,0.006,0.338,0.332,987,,,2023-2024,False,2.2143529776704227,997.0,season_batting_stats.war,batter,,141,127,-14
666397,0.46,4.57,0.0078,0.344,0.336,729,,,2023-2024,False,1.453529360539773,731.0,season_batting_stats.war,batter,,142,208,66
669720,0.46,4.58,0.0069,0.34,0.333,828,,,2023-2024,False,1.6686038193526302,838.0,season_batting_stats.war,batter,,142,181,39
553993,0.45,4.5,0.0042,0.335,0.331,1325,,,2023-2024,False,2.707046508074164,1334.0,season_batting_stats.war,batter,,144,91,-53
542932,0.43,4.3,0.0106,0.346,0.335,506,,,2023-2024,False,1.9166667262713115,516.0,season_batting_stats.war,batter,,145,156,11
573262,0.39,3.88,0.0058,0.337,0.332,843,,,2023-2024,False,2.22814034579093,855.0,season_batting_stats.war,batter,,146,124,-22
600869,0.36,3.57,0.0043,0.342,0.338,1030,,,2023-2024,False,1.4997978783548738,1039.0,season_batting_stats.war,batter,,147,197,50
666182,0.35,3.52,0.0047,0.334,0.329,929,,,2023-2024,False,2.9402222209506563,945.0,season_batting_stats.war,batter,,148,82,-66
519317,0.35,3.48,0.0047,0.335,0.33,920,,,2023-2024,False,0.11276710065256836,936.0,season_batting_stats.war,batter,,148,349,201
656976,0.33,3.28,0.0104,0.348,0.338,395,,,2023-2024,False,-0.2569017474837507,397.0,season_batting_stats.war,batter,,150,386,236
608385,0.33,3.31,0.0057,0.339,0.333,730,,,2023-2024,False,1.2164004952401044,739.0,season_batting_stats.war,batter,,150,228,78
641598,0.32,3.17,0.0048,0.335,0.33,826,,,2023-2024,False,1.0216546568581812,834.0,season_batting_stats.war,batter,,152,250,98
678009,0.32,3.21,0.0086,0.342,0.333,469,,,2023-2024,False,1.7605719509518754,472.0,season_batting_stats.war,batter,,152,169,17
687263,0.22,2.25,0.003,0.33,0.327,924,,,2023-2024,False,3.823157837516383,931.0,season_batting_stats.war,batter,,154,43,-111
668939,0.22,2.21,0.0021,0.337,0.335,1331,,,2023-2024,False,3.7536702733514566,1346.0,season_batting_stats.war,batter,,154,45,-109
656582,0.22,2.16,0.0031,0.333,0.33,884,,,2023-2024,False,0.691261257674243,888.0,season_batting_stats.war,batter,,154,285,131
663616,0.22,2.18,0.0045,0.34,0.335,604,,,2023-2024,False,0.8500653343896071,612.0,season_batting_stats.war,batter,,154,264,110
518792,0.2,2.03,0.004,0.339,0.335,641,,,2023-2024,False,1.5841395228408104,645.0,season_batting_stats.war,batter,,158,188,30
641584,0.2,2.05,0.0034,0.336,0.333,752,,,2023-2024,False,0.5493438439419264,762.0,season_batting_stats.war,batter,,158,304,146
664983,0.2,2.02,0.0032,0.33,0.327,786,,,2023-2024,False,1.1683271237022372,807.0,season_batting_stats.war,batter,,158,235,77
679529,0.2,2.02,0.0023,0.33,0.327,1077,,,2023-2024,False,0.7113223011828651,1089.0,season_batting_stats.war,batter,,158,280,122
683737,0.19,1.91,0.0037,0.334,0.331,646,,,2023-2024,False,2.429999925196171,648.0,season_batting_stats.war,batter,,162,112,-50
605137,0.18,1.82,0.0019,0.338,0.336,1209,,,2023-2024,False,-0.1982084756674615,1228.0,season_batting_stats.war,batter,,163,378,215
694671,0.16,1.6,0.0036,0.333,0.33,551,,,2023-2024,False,4.190000057220459,557.0,season_batting_stats.war,batter,,164,30,-134
666181,0.15,1.54,0.0027,0.333,0.33,712,,,2023-2024,False,-0.009316641250248567,717.0,season_batting_stats.war,batter,,165,356,191
521692,0.15,1.51,0.0015,0.329,0.327,1234,,,2023-2024,False,1.6764439065587264,1257.0,season_batting_stats.war,batter,,165,180,15
668709,0.14,1.38,0.0018,0.331,0.329,941,,,2023-2024,False,1.4117778557160543,945.0,season_batting_stats.war,batter,,167,215,48
502054,0.14,1.37,0.0017,0.33,0.328,1029,,,2023-2024,False,0.7031953607303116,1039.0,season_batting_stats.war,batter,,167,283,116
671732,0.13,1.27,0.0027,0.332,0.329,578,,,2023-2024,False,2.1737758943746828,580.0,season_batting_stats.war,batter,,169,135,-34
676116,0.13,1.33,0.0028,0.331,0.328,603,,,2023-2024,False,1.6781188659738786,606.0,season_batting_stats.war,batter,,169,178,9
624424,0.13,1.32,0.0017,0.331,0.33,946,,,2023-2024,False,1.0643214755118018,958.0,season_batting_stats.war,batter,,169,246,77
650489,0.11,1.1,0.0013,0.335,0.334,1054,,,2023-2024,False,2.001583483509024,1061.0,season_batting_stats.war,batter,,172,146,-26
621466,0.1,0.98,0.0033,0.334,0.331,377,,,2023-2024,False,-0.218654336589622,379.0,season_batting_stats.war,batter,,173,380,207
694384,0.1,0.98,0.0017,0.329,0.327,733,,,2023-2024,False,1.0081597062505792,739.0,season_batting_stats.war,batter,,173,252,79
676369,0.09,0.91,0.0028,0.331,0.329,409,,,2023-2024,False,0.2546210189903278,409.0,season_batting_stats.war,batter,,175,332,157
691023,0.08,0.83,0.0016,0.329,0.328,637,,,2023-2024,False,-0.3093157025694291,643.0,season_batting_stats.war,batter,,176,395,219
681351,0.07,0.65,0.0011,0.327,0.326,716,,,2023-2024,False,2.0897088082256663,721.0,season_batting_stats.war,batter,,177,139,-38
596142,0.07,0.71,0.0016,0.33,0.329,554,,,2023-2024,False,1.1453430102297546,554.0,season_batting_stats.war,batter,,177,237,60
623912,0.05,0.51,0.0009,0.329,0.328,679,,,2023-2024,False,1.2684011438774854,688.0,season_batting_stats.war,batter,,179,223,44
666165,0.04,0.35,0.0012,0.33,0.329,377,,,2023-2024,False,0.15994764934659628,382.0,season_batting_stats.war,batter,,180,342,162
681146,0.02,0.18,0.0006,0.331,0.33,376,,,2023-2024,False,0.5058200985350937,378.0,season_batting_stats.war,batter,,181,310,129
602104,0.01,0.05,0.0001,0.327,0.327,701,,,2023-2024,False,1.575495761109479,706.0,season_batting_stats.war,batter,,182,190,8
467793,0.0,0.03,0.0,0.334,0.334,1211,,,2023-2024,False,2.572225912893267,1222.0,season_batting_stats.war,batter,,183,102,-81
686469,-0.01,-0.13,-0.0002,0.327,0.327,831,,,2023-2024,False,0.8952380559362826,840.0,season_batting_stats.war,batter,,184,258,74
672640,-0.02,-0.15,-0.0004,0.327,0.327,432,,,2023-2024,False,2.809999942779541,434.0,season_batting_stats.war,batter,,185,88,-97
676391,-0.02,-0.2,-0.0005,0.326,0.327,500,,,2023-2024,False,3.0592856624769786,504.0,season_batting_stats.war,batter,,185,76,-109
669134,-0.03,-0.33,-0.0009,0.323,0.324,470,,,2023-2024,False,-0.029915424658430556,473.0,season_batting_stats.war,batter,,187,359,172
658668,-0.03,-0.25,-0.0005,0.324,0.325,577,,,2023-2024,False,-0.06698796099208924,581.0,season_batting_stats.war,batter,,187,365,178
669743,-0.03,-0.31,-0.0007,0.325,0.325,545,,,2023-2024,False,1.1262137453625167,552.0,season_batting_stats.war,batter,,187,239,52
643376,-0.04,-0.38,-0.0008,0.324,0.325,620,,,2023-2024,False,1.1207729670160635,621.0,season_batting_stats.war,batter,,190,241,51
609280,-0.06,-0.62,-0.0019,0.323,0.325,409,,,2023-2024,False,0.29938874781714675,409.0,season_batting_stats.war,batter,,191,328,137
663698,-0.06,-0.58,-0.0019,0.323,0.325,375,,,2023-2024,False,1.532307738413545,377.0,season_batting_stats.war,batter,,191,194,3
682928,-0.07,-0.66,-0.0007,0.323,0.324,1201,,,2023-2024,False,3.390592091569775,1216.0,season_batting_stats.war,batter,,193,58,-135
669261,-0.07,-0.71,-0.0011,0.325,0.326,799,,,2023-2024,False,0.8052650227058683,811.0,season_batting_stats.war,batter,,193,270,77
663837,-0.07,-0.7,-0.0008,0.324,0.325,1114,,,2023-2024,False,2.1968141277279476,1130.0,season_batting_stats.war,batter,,193,132,-61
605170,-0.13,-1.3,-0.0032,0.328,0.331,506,,,2023-2024,False,1.0075196776333757,508.0,season_batting_stats.war,batter,,196,253,57
681546,-0.15,-1.46,-0.0025,0.321,0.324,720,,,2023-2024,False,2.60115231064612,729.0,season_batting_stats.war,batter,,197,99,-98
666023,-0.16,-1.59,-0.0033,0.32,0.323,599,,,2023-2024,False,2.541525776508831,603.0,season_batting_stats.war,batter,,198,105,-93
680700,-0.17,-1.67,-0.005,0.319,0.324,414,,,2023-2024,False,1.4949760434159822,418.0,season_batting_stats.war,batter,,199,199,0
624641,-0.18,-1.84,-0.004,0.321,0.325,576,,,2023-2024,False,1.3900344986340096,580.0,season_batting_stats.war,batter,,200,216,16
666135,-0.18,-1.84,-0.0046,0.32,0.324,504,,,2023-2024,False,0.11559054337617919,508.0,season_batting_stats.war,batter,,200,348,148
657656,-0.18,-1.75,-0.0031,0.319,0.322,716,,,2023-2024,False,1.49413311597213,721.0,season_batting_stats.war,batter,,200,201,1
605204,-0.18,-1.81,-0.0032,0.319,0.322,698,,,2023-2024,False,0.6108392460078298,703.0,season_batting_stats.war,batter,,200,292,92
671277,-0.19,-1.85,-0.0023,0.321,0.324,999,,,2023-2024,False,1.4532475734701251,1010.0,season_batting_stats.war,batter,,204,209,5
660766,-0.2,-2.01,-0.0081,0.312,0.32,311,,,2023-2024,False,0.2967515866847555,314.0,season_batting_stats.war,batter,,205,329,124
660162,-0.26,-2.61,-0.0083,0.316,0.324,393,,,2023-2024,False,0.5885820842500943,402.0,season_batting_stats.war,batter,,206,298,92
663898,-0.26,-2.56,-0.0044,0.317,0.322,726,,,2023-2024,False,0.7162380209536624,731.0,season_batting_stats.war,batter,,206,279,73
669701,-0.27,-2.7,-0.0041,0.318,0.322,816,,,2023-2024,False,2.792038822058335,824.0,season_batting_stats.war,batter,,208,89,-119
669357,-0.27,-2.68,-0.0039,0.32,0.324,856,,,2023-2024,False,1.4880137949424859,866.0,season_batting_stats.war,batter,,208,203,-5
669304,-0.29,-2.9,-0.0063,0.314,0.32,575,,,2023-2024,False,1.1850774963218045,581.0,season_batting_stats.war,batter,,210,234,24
621020,-0.29,-2.89,-0.003,0.319,0.322,1222,,,2023-2024,False,4.576750677063831,1231.0,season_batting_stats.war,batter,,210,23,-187
596129,-0.29,-2.85,-0.0091,0.313,0.322,392,,,2023-2024,False,0.093040202692825,398.0,season_batting_stats.war,batter,,210,352,142
681297,-0.3,-3.05,-0.0059,0.313,0.319,642,,,2023-2024,False,2.414558075195135,645.0,season_batting_stats.war,batter,,213,116,-97
681624,-0.3,-2.98,-0.0081,0.309,0.317,460,,,2023-2024,False,1.2000000476837158,463.0,season_batting_stats.war,batter,,213,232,19
408234,-0.32,-3.2,-0.011,0.305,0.315,365,,,2023-2024,False,-0.30000001192092896,370.0,season_batting_stats.war,batter,,215,391,176
663728,-0.33,-3.29,-0.0035,0.327,0.33,1180,,,2023-2024,False,4.036298956588197,1197.0,season_batting_stats.war,batter,,216,36,-180
672695,-0.36,-3.58,-0.0049,0.323,0.328,912,,,2023-2024,False,2.618308665132422,946.0,season_batting_stats.war,batter,,217,97,-120
645801,-0.36,-3.61,-0.0145,0.302,0.316,312,,,2023-2024,False,0.5368370520421111,313.0,season_batting_stats.war,batter,,217,307,90
553869,-0.36,-3.62,-0.0053,0.316,0.321,861,,,2023-2024,False,1.3897266610608285,878.0,season_batting_stats.war,batter,,217,217,0
657136,-0.38,-3.85,-0.0055,0.316,0.321,880,,,2023-2024,False,1.95017980029074,890.0,season_batting_stats.war,batter,,220,151,-69
687952,-0.4,-4.03,-0.0139,0.296,0.31,363,,,2023-2024,False,-0.053489005991390774,364.0,season_batting_stats.war,batter,,221,363,142
543309,-0.4,-4.02,-0.0092,0.308,0.317,543,,,2023-2024,False,0.6028440337662303,545.0,season_batting_stats.war,batter,,221,293,72
621550,-0.41,-4.14,-0.011,0.306,0.317,469,,,2023-2024,False,0.1519747869808133,476.0,season_batting_stats.war,batter,,223,344,121
676475,-0.43,-4.25,-0.0057,0.316,0.322,938,,,2023-2024,False,0.6174840742995025,942.0,season_batting_stats.war,batter,,224,291,67
683734,-0.44,-4.43,-0.0045,0.317,0.321,1228,,,2023-2024,False,0.568444062308129,1234.0,season_batting_stats.war,batter,,225,302,77
666158,-0.44,-4.39,-0.0104,0.308,0.318,527,,,2023-2024,False,2.009999990463257,530.0,season_batting_stats.war,batter,,225,145,-80
677649,-0.45,-4.53,-0.0079,0.31,0.318,721,,,2023-2024,False,0.7360359188683784,724.0,season_batting_stats.war,batter,,227,275,48
656555,-0.48,-4.77,-0.0113,0.303,0.314,526,,,2023-2024,False,-0.10999999940395355,527.0,season_batting_stats.war,batter,,228,370,142
543807,-0.48,-4.75,-0.0046,0.317,0.321,1295,,,2023-2024,False,1.4941903372407417,1303.0,season_batting_stats.war,batter,,228,200,-28
669242,-0.48,-4.82,-0.0082,0.315,0.323,735,,,2023-2024,False,1.7258822988061344,748.0,season_batting_stats.war,batter,,228,174,-54
664238,-0.49,-4.88,-0.0101,0.308,0.318,603,,,2023-2024,False,1.6598019151404353,606.0,season_batting_stats.war,batter,,231,182,-49
665161,-0.49,-4.85,-0.0046,0.317,0.322,1312,,,2023-2024,False,3.8894602544661585,1334.0,season_batting_stats.war,batter,,231,41,-190
687401,-0.49,-4.92,-0.0112,0.304,0.315,550,,,2023-2024,False,2.6375539031268347,556.0,season_batting_stats.war,batter,,231,94,-137
596103,-0.5,-4.96,-0.0147,0.301,0.316,421,,,2023-2024,False,0.24168646080760095,421.0,season_batting_stats.war,batter,,234,334,100
669707,-0.54,-5.45,-0.0104,0.305,0.316,654,,,2023-2024,False,1.60102287539999,655.0,season_batting_stats.war,batter,,235,187,-48
666624,-0.55,-5.47,-0.0066,0.312,0.319,1031,,,2023-2024,False,0.2656250216066837,1040.0,season_batting_stats.war,batter,,236,331,95
678662,-0.56,-5.57,-0.0054,0.316,0.322,1289,,,2023-2024,False,3.06358775473733,1310.0,season_batting_stats.war,batter,,237,73,-164
641943,-0.56,-5.65,-0.021,0.287,0.308,336,,,2023-2024,False,-0.18894737181172036,342.0,season_batting_stats.war,batter,,237,377,140
571657,-0.56,-5.55,-0.0114,0.304,0.315,610,,,2023-2024,False,0.8808780313507328,615.0,season_batting_stats.war,batter,,237,261,24
630105,-0.56,-5.56,-0.0059,0.314,0.32,1185,,,2023-2024,False,1.4240149530092083,1203.0,season_batting_stats.war,batter,,237,213,-24
518595,-0.57,-5.71,-0.0112,0.301,0.312,637,,,2023-2024,False,0.6852631828179669,646.0,season_batting_stats.war,batter,,241,287,46
676914,-0.59,-5.93,-0.0125,0.302,0.315,593,,,2023-2024,False,0.326824336363053,592.0,season_batting_stats.war,batter,,242,326,84
672284,-0.59,-5.92,-0.0087,0.31,0.318,850,,,2023-2024,False,1.24795370095038,865.0,season_batting_stats.war,batter,,242,225,-17
543305,-0.6,-5.99,-0.0197,0.292,0.312,380,,,2023-2024,False,0.33199997490102595,385.0,season_batting_stats.war,batter,,244,323,79
656413,-0.6,-5.99,-0.0156,0.296,0.312,480,,,2023-2024,False,0.6969262226561054,488.0,season_batting_stats.war,batter,,244,284,40
643446,-0.61,-6.05,-0.0068,0.311,0.318,1119,,,2023-2024,False,2.054739645699537,1133.0,season_batting_stats.war,batter,,246,141,-105
643289,-0.61,-6.07,-0.0081,0.31,0.318,940,,,2023-2024,False,1.9068665005556542,951.0,season_batting_stats.war,batter,,246,157,-89
628451,-0.62,-6.21,-0.0123,0.304,0.316,633,,,2023-2024,False,1.643144685517317,636.0,season_batting_stats.war,batter,,248,185,-63
641432,-0.62,-6.2,-0.0193,0.291,0.31,401,,,2023-2024,False,-0.20260545404318248,403.0,season_batting_stats.war,batter,,248,379,131
682626,-0.62,-6.16,-0.0095,0.306,0.316,809,,,2023-2024,False,0.8829310294148958,812.0,season_batting_stats.war,batter,,248,259,11
607732,-0.63,-6.25,-0.0143,0.297,0.311,546,,,2023-2024,False,0.4565473939950223,559.0,season_batting_stats.war,batter,,251,316,65
665839,-0.64,-6.37,-0.0216,0.287,0.308,369,,,2023-2024,False,-0.32370969028242175,372.0,season_batting_stats.war,batter,,252,397,145
650391,-0.64,-6.44,-0.0098,0.306,0.315,823,,,2023-2024,False,-0.023902169631033924,838.0,season_batting_stats.war,batter,,252,357,105
519058,-0.65,-6.5,-0.0213,0.286,0.307,381,,,2023-2024,False,-0.09000000357627869,386.0,season_batting_stats.war,batter,,254,368,114
681082,-0.65,-6.54,-0.0065,0.312,0.319,1265,,,2023-2024,False,3.394760855506448,1275.0,season_batting_stats.war,batter,,254,57,-197
621438,-0.66,-6.58,-0.0129,0.3,0.313,638,,,2023-2024,False,1.372109389398247,640.0,season_batting_stats.war,batter,,256,218,-38
641658,-0.67,-6.69,-0.0174,0.292,0.309,480,,,2023-2024,False,0.8025409753938191,488.0,season_batting_stats.war,batter,,257,271,14
666152,-0.67,-6.69,-0.0235,0.281,0.305,356,,,2023-2024,False,2.4479999917073987,355.0,season_batting_stats.war,batter,,257,111,-146
672761,-0.68,-6.83,-0.0195,0.294,0.313,438,,,2023-2024,False,0.5899999737739563,445.0,season_batting_stats.war,batter,,259,297,38
605119,-0.68,-6.76,-0.0233,0.278,0.302,362,,,2023-2024,False,0.46153005338757414,366.0,season_batting_stats.war,batter,,259,315,56
656775,-0.68,-6.83,-0.0089,0.308,0.317,961,,,2023-2024,False,2.561582665526732,973.0,season_batting_stats.war,batter,,259,104,-155
592178,-0.69,-6.87,-0.0179,0.289,0.306,479,,,2023-2024,False,-0.9130612508374818,490.0,season_batting_stats.war,batter,,262,418,156
572761,-0.69,-6.92,-0.0224,0.285,0.307,386,,,2023-2024,False,-0.23639594052497506,394.0,season_batting_stats.war,batter,,262,384,122
444482,-0.69,-6.92,-0.0125,0.306,0.318,691,,,2023-2024,False,0.7750499279965007,701.0,season_batting_stats.war,batter,,262,274,12
642708,-0.7,-6.98,-0.0099,0.307,0.317,880,,,2023-2024,False,0.249719414638416,891.0,season_batting_stats.war,batter,,265,333,68
621028,-0.71,-7.12,-0.016,0.296,0.312,555,,,2023-2024,False,1.033687966882337,564.0,season_batting_stats.war,batter,,266,248,-18
592669,-0.71,-7.12,-0.0092,0.307,0.316,970,,,2023-2024,False,-0.22421267333084333,978.0,season_batting_stats.war,batter,,266,381,115
663853,-0.72,-7.23,-0.0292,0.271,0.3,310,,,2023-2024,False,0.572057886234817,311.0,season_batting_stats.war,batter,,268,300,32
621035,-0.72,-7.22,-0.014,0.299,0.313,647,,,2023-2024,False,0.8379172904568098,653.0,season_batting_stats.war,batter,,268,265,-3
462101,-0.75,-7.51,-0.0238,0.277,0.301,394,,,2023-2024,False,0.6600000262260437,406.0,season_batting_stats.war,batter,,270,289,19
690993,-0.75,-7.52,-0.0163,0.294,0.311,576,,,2023-2024,False,1.0199999809265137,580.0,season_batting_stats.war,batter,,270,251,-19
693304,-0.75,-7.51,-0.0184,0.291,0.31,510,,,2023-2024,False,0.6892038984206116,515.0,season_batting_stats.war,batter,,270,286,16
669222,-0.75,-7.51,-0.0158,0.294,0.31,593,,,2023-2024,False,-0.6240200815563226,597.0,season_batting_stats.war,batter,,270,412,142
572138,-0.77,-7.71,-0.0188,0.29,0.309,512,,,2023-2024,False,0.020525290982268664,514.0,season_batting_stats.war,batter,,274,355,81
669224,-0.77,-7.71,-0.0178,0.293,0.311,542,,,2023-2024,False,2.2153308328364374,544.0,season_batting_stats.war,batter,,274,126,-148
594807,-0.78,-7.77,-0.0144,0.299,0.313,676,,,2023-2024,False,0.1543338415737906,683.0,season_batting_stats.war,batter,,276,343,67
666176,-0.79,-7.92,-0.0194,0.287,0.306,509,,,2023-2024,False,0.7356140543842873,513.0,season_batting_stats.war,batter,,277,276,-1
642086,-0.79,-7.89,-0.0111,0.304,0.315,887,,,2023-2024,False,0.5909070453303058,893.0,season_batting_stats.war,batter,,277,296,19
543685,-0.8,-8.01,-0.0241,0.276,0.3,416,,,2023-2024,False,0.358741099116638,421.0,season_batting_stats.war,batter,,279,321,42
672386,-0.8,-7.99,-0.0124,0.302,0.314,806,,,2023-2024,False,1.9047303638037514,816.0,season_batting_stats.war,batter,,279,158,-121
519203,-0.8,-8.02,-0.0121,0.301,0.313,826,,,2023-2024,False,0.35105515743116683,834.0,season_batting_stats.war,batter,,279,322,43
663757,-0.83,-8.3,-0.0139,0.297,0.311,749,,,2023-2024,False,1.414280066159383,764.0,season_batting_stats.war,batter,,282,214,-68
655316,-0.87,-8.7,-0.0238,0.28,0.303,458,,,2023-2024,False,0.8328384146029252,458.0,season_batting_stats.war,batter,,283,267,-16
668472,-0.9,-8.98,-0.0325,0.262,0.295,345,,,2023-2024,False,-1.340000033378601,345.0,season_batting_stats.war,batter,,284,427,143
608841,-0.92,-9.22,-0.012,0.302,0.314,963,,,2023-2024,False,0.22923712539918645,970.0,season_batting_stats.war,batter,,285,336,51
647351,-0.92,-9.17,-0.03,0.272,0.302,382,,,2023-2024,False,0.592000013589859,385.0,season_batting_stats.war,batter,,285,295,10
608336,-0.94,-9.4,-0.02,0.286,0.306,588,,,2023-2024,False,0.38020270569501696,592.0,season_batting_stats.war,batter,,287,319,32
593160,-0.94,-9.36,-0.0128,0.301,0.313,917,,,2023-2024,False,0.530516678489448,929.0,season_batting_stats.war,batter,,287,308,21
624415,-0.95,-9.54,-0.021,0.285,0.306,567,,,2023-2024,False,0.40207017283690605,570.0,season_batting_stats.war,batter,,289,317,28
682641,-0.97,-9.71,-0.03,0.269,0.299,405,,,2023-2024,False,-0.29371638504975,409.0,season_batting_stats.war,batter,,290,389,99
543228,-0.97,-9.7,-0.0238,0.278,0.301,509,,,2023-2024,False,1.4841553539905734,515.0,season_batting_stats.war,batter,,290,204,-86
678882,-0.98,-9.76,-0.0186,0.289,0.307,657,,,2023-2024,False,2.622770134569394,657.0,season_batting_stats.war,batter,,292,96,-196
671221,-0.98,-9.77,-0.0344,0.266,0.301,355,,,2023-2024,False,0.5863764090201912,356.0,season_batting_stats.war,batter,,292,299,7
686527,-0.98,-9.8,-0.0333,0.263,0.297,368,,,2023-2024,False,0.03227027147202879,370.0,season_batting_stats.war,batter,,292,353,61
680911,-0.99,-9.86,-0.0365,0.254,0.291,338,,,2023-2024,False,0.22140762507041528,341.0,season_batting_stats.war,batter,,295,338,43
643265,-0.99,-9.93,-0.022,0.281,0.303,565,,,2023-2024,False,-0.37527051900901925,573.0,season_batting_stats.war,batter,,295,400,105
686681,-0.99,-9.9,-0.0149,0.297,0.312,833,,,2023-2024,False,0.7099643956223888,842.0,season_batting_stats.war,batter,,295,281,-14
665804,-1.02,-10.2,-0.0249,0.276,0.301,511,,,2023-2024,False,1.4630636211075534,519.0,season_batting_stats.war,batter,,298,207,-91
608671,-1.03,-10.27,-0.0257,0.278,0.303,499,,,2023-2024,False,1.0789286025932856,504.0,season_batting_stats.war,batter,,299,244,-55
696285,-1.03,-10.27,-0.0205,0.285,0.306,626,,,2023-2024,False,2.2942056489696383,642.0,season_batting_stats.war,batter,,299,121,-178
642136,-1.04,-10.43,-0.0265,0.273,0.3,492,,,2023-2024,False,0.46281947488717085,493.0,season_batting_stats.war,batter,,301,314,13
493329,-1.04,-10.39,-0.0315,0.263,0.295,412,,,2023-2024,False,-0.5094510728675596,419.0,season_batting_stats.war,batter,,301,405,104
691026,-1.04,-10.43,-0.017,0.294,0.311,765,,,2023-2024,False,4.089935525674228,774.0,season_batting_stats.war,batter,,301,35,-266
571912,-1.04,-10.36,-0.037,0.252,0.289,350,,,2023-2024,False,0.3164872310992341,353.0,season_batting_stats.war,batter,,301,327,26
666310,-1.04,-10.43,-0.0205,0.285,0.306,635,,,2023-2024,False,0.9462870827145212,641.0,season_batting_stats.war,batter,,301,255,-46
666160,-1.05,-10.55,-0.0179,0.293,0.311,735,,,2023-2024,False,0.8812820789141532,741.0,season_batting_stats.war,batter,,306,260,-46
663611,-1.07,-10.73,-0.0353,0.254,0.289,380,,,2023-2024,False,0.8732989384341485,388.0,season_batting_stats.war,batter,,307,263,-44
543510,-1.07,-10.67,-0.0293,0.269,0.298,455,,,2023-2024,False,0.6013665888418086,461.0,season_batting_stats.war,batter,,307,294,-13
543257,-1.09,-10.91,-0.0201,0.294,0.314,679,,,2023-2024,False,-0.024452553939645308,685.0,season_batting_stats.war,batter,,309,358,49
624512,-1.09,-10.89,-0.038,0.253,0.291,358,,,2023-2024,False,-0.10164835222147323,364.0,season_batting_stats.war,batter,,309,369,60
669127,-1.1,-11.0,-0.0135,0.299,0.312,1016,,,2023-2024,False,1.892968711676076,1024.0,season_batting_stats.war,batter,,311,162,-149
691016,-1.11,-11.15,-0.0398,0.249,0.289,350,,,2023-2024,False,-0.15905982790849146,351.0,season_batting_stats.war,batter,,312,375,63
518735,-1.11,-11.08,-0.0218,0.289,0.311,636,,,2023-2024,False,-0.11749997735023499,648.0,season_batting_stats.war,batter,,312,371,59
669911,-1.12,-11.24,-0.0231,0.287,0.31,608,,,2023-2024,False,1.207901563019049,610.0,season_batting_stats.war,batter,,314,230,-84
595281,-1.13,-11.3,-0.0209,0.285,0.306,677,,,2023-2024,False,2.638464820350773,697.0,season_batting_stats.war,batter,,315,93,-222
665923,-1.13,-11.3,-0.0256,0.275,0.301,552,,,2023-2024,False,-0.3068683384470244,562.0,season_batting_stats.war,batter,,315,394,79
516782,-1.14,-11.41,-0.019,0.285,0.305,749,,,2023-2024,False,0.02902087234641491,766.0,season_batting_stats.war,batter,,317,354,37
676356,-1.14,-11.43,-0.0354,0.257,0.292,404,,,2023-2024,False,0.5401474151037249,407.0,season_batting_stats.war,batter,,317,306,-11
500743,-1.15,-11.54,-0.0189,0.289,0.308,764,,,2023-2024,False,2.2512740964594955,777.0,season_batting_stats.war,batter,,319,123,-196
682622,-1.15,-11.49,-0.0393,0.247,0.286,365,,,2023-2024,False,-0.9073150486162264,365.0,season_batting_stats.war,batter,,319,417,98
686217,-1.15,-11.53,-0.0189,0.291,0.309,762,,,2023-2024,False,1.872398992560833,767.0,season_batting_stats.war,batter,,319,163,-156
680869,-1.18,-11.77,-0.0175,0.291,0.308,841,,,2023-2024,False,1.7673199586350352,847.0,season_batting_stats.war,batter,,322,168,-154
593871,-1.18,-11.8,-0.0177,0.298,0.316,833,,,2023-2024,False,1.5630071238572387,838.0,season_batting_stats.war,batter,,322,191,-131
657077,-1.19,-11.92,-0.0118,0.301,0.313,1264,,,2023-2024,False,1.7407584209941718,1279.0,season_batting_stats.war,batter,,324,172,-152
608348,-1.21,-12.06,-0.0326,0.259,0.292,462,,,2023-2024,False,0.37331896024788247,464.0,season_batting_stats.war,batter,,325,320,-5
686894,-1.24,-12.44,-0.0355,0.255,0.291,438,,,2023-2024,False,0.8303196125378892,438.0,season_batting_stats.war,batter,,326,268,-58
696100,-1.26,-12.58,-0.0522,0.223,0.275,301,,,2023-2024,False,-0.7979069587796234,301.0,season_batting_stats.war,batter,,327,413,86
691718,-1.26,-12.62,-0.0378,0.251,0.289,417,,,2023-2024,False,2.211934668252935,429.0,season_batting_stats.war,batter,,327,128,-199
677950,-1.26,-12.63,-0.0285,0.268,0.297,554,,,2023-2024,False,0.8345921753595272,564.0,season_batting_stats.war,batter,,327,266,-61
500871,-1.26,-12.58,-0.0529,0.228,0.28,297,,,2023-2024,False,-1.0399999618530273,309.0,season_batting_stats.war,batter,,327,420,93
668800,-1.27,-12.72,-0.048,0.23,0.278,331,,,2023-2024,False,0.4876646779611439,334.0,season_batting_stats.war,batter,,331,311,-20
663527,-1.27,-12.67,-0.041,0.243,0.284,386,,,2023-2024,False,-0.3056041068160442,389.0,season_batting_stats.war,batter,,331,393,62
660707,-1.27,-12.72,-0.0293,0.267,0.296,543,,,2023-2024,False,-0.8533574053042632,554.0,season_batting_stats.war,batter,,331,414,83
641645,-1.27,-12.65,-0.0526,0.224,0.277,301,,,2023-2024,False,0.10491856791879921,307.0,season_batting_stats.war,batter,,331,351,20
670097,-1.28,-12.76,-0.0479,0.232,0.28,333,,,2023-2024,False,0.33032257230051104,341.0,season_batting_stats.war,batter,,335,324,-11
663647,-1.3,-13.0,-0.0179,0.29,0.308,910,,,2023-2024,False,2.595798103351158,921.0,season_batting_stats.war,batter,,336,100,-236
680474,-1.32,-13.16,-0.0362,0.253,0.289,454,,,2023-2024,False,0.8100000023841858,459.0,season_batting_stats.war,batter,,337,269,-68
570482,-1.34,-13.38,-0.0243,0.276,0.3,687,,,2023-2024,False,0.6495251760208349,695.0,season_batting_stats.war,batter,,338,290,-48
656896,-1.36,-13.57,-0.0281,0.271,0.299,603,,,2023-2024,False,-0.050960269368050114,604.0,season_batting_stats.war,batter,,339,362,23
686823,-1.36,-13.65,-0.021,0.285,0.306,813,,,2023-2024,False,0.12189024323370398,820.0,season_batting_stats.war,batter,,339,346,7
664034,-1.37,-13.74,-0.0144,0.297,0.311,1190,,,2023-2024,False,0.1901666820049286,1200.0,season_batting_stats.war,batter,,341,339,-2
592273,-1.37,-13.7,-0.0196,0.286,0.305,875,,,2023-2024,False,0.32696493268688026,883.0,season_batting_stats.war,batter,,341,325,-16
641343,-1.38,-13.76,-0.0276,0.274,0.302,623,,,2023-2024,False,-0.5902564051823739,624.0,season_batting_stats.war,batter,,343,411,68
669004,-1.38,-13.79,-0.0162,0.294,0.31,1065,,,2023-2024,False,-0.5404659991273231,1073.0,season_batting_stats.war,batter,,343,407,64
668731,-1.38,-13.84,-0.04,0.25,0.29,432,,,2023-2024,False,0.4777220841963905,439.0,season_batting_stats.war,batter,,343,313,-30
596117,-1.4,-14.04,-0.0564,0.212,0.268,311,,,2023-2024,False,0.2258974289855896,312.0,season_batting_stats.war,batter,,346,337,-9
624431,-1.42,-14.15,-0.044,0.238,0.282,402,,,2023-2024,False,0.5663390730757092,407.0,season_batting_stats.war,batter,,347,303,-44
663368,-1.42,-14.24,-0.0293,0.274,0.303,607,,,2023-2024,False,1.69518030236979,610.0,season_batting_stats.war,batter,,347,177,-170
642731,-1.45,-14.45,-0.02,0.286,0.306,903,,,2023-2024,False,1.201152596790364,911.0,season_batting_stats.war,batter,,349,231,-118
693049,-1.47,-14.7,-0.0634,0.2,0.263,290,,,2023-2024,False,-1.2693688040011348,301.0,season_batting_stats.war,batter,,350,426,76
680779,-1.47,-14.74,-0.0492,0.227,0.276,374,,,2023-2024,False,-1.2052254752708051,377.0,season_batting_stats.war,batter,,350,424,74
607680,-1.48,-14.8,-0.0352,0.258,0.293,526,,,2023-2024,False,0.18045541614407154,527.0,season_batting_stats.war,batter,,352,340,-12
606992,-1.49,-14.85,-0.0523,0.221,0.273,355,,,2023-2024,False,-0.5860220882115443,362.0,season_batting_stats.war,batter,,353,410,57
642133,-1.51,-15.08,-0.0247,0.281,0.305,762,,,2023-2024,False,-0.46641191666453613,772.0,season_batting_stats.war,batter,,354,404,50
669289,-1.51,-15.13,-0.0296,0.267,0.297,639,,,2023-2024,False,-0.12324573650057939,647.0,season_batting_stats.war,batter,,354,372,18
686668,-1.53,-15.3,-0.0187,0.289,0.307,1023,,,2023-2024,False,2.601179811836903,1034.0,season_batting_stats.war,batter,,356,98,-258
595909,-1.53,-15.28,-0.0352,0.259,0.294,543,,,2023-2024,False,-0.5634057971014492,552.0,season_batting_stats.war,batter,,356,409,53
643396,-1.54,-15.37,-0.0226,0.281,0.303,851,,,2023-2024,False,2.0319719736311095,857.0,season_batting_stats.war,batter,,358,143,-215
671289,-1.55,-15.49,-0.0355,0.256,0.291,545,,,2023-2024,False,0.5141197810804778,551.0,season_batting_stats.war,batter,,359,309,-50
670032,-1.56,-15.6,-0.0281,0.269,0.297,695,,,2023-2024,False,0.7236916394601279,707.0,season_batting_stats.war,batter,,360,278,-82
518934,-1.56,-15.58,-0.0249,0.276,0.301,782,,,2023-2024,False,0.48612655386140075,790.0,season_batting_stats.war,batter,,360,312,-48
542194,-1.56,-15.61,-0.0413,0.244,0.285,472,,,2023-2024,False,0.5717954168364499,479.0,season_batting_stats.war,batter,,360,301,-59
669477,-1.57,-15.72,-0.0508,0.227,0.278,387,,,2023-2024,False,-0.25035898012992663,390.0,season_batting_stats.war,batter,,363,385,22
666150,-1.58,-15.8,-0.0586,0.208,0.267,337,,,2023-2024,False,-0.0458600531514115,343.0,season_batting_stats.war,batter,,364,361,-3
666163,-1.59,-15.89,-0.049,0.23,0.279,405,,,2023-2024,False,0.6784275063205996,407.0,season_batting_stats.war,batter,,365,288,-77
643217,-1.59,-15.89,-0.0177,0.29,0.307,1124,,,2023-2024,False,-0.18259841062891202,1143.0,season_batting_stats.war,batter,,365,376,11
677587,-1.63,-16.3,-0.0363,0.259,0.296,562,,,2023-2024,False,1.6502998720729687,567.0,season_batting_stats.war,batter,,367,184,-183
516416,-1.63,-16.32,-0.0656,0.193,0.258,311,,,2023-2024,False,-2.0899999141693115,326.0,season_batting_stats.war,batter,,367,429,62
672279,-1.63,-16.33,-0.0624,0.199,0.262,327,,,2023-2024,False,0.8005882282467449,340.0,season_batting_stats.war,batter,,367,272,-95
676609,-1.66,-16.63,-0.0275,0.271,0.298,756,,,2023-2024,False,1.9255963498299276,763.0,season_batting_stats.war,batter,,370,152,-218
679032,-1.7,-16.99,-0.0379,0.249,0.287,561,,,2023-2024,False,1.2208650059559767,578.0,season_batting_stats.war,batter,,371,227,-144
622534,-1.7,-16.98,-0.0313,0.265,0.296,678,,,2023-2024,False,-0.13500002026557922,686.0,season_batting_stats.war,batter,,371,374,3
622761,-1.71,-17.06,-0.0387,0.25,0.289,551,,,2023-2024,False,0.796305521660969,563.0,season_batting_stats.war,batter,,373,273,-100
678225,-1.71,-17.06,-0.0481,0.229,0.277,443,,,2023-2024,False,-0.43745574157322403,452.0,season_batting_stats.war,batter,,373,403,30
667452,-1.74,-17.44,-0.043,0.24,0.283,507,,,2023-2024,False,-0.22525389946531504,512.0,season_batting_stats.war,batter,,375,382,7
683146,-1.75,-17.5,-0.0393,0.246,0.285,557,,,2023-2024,False,-0.3885357081890106,560.0,season_batting_stats.war,batter,,376,402,26
643393,-1.77,-17.7,-0.0532,0.222,0.275,416,,,2023-2024,False,-1.1852914126880796,429.0,season_batting_stats.war,batter,,377,423,46
672356,-1.78,-17.79,-0.0439,0.239,0.283,506,,,2023-2024,False,-0.25727272778749466,506.0,season_batting_stats.war,batter,,378,387,9
605131,-1.78,-17.81,-0.0629,0.2,0.263,354,,,2023-2024,False,-0.3015125939826004,357.0,season_batting_stats.war,batter,,378,392,14
624503,-1.78,-17.8,-0.0613,0.204,0.265,363,,,2023-2024,False,-1.2289401746314506,368.0,season_batting_stats.war,batter,,378,425,47
668670,-1.78,-17.8,-0.0309,0.264,0.295,720,,,2023-2024,False,0.8747730398604434,727.0,season_batting_stats.war,batter,,378,262,-116
660644,-1.79,-17.87,-0.0629,0.206,0.268,355,,,2023-2024,False,0.4018784583602821,362.0,season_batting_stats.war,batter,,382,318,-64
650559,-1.81,-18.14,-0.0182,0.29,0.308,1247,,,2023-2024,False,-0.9030278896905511,1255.0,season_batting_stats.war,batter,,383,416,33
664913,-1.82,-18.16,-0.0295,0.27,0.299,770,,,2023-2024,False,-0.13272492568413213,778.0,season_batting_stats.war,batter,,384,373,-11
664702,-1.82,-18.22,-0.0452,0.235,0.28,504,,,2023-2024,False,0.9219540301068075,522.0,season_batting_stats.war,batter,,384,256,-128
547989,-1.84,-18.38,-0.0306,0.264,0.295,750,,,2023-2024,False,-0.34354331760894596,762.0,season_batting_stats.war,batter,,386,398,12
662139,-1.85,-18.46,-0.0213,0.285,0.306,1085,,,2023-2024,False,4.165875831007087,1096.0,season_batting_stats.war,batter,,387,31,-356
543063,-1.88,-18.75,-0.0597,0.208,0.268,393,,,2023-2024,False,-1.0419999986886979,400.0,season_batting_stats.war,batter,,388,421,33
545121,-1.89,-18.94,-0.0409,0.251,0.292,579,,,2023-2024,False,0.12181662420263112,589.0,season_batting_stats.war,batter,,389,347,-42
664728,-1.93,-19.31,-0.0325,0.262,0.294,742,,,2023-2024,False,1.9982804249203394,756.0,season_batting_stats.war,batter,,390,147,-243
649557,-1.97,-19.72,-0.0668,0.193,0.26,369,,,2023-2024,False,-0.9904232520275015,378.0,season_batting_stats.war,batter,,391,419,28
668942,-1.98,-19.77,-0.0304,0.267,0.297,814,,,2023-2024,False,1.444745711350845,826.0,season_batting_stats.war,batter,,392,211,-181
665926,-1.98,-19.79,-0.0195,0.285,0.305,1268,,,2023-2024,False,4.482226528059706,1289.0,season_batting_stats.war,batter,,392,24,-368
676694,-1.99,-19.92,-0.0295,0.268,0.298,844,,,2023-2024,False,1.498130842904064,856.0,season_batting_stats.war,batter,,394,198,-196
656716,-2.02,-20.21,-0.0299,0.269,0.299,844,,,2023-2024,False,1.1104695021826336,852.0,season_batting_stats.war,batter,,395,242,-153
689172,-2.02,-20.17,-0.0635,0.199,0.262,397,,,2023-2024,False,0.23146401216315277,403.0,season_batting_stats.war,batter,,395,335,-60
665750,-2.03,-20.3,-0.0224,0.287,0.309,1135,,,2023-2024,False,1.9234000396728517,1150.0,season_batting_stats.war,batter,,397,154,-243
607054,-2.05,-20.47,-0.0569,0.215,0.272,450,,,2023-2024,False,-0.5351091435903025,458.0,season_batting_stats.war,batter,,398,406,8
606115,-2.06,-20.57,-0.0225,0.28,0.302,1142,,,2023-2024,False,1.0883116918208795,1155.0,season_batting_stats.war,batter,,399,243,-156
621563,-2.09,-20.88,-0.0748,0.18,0.255,349,,,2023-2024,False,-0.34394366596366316,355.0,season_batting_stats.war,batter,,400,399,-1
672820,-2.09,-20.87,-0.0488,0.227,0.276,534,,,2023-2024,False,-0.5597970467541931,542.0,season_batting_stats.war,batter,,400,408,8
666185,-2.12,-21.17,-0.0509,0.231,0.282,520,,,2023-2024,False,-0.37557690705244356,520.0,season_batting_stats.war,batter,,402,401,-1
678246,-2.13,-21.32,-0.0502,0.227,0.277,531,,,2023-2024,False,-0.2886506525073166,541.0,season_batting_stats.war,batter,,403,388,-15
572191,-2.13,-21.29,-0.0386,0.248,0.287,689,,,2023-2024,False,1.4440170974812956,702.0,season_batting_stats.war,batter,,403,212,-191
642350,-2.14,-21.4,-0.0332,0.26,0.293,806,,,2023-2024,False,1.7499386622130506,815.0,season_batting_stats.war,batter,,405,170,-235
571771,-2.15,-21.54,-0.0281,0.27,0.298,959,,,2023-2024,False,0.5409316866201643,966.0,season_batting_stats.war,batter,,406,305,-101
571745,-2.16,-21.6,-0.0415,0.242,0.284,651,,,2023-2024,False,-0.23351227076141381,652.0,season_batting_stats.war,batter,,407,383,-24
624428,-2.19,-21.85,-0.0367,0.255,0.291,744,,,2023-2024,False,1.1978071572522349,757.0,season_batting_stats.war,batter,,408,233,-175
665828,-2.35,-23.47,-0.0449,0.241,0.286,653,,,2023-2024,False,-0.05962411263831576,665.0,season_batting_stats.war,batter,,409,364,-45
592696,-2.41,-24.13,-0.036,0.258,0.294,838,,,2023-2024,False,0.131615229711963,842.0,season_batting_stats.war,batter,,410,345,-65
657557,-2.43,-24.33,-0.0345,0.258,0.292,882,,,2023-2024,False,0.2696144951173778,882.0,season_batting_stats.war,batter,,411,330,-81
683011,-2.47,-24.72,-0.0231,0.279,0.302,1338,,,2023-2024,False,3.383076358141945,1349.0,season_batting_stats.war,batter,,412,59,-353
605113,-2.5,-24.97,-0.0731,0.181,0.254,427,,,2023-2024,False,-0.31726027188235767,438.0,season_batting_stats.war,batter,,413,396,-17
657757,-2.57,-25.68,-0.0384,0.251,0.289,835,,,2023-2024,False,-1.1831952856842582,845.0,season_batting_stats.war,batter,,414,422,8
669397,-2.67,-26.7,-0.0789,0.167,0.246,423,,,2023-2024,False,0.16935484423752753,434.0,season_batting_stats.war,batter,,415,341,-74
641680,-2.68,-26.83,-0.0319,0.268,0.3,1051,,,2023-2024,False,2.2909124721812395,1063.0,season_batting_stats.war,batter,,416,122,-294
664056,-2.69,-26.91,-0.0428,0.242,0.285,785,,,2023-2024,False,0.7293670977218242,790.0,season_batting_stats.war,batter,,417,277,-140
670764,-2.76,-27.61,-0.057,0.219,0.276,605,,,2023-2024,False,1.7416639198384922,607.0,season_batting_stats.war,batter,,418,171,-247
686676,-2.78,-27.82,-0.0753,0.176,0.251,462,,,2023-2024,False,-0.07956896373873641,464.0,season_batting_stats.war,batter,,419,366,-53
672275,-2.81,-28.13,-0.0442,0.245,0.29,796,,,2023-2024,False,1.3377777768878008,801.0,season_batting_stats.war,batter,,420,221,-199
668930,-2.92,-29.2,-0.0342,0.259,0.293,1066,,,2023-2024,False,3.401835922605437,1084.0,season_batting_stats.war,batter,,421,56,-365
660688,-2.97,-29.69,-0.0357,0.262,0.297,1039,,,2023-2024,False,1.0008882499925273,1047.0,season_batting_stats.war,batter,,422,254,-168
543877,-3.0,-29.99,-0.0571,0.211,0.268,657,,,2023-2024,False,-0.2994776139063622,670.0,season_batting_stats.war,batter,,423,390,-33
672580,-3.15,-31.48,-0.034,0.258,0.292,1156,,,2023-2024,False,1.250721609776782,1164.0,season_batting_stats.war,batter,,424,224,-200
663743,-3.21,-32.14,-0.0623,0.201,0.263,645,,,2023-2024,False,-0.031136360132333004,660.0,season_batting_stats.war,batter,,425,360,-65
595978,-3.39,-33.93,-0.1191,0.09,0.209,356,,,2023-2024,False,-0.889812352190708,373.0,season_batting_stats.war,batter,,426,415,-11
455117,-3.66,-36.64,-0.0811,0.162,0.243,565,,,2023-2024,False,-0.08749999850988388,588.0,season_batting_stats.war,batter,,427,367,-60
595879,-4.1,-40.95,-0.062,0.201,0.263,825,,,2023-2024,False,0.11244022026301571,836.0,season_batting_stats.war,batter,,428,350,-78
641313,-4.8,-48.03,-0.0797,0.166,0.246,753,,,2023-2024,False,-1.6345359451630537,765.0,season_batting_stats.war,batter,,429,428,-1
554430,7.66,76.65,0.0564,0.328,0.272,1700,,,2023-2024,False,5.301937580108643,,season_pitching_stats.war,pitcher,426.20001220703125,1,5,4
669373,7.09,70.94,0.0785,0.332,0.253,1129,,,2023-2024,False,5.366733074188232,,season_pitching_stats.war,pitcher,291.1000061035156,2,3,1
669203,6.35,63.53,0.0499,0.329,0.279,1590,,,2023-2024,False,3.6970248222351074,,season_pitching_stats.war,pitcher,399.29998779296875,3,23,20
605483,6.28,62.81,0.0694,0.333,0.264,1131,,,2023-2024,False,4.943379878997803,,season_pitching_stats.war,pitcher,284.0,4,6,2
669302,5.75,57.55,0.0459,0.328,0.282,1566,,,2023-2024,False,2.868840456008911,,season_pitching_stats.war,pitcher,398.3999938964844,5,45,40
543037,5.3,53.05,0.0509,0.329,0.278,1303,,,2023-2024,False,5.327057361602783,,season_pitching_stats.war,pitcher,333.0,6,4,-2
666142,4.74,47.44,0.0501,0.33,0.28,1183,,,2023-2024,False,3.9076616764068604,,season_pitching_stats.war,pitcher,292.1000061035156,7,12,5
663947,4.62,46.19,0.0828,0.319,0.237,697,,,2023-2024,False,3.017476797103882,,season_pitching_stats.war,pitcher,185.10000610351562,8,36,28
657277,4.45,44.52,0.0336,0.33,0.296,1655,,,2023-2024,False,4.725554466247559,,season_pitching_stats.war,pitcher,420.20001220703125,9,7,-2
519242,4.33,43.32,0.0484,0.333,0.284,1119,,,2023-2024,False,4.53471040725708,,season_pitching_stats.war,pitcher,279.3999938964844,10,8,-2
682243,4.26,42.56,0.043,0.329,0.286,1236,,,2023-2024,False,2.4652442932128906,,season_pitching_stats.war,pitcher,311.20001220703125,11,62,51
607192,4.15,41.49,0.0504,0.33,0.279,1029,,,2023-2024,False,2.1162161827087402,,season_pitching_stats.war,pitcher,259.0,12,85,73
669923,4.12,41.16,0.0337,0.329,0.296,1528,,,2023-2024,False,2.9182369709014893,,season_pitching_stats.war,pitcher,381.20001220703125,13,43,30
664285,3.97,39.69,0.0318,0.332,0.301,1559,,,2023-2024,False,3.865776538848877,,season_pitching_stats.war,pitcher,390.20001220703125,14,15,1
543243,3.89,38.89,0.0333,0.33,0.296,1461,,,2023-2024,False,3.7459425926208496,,season_pitching_stats.war,pitcher,359.1000061035156,15,21,6
657006,3.71,37.12,0.0368,0.332,0.295,1260,,,2023-2024,False,2.614116668701172,,season_pitching_stats.war,pitcher,307.29998779296875,16,55,39
680694,3.59,35.94,0.0527,0.33,0.277,853,,,2023-2024,False,4.10086727142334,,season_pitching_stats.war,pitcher,212.20001220703125,17,10,-7
656945,3.52,35.2,0.0732,0.32,0.247,601,,,2023-2024,False,3.787337064743042,,season_pitching_stats.war,pitcher,155.10000610351562,18,18,0
661403,3.47,34.71,0.0729,0.319,0.246,595,,,2023-2024,False,2.645301342010498,,season_pitching_stats.war,pitcher,154.29998779296875,19,52,33
543135,3.35,33.55,0.0301,0.327,0.297,1393,,,2023-2024,False,2.338841199874878,,season_pitching_stats.war,pitcher,350.3999938964844,20,69,49
693433,3.32,33.2,0.0495,0.33,0.281,838,,,2023-2024,False,1.6055402755737305,,season_pitching_stats.war,pitcher,208.29998779296875,21,126,105
641927,3.31,33.05,0.0316,0.328,0.296,1308,,,2023-2024,False,2.996323585510254,,season_pitching_stats.war,pitcher,326.3999938964844,22,38,16
607625,3.31,33.13,0.0281,0.33,0.302,1474,,,2023-2024,False,3.837630271911621,,season_pitching_stats.war,pitcher,362.1000061035156,22,16,-6
621381,3.23,32.29,0.066,0.324,0.258,612,,,2023-2024,False,2.363358736038208,,season_pitching_stats.war,pitcher,157.1999969482422,24,67,43
625643,3.22,32.2,0.0497,0.327,0.277,810,,,2023-2024,False,4.089503288269043,,season_pitching_stats.war,pitcher,201.1999969482422,25,11,-14
608331,3.21,32.12,0.0384,0.331,0.292,1046,,,2023-2024,False,3.1738827228546143,,season_pitching_stats.war,pitcher,257.29998779296875,26,30,4
621107,3.18,31.84,0.028,0.328,0.3,1422,,,2023-2024,False,3.189356565475464,,season_pitching_stats.war,pitcher,351.29998779296875,27,28,1
650633,3.11,31.06,0.0325,0.327,0.294,1196,,,2023-2024,False,3.7819559574127197,,season_pitching_stats.war,pitcher,289.3999938964844,28,19,-9
694973,3.08,30.77,0.075,0.331,0.256,513,,,2023-2024,False,5.78000020980835,,season_pitching_stats.war,pitcher,133.0,29,1,-28
489446,3.08,30.77,0.0788,0.319,0.24,488,,,2023-2024,False,2.085846185684204,,season_pitching_stats.war,pitcher,122.30000305175781,29,88,59
668678,3.04,30.39,0.0244,0.329,0.304,1559,,,2023-2024,False,3.7306337356567383,,season_pitching_stats.war,pitcher,391.20001220703125,31,22,-9
640455,3.03,30.32,0.0287,0.329,0.3,1319,,,2023-2024,False,1.9119471311569214,,season_pitching_stats.war,pitcher,317.3999938964844,32,100,68
642547,3.02,30.19,0.0263,0.329,0.303,1436,,,2023-2024,False,2.199936866760254,,season_pitching_stats.war,pitcher,348.3999938964844,33,77,44
628452,2.87,28.68,0.0735,0.32,0.247,488,,,2023-2024,False,2.0385994911193848,,season_pitching_stats.war,pitcher,127.0999984741211,34,92,58
641154,2.77,27.72,0.0217,0.329,0.308,1599,,,2023-2024,False,3.0568392276763916,,season_pitching_stats.war,pitcher,391.29998779296875,35,34,-1
681857,2.63,26.27,0.0356,0.33,0.295,922,,,2023-2024,False,1.398591160774231,,season_pitching_stats.war,pitcher,224.29998779296875,36,149,113
622491,2.55,25.51,0.0213,0.329,0.308,1496,,,2023-2024,False,2.5764901638031006,,season_pitching_stats.war,pitcher,372.1000061035156,37,56,19
623352,2.51,25.07,0.0607,0.321,0.26,516,,,2023-2024,False,1.512894630432129,,season_pitching_stats.war,pitcher,129.1999969482422,38,135,97
670102,2.43,24.35,0.0561,0.327,0.271,543,,,2023-2024,False,1.451184630393982,,season_pitching_stats.war,pitcher,139.29998779296875,39,145,106
608379,2.43,24.29,0.024,0.329,0.305,1266,,,2023-2024,False,2.957846164703369,,season_pitching_stats.war,pitcher,309.20001220703125,39,42,3
695243,2.43,24.3,0.0789,0.321,0.242,385,,,2023-2024,False,1.8692864179611206,,season_pitching_stats.war,pitcher,98.0999984741211,39,106,67
592094,2.42,24.24,0.0588,0.319,0.26,515,,,2023-2024,False,1.8299171924591064,,season_pitching_stats.war,pitcher,133.10000610351562,42,108,66
676440,2.4,24.02,0.0221,0.33,0.308,1360,,,2023-2024,False,3.1675143241882324,,season_pitching_stats.war,pitcher,331.1000061035156,43,31,-12
607259,2.4,23.99,0.0303,0.326,0.296,991,,,2023-2024,False,2.9628190994262695,,season_pitching_stats.war,pitcher,252.20001220703125,43,40,-3
643377,2.4,23.96,0.054,0.32,0.266,555,,,2023-2024,False,1.8049999475479126,,season_pitching_stats.war,pitcher,140.0,43,109,66
518876,2.39,23.95,0.0274,0.329,0.301,1092,,,2023-2024,False,3.1790523529052734,,season_pitching_stats.war,pitcher,274.3999938964844,46,29,-17
656557,2.37,23.73,0.0247,0.33,0.305,1199,,,2023-2024,False,2.4688034057617188,,season_pitching_stats.war,pitcher,284.20001220703125,47,61,14
664854,2.35,23.51,0.0735,0.319,0.246,400,,,2023-2024,False,2.3181328773498535,,season_pitching_stats.war,pitcher,102.30000305175781,48,71,23
656302,2.31,23.07,0.0187,0.33,0.312,1545,,,2023-2024,False,3.152392864227295,,season_pitching_stats.war,pitcher,371.1000061035156,49,32,-17
675911,2.28,22.76,0.0333,0.329,0.296,855,,,2023-2024,False,2.847227096557617,,season_pitching_stats.war,pitcher,208.10000610351562,50,47,-3
671922,2.26,22.56,0.087,0.323,0.236,324,,,2023-2024,False,2.390000104904175,,season_pitching_stats.war,pitcher,85.0999984741211,51,66,15
592332,2.26,22.56,0.0187,0.329,0.31,1511,,,2023-2024,False,2.331270217895508,,season_pitching_stats.war,pitcher,370.0,51,70,19
656546,2.21,22.11,0.0548,0.321,0.266,504,,,2023-2024,False,2.0676960945129395,,season_pitching_stats.war,pitcher,126.29999542236328,53,89,36
686752,2.16,21.61,0.0387,0.329,0.291,698,,,2023-2024,False,1.9399999380111694,,season_pitching_stats.war,pitcher,172.0,54,99,45
650911,2.11,21.1,0.0224,0.332,0.31,1177,,,2023-2024,False,3.194913148880005,,season_pitching_stats.war,pitcher,287.3999938964844,55,27,-28
657746,2.09,20.92,0.0215,0.329,0.307,1215,,,2023-2024,False,1.9719717502593994,,season_pitching_stats.war,pitcher,298.20001220703125,56,95,39
684007,2.09,20.92,0.0377,0.331,0.293,694,,,2023-2024,False,3.009999990463257,,season_pitching_stats.war,pitcher,173.10000610351562,56,37,-19
668881,2.07,20.68,0.0238,0.329,0.306,1085,,,2023-2024,False,3.8763184547424316,,season_pitching_stats.war,pitcher,262.1000061035156,58,14,-44
676710,2.07,20.69,0.0201,0.329,0.309,1285,,,2023-2024,False,1.9475183486938477,,season_pitching_stats.war,pitcher,312.29998779296875,58,98,40
676684,2.06,20.56,0.0509,0.323,0.272,505,,,2023-2024,False,1.3276329040527344,,season_pitching_stats.war,pitcher,124.19999694824219,60,161,101
621244,2.02,20.25,0.0161,0.329,0.313,1567,,,2023-2024,False,2.475004196166992,,season_pitching_stats.war,pitcher,384.29998779296875,61,60,-1
656464,1.95,19.49,0.042,0.321,0.279,580,,,2023-2024,False,1.0757142305374146,,season_pitching_stats.war,pitcher,147.0,62,195,133
642207,1.92,19.24,0.0726,0.319,0.246,331,,,2023-2024,False,2.2271533012390137,,season_pitching_stats.war,pitcher,82.19999694824219,63,73,10
641729,1.9,19.04,0.0457,0.32,0.274,521,,,2023-2024,False,1.354069709777832,,season_pitching_stats.war,pitcher,126.29999542236328,64,159,95
623465,1.9,19.03,0.0484,0.321,0.273,491,,,2023-2024,False,0.542823851108551,,season_pitching_stats.war,pitcher,124.30000305175781,64,328,264
662253,1.88,18.83,0.0546,0.321,0.266,431,,,2023-2024,False,1.3927381038665771,,season_pitching_stats.war,pitcher,108.0999984741211,66,150,84
650556,1.86,18.6,0.0363,0.32,0.284,640,,,2023-2024,False,2.1421470642089844,,season_pitching_stats.war,pitcher,159.29998779296875,67,82,15
606303,1.86,18.62,0.0442,0.32,0.276,527,,,2023-2024,False,1.3706347942352295,,season_pitching_stats.war,pitcher,132.3000030517578,67,155,88
601713,1.84,18.45,0.0196,0.328,0.308,1178,,,2023-2024,False,1.8794243335723877,,season_pitching_stats.war,pitcher,281.3999938964844,69,105,36
607200,1.83,18.31,0.0316,0.329,0.297,725,,,2023-2024,False,5.559999942779541,,season_pitching_stats.war,pitcher,177.10000610351562,70,2,-68
676130,1.82,18.17,0.0451,0.326,0.281,504,,,2023-2024,False,1.7317073345184326,,season_pitching_stats.war,pitcher,123.0,71,117,46
642585,1.81,18.1,0.0988,0.319,0.22,229,,,2023-2024,False,2.9600000381469727,,season_pitching_stats.war,pitcher,61.0,72,41,-31
663158,1.79,17.92,0.0605,0.318,0.258,370,,,2023-2024,False,1.4734625816345215,,season_pitching_stats.war,pitcher,95.30000305175781,73,140,67
571946,1.77,17.71,0.057,0.321,0.264,388,,,2023-2024,False,0.6932258605957031,,season_pitching_stats.war,pitcher,99.19999694824219,74,285,211
669854,1.76,17.62,0.0243,0.328,0.304,908,,,2023-2024,False,3.6281185150146484,,season_pitching_stats.war,pitcher,221.10000610351562,75,24,-51
683769,1.75,17.49,0.0459,0.322,0.276,476,,,2023-2024,False,1.7672579288482666,,season_pitching_stats.war,pitcher,124.0,76,114,38
687330,1.75,17.49,0.0399,0.323,0.283,548,,,2023-2024,False,1.2160786390304565,,season_pitching_stats.war,pitcher,137.1999969482422,76,173,97
664126,1.74,17.39,0.0602,0.32,0.26,361,,,2023-2024,False,1.1750000715255737,,season_pitching_stats.war,pitcher,90.19999694824219,78,179,101
676979,1.74,17.36,0.0331,0.331,0.298,656,,,2023-2024,False,3.75386905670166,,season_pitching_stats.war,pitcher,158.1999969482422,78,20,-58
661563,1.73,17.35,0.0322,0.329,0.297,673,,,2023-2024,False,2.880000114440918,,season_pitching_stats.war,pitcher,159.1999969482422,80,44,-36
681911,1.7,17.01,0.043,0.319,0.276,495,,,2023-2024,False,0.9970130324363708,,season_pitching_stats.war,pitcher,123.19999694824219,81,216,135
547179,1.7,16.99,0.018,0.33,0.312,1177,,,2023-2024,False,2.0981907844543457,,season_pitching_stats.war,pitcher,287.3999938964844,81,86,5
673540,1.67,16.7,0.0282,0.329,0.3,739,,,2023-2024,False,4.218932628631592,,season_pitching_stats.war,pitcher,176.20001220703125,83,9,-74
660813,1.66,16.58,0.0684,0.32,0.252,303,,,2023-2024,False,2.197364568710327,,season_pitching_stats.war,pitcher,79.29999542236328,84,78,-6
605540,1.64,16.37,0.0812,0.328,0.247,252,,,2023-2024,False,2.3399999141693115,,season_pitching_stats.war,pitcher,67.0,85,68,-17
506433,1.63,16.31,0.0215,0.328,0.307,948,,,2023-2024,False,1.3595588207244873,,season_pitching_stats.war,pitcher,231.20001220703125,86,157,71
579328,1.62,16.2,0.0141,0.332,0.318,1436,,,2023-2024,False,1.7029626369476318,,season_pitching_stats.war,pitcher,344.29998779296875,87,121,34
676254,1.61,16.07,0.0354,0.323,0.287,567,,,2023-2024,False,1.9845712184906006,,season_pitching_stats.war,pitcher,141.10000610351562,88,93,5
502085,1.61,16.12,0.0358,0.321,0.285,563,,,2023-2024,False,1.5723578929901123,,season_pitching_stats.war,pitcher,139.10000610351562,88,129,41
543056,1.61,16.1,0.0627,0.317,0.254,321,,,2023-2024,False,1.0933820009231567,,season_pitching_stats.war,pitcher,82.19999694824219,88,193,105
663542,1.6,16.03,0.0729,0.319,0.246,275,,,2023-2024,False,2.13022780418396,,season_pitching_stats.war,pitcher,70.29999542236328,91,84,-7
641941,1.57,15.65,0.0451,0.323,0.278,434,,,2023-2024,False,1.036865234375,,season_pitching_stats.war,pitcher,109.0999984741211,92,204,112
605400,1.55,15.46,0.0114,0.328,0.317,1700,,,2023-2024,False,3.0900979042053223,,season_pitching_stats.war,pitcher,420.29998779296875,93,33,-60
593958,1.51,15.09,0.0237,0.331,0.307,797,,,2023-2024,False,2.4456875324249268,,season_pitching_stats.war,pitcher,202.1999969482422,94,63,-31
669358,1.49,14.95,0.0586,0.332,0.273,319,,,2023-2024,False,2.1700000762939453,,season_pitching_stats.war,pitcher,79.0999984741211,95,80,-15
434378,1.49,14.92,0.0164,0.329,0.313,1138,,,2023-2024,False,2.2766666412353516,,season_pitching_stats.war,pitcher,270.29998779296875,95,72,-23
594580,1.46,14.6,0.0447,0.323,0.278,408,,,2023-2024,False,1.411601185798645,,season_pitching_stats.war,pitcher,99.30000305175781,97,147,50
656876,1.45,14.53,0.0622,0.323,0.261,292,,,2023-2024,False,1.0151381492614746,,season_pitching_stats.war,pitcher,72.4000015258789,98,209,111
680885,1.43,14.26,0.0359,0.331,0.295,496,,,2023-2024,False,2.680000066757202,,season_pitching_stats.war,pitcher,123.19999694824219,99,51,-48
500779,1.42,14.22,0.0162,0.331,0.315,1094,,,2023-2024,False,2.206484317779541,,season_pitching_stats.war,pitcher,259.3999938964844,100,76,-24
518489,1.41,14.14,0.0464,0.323,0.277,381,,,2023-2024,False,0.8638384342193604,,season_pitching_stats.war,pitcher,99.0,101,245,144
592791,1.39,13.89,0.0131,0.33,0.317,1325,,,2023-2024,False,0.9616948962211609,,season_pitching_stats.war,pitcher,319.20001220703125,102,225,123
668338,1.39,13.92,0.0584,0.322,0.263,298,,,2023-2024,False,1.1236447095870972,,season_pitching_stats.war,pitcher,77.0999984741211,102,187,85
808967,1.38,13.76,0.0391,0.326,0.286,440,,,2023-2024,False,1.899999976158142,,season_pitching_stats.war,pitcher,108.19999694824219,104,101,-3
682120,1.36,13.55,0.0417,0.321,0.279,406,,,2023-2024,False,1.2127668857574463,,season_pitching_stats.war,pitcher,101.19999694824219,105,174,69
571948,1.36,13.57,0.0325,0.32,0.288,522,,,2023-2024,False,0.6027147173881531,,season_pitching_stats.war,pitcher,130.39999389648438,105,309,204
642232,1.36,13.59,0.0222,0.325,0.303,766,,,2023-2024,False,1.0396039485931396,,season_pitching_stats.war,pitcher,184.29998779296875,105,203,98
455119,1.35,13.48,0.0459,0.32,0.274,367,,,2023-2024,False,1.7839704751968384,,season_pitching_stats.war,pitcher,95.19999694824219,108,111,3
656730,1.35,13.45,0.0499,0.322,0.272,337,,,2023-2024,False,0.8754675984382629,,season_pitching_stats.war,pitcher,83.4000015258789,108,241,133
624133,1.33,13.28,0.0133,0.332,0.319,1247,,,2023-2024,False,2.640683889389038,,season_pitching_stats.war,pitcher,298.20001220703125,110,53,-57
660271,1.32,13.22,0.0326,0.329,0.296,507,,,2023-2024,False,3.799999952316284,,season_pitching_stats.war,pitcher,132.0,111,17,-94
600917,1.3,13.02,0.0289,0.32,0.291,564,,,2023-2024,False,0.5553812384605408,,season_pitching_stats.war,pitcher,136.39999389648438,112,325,213
661395,1.28,12.79,0.0331,0.319,0.286,483,,,2023-2024,False,1.1888530254364014,,season_pitching_stats.war,pitcher,121.19999694824219,113,177,64
453286,1.27,12.69,0.0194,0.329,0.31,816,,,2023-2024,False,2.478693723678589,,season_pitching_stats.war,pitcher,205.20001220703125,114,59,-55
669330,1.27,12.66,0.0289,0.326,0.298,547,,,2023-2024,False,1.4518378973007202,,season_pitching_stats.war,pitcher,137.10000610351562,114,144,30
605397,1.25,12.51,0.0191,0.328,0.309,819,,,2023-2024,False,1.9576573371887207,,season_pitching_stats.war,pitcher,200.1999969482422,116,97,-19
666974,1.24,12.45,0.029,0.32,0.29,536,,,2023-2024,False,1.7868393659591675,,season_pitching_stats.war,pitcher,135.10000610351562,117,110,-7
445276,1.22,12.19,0.038,0.319,0.281,401,,,2023-2024,False,1.0043902397155762,,season_pitching_stats.war,pitcher,98.4000015258789,118,214,96
669387,1.22,12.24,0.0428,0.323,0.28,358,,,2023-2024,False,0.7583527565002441,,season_pitching_stats.war,pitcher,86.19999694824219,118,267,149
621237,1.2,11.96,0.0322,0.321,0.288,464,,,2023-2024,False,0.7434982657432556,,season_pitching_stats.war,pitcher,111.19999694824219,120,269,149
605280,1.19,11.9,0.0259,0.32,0.294,575,,,2023-2024,False,1.1450001001358032,,season_pitching_stats.war,pitcher,138.0,121,183,62
573009,1.19,11.91,0.0352,0.319,0.284,423,,,2023-2024,False,0.34398481249809265,,season_pitching_stats.war,pitcher,105.4000015258789,121,368,247
547973,1.17,11.74,0.0272,0.321,0.294,540,,,2023-2024,False,0.8425137400627136,,season_pitching_stats.war,pitcher,127.30000305175781,123,251,128
664208,1.16,11.56,0.0248,0.324,0.299,582,,,2023-2024,False,0.9861364960670471,,season_pitching_stats.war,pitcher,142.10000610351562,124,218,94
640462,1.16,11.61,0.0274,0.322,0.294,530,,,2023-2024,False,1.0238347053527832,,season_pitching_stats.war,pitcher,128.3000030517578,124,207,83
543859,1.15,11.53,0.0217,0.324,0.302,664,,,2023-2024,False,0.05648462474346161,,season_pitching_stats.war,pitcher,159.29998779296875,126,425,299
596112,1.15,11.53,0.0728,0.322,0.249,198,,,2023-2024,False,1.159999966621399,,season_pitching_stats.war,pitcher,52.099998474121094,126,180,54
667755,1.1,10.95,0.0214,0.329,0.307,639,,,2023-2024,False,1.533548355102539,,season_pitching_stats.war,pitcher,155.0,128,133,5
668964,1.1,10.99,0.0236,0.331,0.308,583,,,2023-2024,False,2.640000104904175,,season_pitching_stats.war,pitcher,143.0,128,54,-74
623437,1.1,10.97,0.0493,0.321,0.272,278,,,2023-2024,False,1.5092405080795288,,season_pitching_stats.war,pitcher,71.0999984741211,128,136,8
674370,1.1,11.03,0.028,0.331,0.303,492,,,2023-2024,False,0.790317714214325,,season_pitching_stats.war,pitcher,113.30000305175781,128,259,131
621363,1.09,10.89,0.0345,0.32,0.286,395,,,2023-2024,False,1.2893589735031128,,season_pitching_stats.war,pitcher,98.30000305175781,132,166,34
592351,1.07,10.74,0.0122,0.329,0.316,1104,,,2023-2024,False,1.1019456386566162,,season_pitching_stats.war,pitcher,265.20001220703125,133,190,57
657097,1.06,10.62,0.0278,0.324,0.296,477,,,2023-2024,False,0.9408459067344666,,season_pitching_stats.war,pitcher,112.30000305175781,134,228,94
671345,1.06,10.58,0.0255,0.32,0.295,519,,,2023-2024,False,1.4746397733688354,,season_pitching_stats.war,pitcher,129.10000610351562,134,139,5
674003,1.06,10.58,0.0233,0.329,0.305,568,,,2023-2024,False,0.4525986909866333,,season_pitching_stats.war,pitcher,139.3000030517578,134,349,215
608032,1.06,10.6,0.0268,0.321,0.294,494,,,2023-2024,False,1.358784556388855,,season_pitching_stats.war,pitcher,119.30000305175781,134,158,24
676395,1.04,10.35,0.035,0.323,0.288,370,,,2023-2024,False,0.06245614215731621,,season_pitching_stats.war,pitcher,91.19999694824219,138,423,285
657044,1.02,10.23,0.0297,0.319,0.29,431,,,2023-2024,False,0.7059611678123474,,season_pitching_stats.war,pitcher,108.19999694824219,139,281,142
596001,0.99,9.87,0.0199,0.327,0.307,619,,,2023-2024,False,1.217320203781128,,season_pitching_stats.war,pitcher,153.0,140,172,32
592454,0.98,9.82,0.0324,0.321,0.288,379,,,2023-2024,False,0.9229134321212769,,season_pitching_stats.war,pitcher,91.30000305175781,141,232,91
650644,0.98,9.78,0.0102,0.329,0.319,1199,,,2023-2024,False,1.7457671165466309,,season_pitching_stats.war,pitcher,286.1000061035156,141,116,-25
689225,0.97,9.74,0.0274,0.327,0.299,444,,,2023-2024,False,0.6879482865333557,,season_pitching_stats.war,pitcher,108.19999694824219,143,288,145
676428,0.96,9.61,0.061,0.322,0.261,197,,,2023-2024,False,1.3300001621246338,,season_pitching_stats.war,pitcher,50.099998474121094,144,160,16
676962,0.95,9.54,0.054,0.327,0.274,221,,,2023-2024,False,0.8799999952316284,,season_pitching_stats.war,pitcher,55.099998474121094,145,240,95
663556,0.95,9.46,0.0266,0.331,0.304,445,,,2023-2024,False,2.819999933242798,,season_pitching_stats.war,pitcher,115.0,145,49,-96
641482,0.94,9.41,0.012,0.331,0.319,979,,,2023-2024,False,1.8929598331451416,,season_pitching_stats.war,pitcher,239.20001220703125,147,103,-44
664747,0.94,9.36,0.0224,0.321,0.299,522,,,2023-2024,False,1.267946481704712,,season_pitching_stats.war,pitcher,123.19999694824219,147,167,20
623211,0.93,9.32,0.0252,0.324,0.299,462,,,2023-2024,False,0.7079710364341736,,season_pitching_stats.war,pitcher,110.4000015258789,149,279,130
668674,0.92,9.17,0.0218,0.323,0.301,525,,,2023-2024,False,0.6728968620300293,,season_pitching_stats.war,pitcher,122.19999694824219,150,293,143
641656,0.91,9.13,0.028,0.324,0.296,407,,,2023-2024,False,1.1291348934173584,,season_pitching_stats.war,pitcher,97.0999984741211,151,186,35
554340,0.9,9.02,0.0265,0.321,0.294,426,,,2023-2024,False,0.16114044189453125,,season_pitching_stats.war,pitcher,106.0999984741211,152,402,250
663485,0.89,8.93,0.0288,0.323,0.294,388,,,2023-2024,False,1.0296423435211182,,season_pitching_stats.war,pitcher,92.30000305175781,153,206,53
621242,0.88,8.82,0.0436,0.318,0.274,253,,,2023-2024,False,0.4699999988079071,,season_pitching_stats.war,pitcher,62.099998474121094,154,347,193
621053,0.88,8.83,0.0541,0.322,0.268,204,,,2023-2024,False,0.6800000667572021,,season_pitching_stats.war,pitcher,51.099998474121094,154,290,136
595014,0.88,8.84,0.0468,0.318,0.272,236,,,2023-2024,False,1.5499999523162842,,season_pitching_stats.war,pitcher,59.0,154,131,-23
623149,0.88,8.78,0.0249,0.319,0.294,441,,,2023-2024,False,0.8116819262504578,,season_pitching_stats.war,pitcher,109.39999389648438,154,257,103
622250,0.87,8.72,0.0343,0.319,0.285,318,,,2023-2024,False,-0.5295137166976929,,season_pitching_stats.war,pitcher,80.19999694824219,158,516,358
518886,0.87,8.65,0.0202,0.32,0.3,535,,,2023-2024,False,0.6517466902732849,,season_pitching_stats.war,pitcher,127.0999984741211,158,301,143
645261,0.87,8.75,0.0148,0.329,0.314,737,,,2023-2024,False,3.879999876022339,,season_pitching_stats.war,pitcher,184.1999969482422,158,13,-145
593576,0.87,8.65,0.0193,0.321,0.301,559,,,2023-2024,False,1.3809250593185425,,season_pitching_stats.war,pitcher,136.1999969482422,158,153,-5
686580,0.87,8.65,0.0483,0.324,0.275,224,,,2023-2024,False,0.8199999928474426,,season_pitching_stats.war,pitcher,55.099998474121094,158,253,95
669093,0.86,8.59,0.033,0.323,0.29,325,,,2023-2024,False,1.0417131185531616,,season_pitching_stats.war,pitcher,75.29999542236328,163,202,39
643511,0.86,8.6,0.0183,0.319,0.301,586,,,2023-2024,False,1.5564883947372437,,season_pitching_stats.war,pitcher,144.10000610351562,163,130,-33
477132,0.86,8.59,0.0162,0.332,0.316,663,,,2023-2024,False,2.9629628658294678,,season_pitching_stats.war,pitcher,162.0,163,39,-124
687792,0.85,8.52,0.028,0.332,0.304,381,,,2023-2024,False,0.8399999737739563,,season_pitching_stats.war,pitcher,88.19999694824219,166,252,86
489119,0.84,8.44,0.0203,0.331,0.311,519,,,2023-2024,False,2.422950267791748,,season_pitching_stats.war,pitcher,127.0999984741211,167,65,-102
621345,0.84,8.43,0.0266,0.317,0.29,396,,,2023-2024,False,0.8746784925460815,,season_pitching_stats.war,pitcher,101.0999984741211,167,242,75
571656,0.84,8.38,0.0176,0.323,0.305,594,,,2023-2024,False,1.3923287391662598,,season_pitching_stats.war,pitcher,146.0,167,151,-16
518585,0.83,8.28,0.0186,0.324,0.305,558,,,2023-2024,False,0.3000302314758301,,season_pitching_stats.war,pitcher,132.1999969482422,170,378,208
643338,0.82,8.2,0.0391,0.321,0.282,262,,,2023-2024,False,0.5389877557754517,,season_pitching_stats.war,pitcher,65.19999694824219,171,330,159
519151,0.82,8.18,0.0192,0.321,0.302,531,,,2023-2024,False,0.26134946942329407,,season_pitching_stats.war,pitcher,128.1999969482422,171,390,219
670280,0.82,8.16,0.0195,0.322,0.302,523,,,2023-2024,False,0.962389349937439,,season_pitching_stats.war,pitcher,124.30000305175781,171,224,53
656550,0.81,8.15,0.0365,0.327,0.291,279,,,2023-2024,False,1.1299999952316284,,season_pitching_stats.war,pitcher,68.0999984741211,174,185,11
640451,0.81,8.13,0.0228,0.32,0.297,446,,,2023-2024,False,1.0069564580917358,,season_pitching_stats.war,pitcher,110.4000015258789,174,212,38
670950,0.81,8.12,0.0173,0.325,0.308,588,,,2023-2024,False,-0.22638021409511566,,season_pitching_stats.war,pitcher,137.29998779296875,174,484,310
663738,0.78,7.75,0.0244,0.332,0.307,397,,,2023-2024,False,0.6677101254463196,,season_pitching_stats.war,pitcher,95.19999694824219,177,296,119
542888,0.77,7.7,0.0191,0.325,0.306,504,,,2023-2024,False,0.5848154425621033,,season_pitching_stats.war,pitcher,119.19999694824219,178,314,136
664294,0.77,7.66,0.0413,0.323,0.281,232,,,2023-2024,False,0.7300000190734863,,season_pitching_stats.war,pitcher,58.0,178,273,95
680573,0.76,7.59,0.0161,0.33,0.314,588,,,2023-2024,False,1.9645851850509644,,season_pitching_stats.war,pitcher,137.39999389648438,180,96,-84
668941,0.75,7.5,0.0243,0.32,0.296,385,,,2023-2024,False,0.7615546584129333,,season_pitching_stats.war,pitcher,95.19999694824219,181,266,85
658648,0.74,7.41,0.0159,0.326,0.31,581,,,2023-2024,False,0.43367573618888855,,season_pitching_stats.war,pitcher,136.29998779296875,182,354,172
666129,0.74,7.36,0.0111,0.331,0.32,830,,,2023-2024,False,3.4810240268707275,,season_pitching_stats.war,pitcher,199.1999969482422,182,26,-156
668909,0.72,7.22,0.0132,0.331,0.318,685,,,2023-2024,False,0.9702122807502747,,season_pitching_stats.war,pitcher,160.10000610351562,184,222,38
666374,0.72,7.24,0.0298,0.326,0.296,304,,,2023-2024,False,1.2100000381469727,,season_pitching_stats.war,pitcher,70.19999694824219,184,175,-9
518397,0.72,7.2,0.0254,0.323,0.297,354,,,2023-2024,False,0.4118308424949646,,season_pitching_stats.war,pitcher,86.30000305175781,184,358,174
689147,0.71,7.11,0.0284,0.323,0.294,313,,,2023-2024,False,1.4766621589660645,,season_pitching_stats.war,pitcher,74.29999542236328,187,138,-49
669467,0.7,6.97,0.0111,0.33,0.319,788,,,2023-2024,False,1.0321786403656006,,season_pitching_stats.war,pitcher,189.10000610351562,188,205,17
669060,0.7,7.04,0.0117,0.325,0.313,750,,,2023-2024,False,1.1379691362380981,,season_pitching_stats.war,pitcher,181.1999969482422,188,184,-4
571882,0.7,6.99,0.0147,0.324,0.309,594,,,2023-2024,False,1.60103440284729,,season_pitching_stats.war,pitcher,145.0,188,127,-61
624647,0.69,6.89,0.0373,0.319,0.282,231,,,2023-2024,False,0.15614564716815948,,season_pitching_stats.war,pitcher,56.30000305175781,191,403,212
673513,0.68,6.84,0.0333,0.32,0.287,257,,,2023-2024,False,0.7900000214576721,,season_pitching_stats.war,pitcher,63.20000076293945,192,260,68
643410,0.68,6.79,0.0156,0.323,0.307,545,,,2023-2024,False,0.15487420558929443,,season_pitching_stats.war,pitcher,127.19999694824219,192,405,213
519326,0.68,6.78,0.0292,0.322,0.293,290,,,2023-2024,False,1.0,,season_pitching_stats.war,pitcher,73.0999984741211,192,215,23
666808,0.67,6.7,0.0156,0.322,0.306,536,,,2023-2024,False,0.5217273831367493,,season_pitching_stats.war,pitcher,126.19999694824219,195,334,139
669211,0.67,6.68,0.02,0.319,0.299,418,,,2023-2024,False,0.7132355570793152,,season_pitching_stats.war,pitcher,102.30000305175781,195,276,81
656529,0.66,6.56,0.0263,0.324,0.298,312,,,2023-2024,False,0.6375165581703186,,season_pitching_stats.war,pitcher,75.30000305175781,197,304,107
571510,0.65,6.46,0.0157,0.331,0.315,516,,,2023-2024,False,0.1641031801700592,,season_pitching_stats.war,pitcher,122.0999984741211,198,401,203
642100,0.65,6.49,0.026,0.317,0.291,312,,,2023-2024,False,0.23726101219654083,,season_pitching_stats.war,pitcher,77.4000015258789,198,393,195
657649,0.64,6.38,0.0303,0.322,0.292,263,,,2023-2024,False,1.4600000381469727,,season_pitching_stats.war,pitcher,62.20000076293945,200,143,-57
691587,0.64,6.43,0.0217,0.33,0.308,371,,,2023-2024,False,2.7200000286102295,,season_pitching_stats.war,pitcher,91.0999984741211,200,50,-150
666159,0.63,6.31,0.018,0.33,0.312,438,,,2023-2024,False,0.9236882925033569,,season_pitching_stats.war,pitcher,105.19999694824219,202,231,29
608638,0.61,6.07,0.0243,0.322,0.298,312,,,2023-2024,False,0.8726170063018799,,season_pitching_stats.war,pitcher,79.0999984741211,203,243,40
608371,0.6,5.96,0.0159,0.324,0.308,469,,,2023-2024,False,1.2424160242080688,,season_pitching_stats.war,pitcher,110.0999984741211,204,171,-33
666619,0.59,5.86,0.023,0.323,0.3,318,,,2023-2024,False,1.0658470392227173,,season_pitching_stats.war,pitcher,73.19999694824219,205,196,-9
493603,0.59,5.89,0.0148,0.321,0.306,497,,,2023-2024,False,0.5966211557388306,,season_pitching_stats.war,pitcher,117.19999694824219,205,311,106
681676,0.59,5.86,0.0264,0.322,0.296,277,,,2023-2024,False,0.9100000262260437,,season_pitching_stats.war,pitcher,66.19999694824219,205,236,31
445926,0.58,5.75,0.0177,0.323,0.306,405,,,2023-2024,False,0.8538670539855957,,season_pitching_stats.war,pitcher,99.30000305175781,208,248,40
669276,0.57,5.66,0.0211,0.321,0.299,335,,,2023-2024,False,0.9257175922393799,,season_pitching_stats.war,pitcher,84.30000305175781,209,230,21
624522,0.54,5.4,0.0275,0.323,0.296,246,,,2023-2024,False,0.32782161235809326,,season_pitching_stats.war,pitcher,58.30000305175781,210,370,160
669212,0.54,5.37,0.0143,0.326,0.312,471,,,2023-2024,False,0.37399646639823914,,season_pitching_stats.war,pitcher,113.0999984741211,210,363,153
679885,0.53,5.3,0.0186,0.323,0.304,356,,,2023-2024,False,1.6231629848480225,,season_pitching_stats.war,pitcher,82.19999694824219,212,124,-88
552640,0.53,5.31,0.0197,0.32,0.3,337,,,2023-2024,False,1.2923301458358765,,season_pitching_stats.war,pitcher,82.39999389648438,212,165,-47
605130,0.53,5.31,0.0124,0.323,0.311,534,,,2023-2024,False,0.03073170967400074,,season_pitching_stats.war,pitcher,123.0,212,429,217
543294,0.52,5.17,0.0057,0.331,0.325,1144,,,2023-2024,False,-0.23255237936973572,,season_pitching_stats.war,pitcher,267.20001220703125,215,487,272
642701,0.52,5.19,0.0194,0.32,0.301,334,,,2023-2024,False,0.7322113513946533,,season_pitching_stats.war,pitcher,81.39999389648438,215,271,56
607455,0.52,5.22,0.024,0.321,0.297,272,,,2023-2024,False,0.5791277289390564,,season_pitching_stats.war,pitcher,64.19999694824219,215,318,103
664299,0.52,5.19,0.0075,0.329,0.322,860,,,2023-2024,False,1.062808871269226,,season_pitching_stats.war,pitcher,207.1999969482422,215,197,-18
686613,0.51,5.1,0.0045,0.329,0.325,1424,,,2023-2024,False,1.4779785871505737,,season_pitching_stats.war,pitcher,337.3999938964844,219,137,-82
686826,0.51,5.07,0.0184,0.323,0.304,345,,,2023-2024,False,0.6887848377227783,,season_pitching_stats.war,pitcher,82.30000305175781,219,287,68
656412,0.5,5.03,0.0125,0.327,0.315,505,,,2023-2024,False,0.5653173923492432,,season_pitching_stats.war,pitcher,121.29999542236328,221,321,100
605452,0.5,5.02,0.0194,0.327,0.308,324,,,2023-2024,False,0.47999998927116394,,season_pitching_stats.war,pitcher,75.19999694824219,221,346,125
676680,0.49,4.91,0.0221,0.318,0.296,277,,,2023-2024,False,0.9902756214141846,,season_pitching_stats.war,pitcher,65.29999542236328,223,217,-6
694738,0.49,4.88,0.0281,0.325,0.297,217,,,2023-2024,False,0.6399999856948853,,season_pitching_stats.war,pitcher,50.099998474121094,223,303,80
641793,0.47,4.66,0.0056,0.329,0.323,1035,,,2023-2024,False,2.135110855102539,,season_pitching_stats.war,pitcher,248.10000610351562,225,83,-142
669062,0.47,4.66,0.0205,0.321,0.301,284,,,2023-2024,False,0.41999998688697815,,season_pitching_stats.war,pitcher,67.0999984741211,225,357,132
663460,0.45,4.46,0.0272,0.321,0.294,205,,,2023-2024,False,0.6252940893173218,,season_pitching_stats.war,pitcher,51.0,227,307,80
519293,0.45,4.46,0.0133,0.319,0.306,420,,,2023-2024,False,-0.34543928503990173,,season_pitching_stats.war,pitcher,101.30000305175781,227,496,269
543339,0.44,4.36,0.0185,0.321,0.303,294,,,2023-2024,False,0.5616666674613953,,season_pitching_stats.war,pitcher,72.0,229,323,94
663941,0.44,4.43,0.0132,0.326,0.313,418,,,2023-2024,False,0.9812871217727661,,season_pitching_stats.war,pitcher,101.0,229,219,-10
660896,0.42,4.17,0.0169,0.322,0.305,308,,,2023-2024,False,1.0057047605514526,,season_pitching_stats.war,pitcher,75.19999694824219,231,213,-18
680730,0.42,4.21,0.0082,0.331,0.323,642,,,2023-2024,False,0.8600000143051147,,season_pitching_stats.war,pitcher,151.0,231,246,15
666200,0.41,4.12,0.0051,0.331,0.326,1008,,,2023-2024,False,3.6233410835266113,,season_pitching_stats.war,pitcher,248.39999389648438,233,25,-208
678606,0.41,4.09,0.0191,0.321,0.301,268,,,2023-2024,False,0.23636363446712494,,season_pitching_stats.war,pitcher,66.0,233,394,161
684320,0.4,4.01,0.0137,0.329,0.316,367,,,2023-2024,False,0.03999999910593033,,season_pitching_stats.war,pitcher,86.19999694824219,235,427,192
667463,0.4,3.95,0.0123,0.322,0.309,401,,,2023-2024,False,0.73089599609375,,season_pitching_stats.war,pitcher,97.0999984741211,235,272,37
670059,0.39,3.88,0.0106,0.32,0.31,456,,,2023-2024,False,0.7009150385856628,,season_pitching_stats.war,pitcher,107.0999984741211,237,282,45
608718,0.39,3.91,0.0088,0.32,0.311,557,,,2023-2024,False,1.0149815082550049,,season_pitching_stats.war,pitcher,134.29998779296875,237,210,-27
548384,0.39,3.94,0.0195,0.317,0.298,253,,,2023-2024,False,1.1842156648635864,,season_pitching_stats.war,pitcher,61.20000076293945,237,178,-59
605463,0.38,3.85,0.0131,0.325,0.312,367,,,2023-2024,False,1.3674005270004272,,season_pitching_stats.war,pitcher,85.39999389648438,240,156,-84
621366,0.37,3.74,0.0235,0.319,0.295,199,,,2023-2024,False,1.0075929164886475,,season_pitching_stats.war,pitcher,51.099998474121094,241,211,-30
641329,0.36,3.62,0.0166,0.323,0.306,272,,,2023-2024,False,0.26709675788879395,,season_pitching_stats.war,pitcher,68.19999694824219,242,389,147
544150,0.36,3.56,0.008,0.331,0.323,560,,,2023-2024,False,2.440000057220459,,season_pitching_stats.war,pitcher,133.1999969482422,242,64,-178
642048,0.36,3.63,0.0125,0.322,0.31,363,,,2023-2024,False,0.5126463174819946,,season_pitching_stats.war,pitcher,85.4000015258789,242,336,94
678495,0.36,3.63,0.0206,0.329,0.309,220,,,2023-2024,False,-0.1899999976158142,,season_pitching_stats.war,pitcher,52.099998474121094,242,470,228
593334,0.35,3.5,0.008,0.329,0.321,543,,,2023-2024,False,0.5012149214744568,,season_pitching_stats.war,pitcher,128.39999389648438,246,340,94
664076,0.34,3.35,0.0134,0.322,0.308,312,,,2023-2024,False,0.7383333444595337,,season_pitching_stats.war,pitcher,72.0,247,270,23
665625,0.34,3.4,0.0089,0.324,0.315,479,,,2023-2024,False,0.7092024683952332,,season_pitching_stats.war,pitcher,114.0999984741211,247,278,31
592773,0.34,3.43,0.0086,0.32,0.312,498,,,2023-2024,False,-0.13179881870746613,,season_pitching_stats.war,pitcher,117.30000305175781,247,460,213
608723,0.34,3.42,0.0106,0.322,0.311,404,,,2023-2024,False,-0.2569957971572876,,season_pitching_stats.war,pitcher,95.19999694824219,247,490,243
677053,0.33,3.32,0.0093,0.319,0.31,445,,,2023-2024,False,1.2517876625061035,,season_pitching_stats.war,pitcher,107.4000015258789,251,169,-82
543351,0.32,3.18,0.0175,0.32,0.302,227,,,2023-2024,False,0.12396018207073212,,season_pitching_stats.war,pitcher,55.30000305175781,252,412,160
665152,0.32,3.2,0.0031,0.329,0.326,1296,,,2023-2024,False,1.1118134260177612,,season_pitching_stats.war,pitcher,303.29998779296875,252,189,-63
663992,0.32,3.2,0.0166,0.321,0.304,241,,,2023-2024,False,0.1557692438364029,,season_pitching_stats.war,pitcher,57.19999694824219,252,404,152
670167,0.31,3.06,0.0088,0.323,0.314,436,,,2023-2024,False,0.5824283957481384,,season_pitching_stats.war,pitcher,101.30000305175781,255,315,60
608717,0.31,3.07,0.0063,0.323,0.316,608,,,2023-2024,False,-0.005370766390115023,,season_pitching_stats.war,pitcher,144.29998779296875,255,439,184
664062,0.29,2.9,0.0084,0.331,0.323,432,,,2023-2024,False,-0.2199999988079071,,season_pitching_stats.war,pitcher,103.0,257,479,222
664139,0.29,2.95,0.0115,0.323,0.311,320,,,2023-2024,False,1.8997410535812378,,season_pitching_stats.war,pitcher,77.19999694824219,257,102,-155
641871,0.28,2.82,0.0168,0.321,0.304,210,,,2023-2024,False,0.9300000071525574,,season_pitching_stats.war,pitcher,50.20000076293945,259,229,-30
671096,0.28,2.82,0.0034,0.331,0.328,1039,,,2023-2024,False,3.0527477264404297,,season_pitching_stats.war,pitcher,247.10000610351562,259,35,-224
605447,0.27,2.71,0.0112,0.319,0.308,304,,,2023-2024,False,1.7315963506698608,,season_pitching_stats.war,pitcher,73.29999542236328,261,118,-143
663423,0.27,2.67,0.0081,0.323,0.315,414,,,2023-2024,False,0.3461627960205078,,season_pitching_stats.war,pitcher,103.19999694824219,261,367,106
686218,0.27,2.67,0.0125,0.33,0.317,266,,,2023-2024,False,0.27000001072883606,,season_pitching_stats.war,pitcher,64.0,261,388,127
689017,0.27,2.73,0.0107,0.327,0.316,318,,,2023-2024,False,1.0199999809265137,,season_pitching_stats.war,pitcher,76.0,261,208,-53
571670,0.26,2.6,0.0063,0.324,0.317,516,,,2023-2024,False,0.43858522176742554,,season_pitching_stats.war,pitcher,124.39999389648438,265,353,88
683003,0.26,2.57,0.0064,0.329,0.322,502,,,2023-2024,False,1.6399999856948853,,season_pitching_stats.war,pitcher,121.19999694824219,265,123,-142
573124,0.26,2.6,0.0071,0.319,0.312,460,,,2023-2024,False,0.78230220079422,,season_pitching_stats.war,pitcher,111.19999694824219,265,263,-2
806185,0.25,2.49,0.0099,0.332,0.322,313,,,2023-2024,False,0.30000001192092896,,season_pitching_stats.war,pitcher,72.0,268,379,111
656605,0.24,2.44,0.0019,0.33,0.328,1573,,,2023-2024,False,2.4916341304779053,,season_pitching_stats.war,pitcher,372.1000061035156,269,58,-211
642397,0.24,2.43,0.006,0.319,0.313,503,,,2023-2024,False,0.14435940980911255,,season_pitching_stats.war,pitcher,116.30000305175781,269,407,138
657240,0.24,2.45,0.0082,0.322,0.314,373,,,2023-2024,False,0.6727586388587952,,season_pitching_stats.war,pitcher,87.0,269,294,25
666745,0.23,2.29,0.0052,0.327,0.321,551,,,2023-2024,False,0.5212002992630005,,season_pitching_stats.war,pitcher,133.3000030517578,272,335,63
640470,0.23,2.27,0.0087,0.319,0.311,325,,,2023-2024,False,1.100345253944397,,season_pitching_stats.war,pitcher,81.0999984741211,272,191,-81
607481,0.22,2.19,0.0054,0.323,0.317,507,,,2023-2024,False,-0.2156675159931183,,season_pitching_stats.war,pitcher,116.0999984741211,274,477,203
622075,0.21,2.12,0.0099,0.322,0.312,267,,,2023-2024,False,-0.37569618225097656,,season_pitching_stats.war,pitcher,63.20000076293945,275,498,223
657024,0.2,2.04,0.0059,0.32,0.315,433,,,2023-2024,False,0.8523562550544739,,season_pitching_stats.war,pitcher,106.0999984741211,276,249,-27
669456,0.19,1.89,0.0043,0.329,0.324,554,,,2023-2024,False,1.7514286041259766,,season_pitching_stats.war,pitcher,140.0,277,115,-162
669622,0.19,1.88,0.0104,0.321,0.311,226,,,2023-2024,False,0.6700000166893005,,season_pitching_stats.war,pitcher,53.0,277,295,18
664776,0.18,1.78,0.0099,0.322,0.312,224,,,2023-2024,False,0.587735116481781,,season_pitching_stats.war,pitcher,52.099998474121094,279,313,34
665871,0.18,1.81,0.0021,0.33,0.327,1080,,,2023-2024,False,1.8346621990203857,,season_pitching_stats.war,pitcher,256.1000061035156,279,107,-172
682847,0.16,1.61,0.0021,0.33,0.328,950,,,2023-2024,False,2.040009021759033,,season_pitching_stats.war,pitcher,221.39999389648438,281,90,-191
519043,0.16,1.59,0.0048,0.32,0.316,416,,,2023-2024,False,0.7218046188354492,,season_pitching_stats.war,pitcher,100.30000305175781,281,274,-7
669674,0.15,1.48,0.0048,0.32,0.315,384,,,2023-2024,False,0.2798026204109192,,season_pitching_stats.war,pitcher,91.19999694824219,283,386,103
605135,0.15,1.52,0.0012,0.329,0.328,1572,,,2023-2024,False,1.435444712638855,,season_pitching_stats.war,pitcher,371.0,283,146,-137
664192,0.15,1.52,0.0079,0.333,0.325,239,,,2023-2024,False,0.8588099479675293,,season_pitching_stats.war,pitcher,56.30000305175781,283,247,-36
672578,0.14,1.44,0.0042,0.324,0.32,424,,,2023-2024,False,-0.06800000369548798,,season_pitching_stats.war,pitcher,100.0,286,450,164
671212,0.14,1.38,0.0061,0.33,0.324,285,,,2023-2024,False,-0.216202512383461,,season_pitching_stats.war,pitcher,63.20000076293945,286,478,192
680704,0.13,1.31,0.0035,0.324,0.321,472,,,2023-2024,False,0.18597272038459778,,season_pitching_stats.war,pitcher,117.19999694824219,288,399,111
701581,0.13,1.28,0.0058,0.331,0.326,277,,,2023-2024,False,0.46000000834465027,,season_pitching_stats.war,pitcher,64.0999984741211,288,348,60
656638,0.12,1.24,0.0041,0.321,0.317,375,,,2023-2024,False,0.6776721477508545,,season_pitching_stats.war,pitcher,84.19999694824219,290,291,1
680570,0.11,1.08,0.0013,0.329,0.328,1021,,,2023-2024,False,1.2494736909866333,,season_pitching_stats.war,pitcher,239.39999389648438,291,170,-121
677161,0.1,1.02,0.0046,0.325,0.32,277,,,2023-2024,False,0.390980064868927,,season_pitching_stats.war,pitcher,65.30000305175781,292,361,69
593974,0.1,1.03,0.0033,0.318,0.315,389,,,2023-2024,False,0.9725751280784607,,season_pitching_stats.war,pitcher,93.19999694824219,292,221,-71
663773,0.09,0.95,0.0023,0.326,0.324,522,,,2023-2024,False,0.8496673703193665,,season_pitching_stats.war,pitcher,126.29999542236328,294,250,-44
518617,0.08,0.81,0.0026,0.32,0.317,384,,,2023-2024,False,-0.1395067274570465,,season_pitching_stats.war,pitcher,89.19999694824219,295,462,167
523260,0.08,0.75,0.003,0.324,0.321,316,,,2023-2024,False,-0.20027397572994232,,season_pitching_stats.war,pitcher,73.0,295,474,179
643493,0.05,0.52,0.003,0.323,0.32,219,,,2023-2024,False,1.3862643241882324,,season_pitching_stats.war,pitcher,52.19999694824219,297,152,-145
621051,0.05,0.52,0.0018,0.32,0.318,367,,,2023-2024,False,0.02249997854232788,,season_pitching_stats.war,pitcher,87.19999694824219,297,431,134
519008,0.05,0.51,0.0027,0.319,0.316,239,,,2023-2024,False,0.5659930109977722,,season_pitching_stats.war,pitcher,57.400001525878906,297,320,23
656578,0.04,0.42,0.002,0.325,0.323,257,,,2023-2024,False,0.49000000953674316,,season_pitching_stats.war,pitcher,61.099998474121094,300,343,43
665795,0.03,0.3,0.0004,0.33,0.33,848,,,2023-2024,False,1.1588889360427856,,season_pitching_stats.war,pitcher,195.29998779296875,301,181,-120
683232,0.02,0.24,0.0008,0.322,0.321,349,,,2023-2024,False,-0.20855876803398132,,season_pitching_stats.war,pitcher,79.0999984741211,302,475,173
669711,0.02,0.22,0.0008,0.325,0.324,344,,,2023-2024,False,0.4281708896160126,,season_pitching_stats.war,pitcher,83.0999984741211,302,356,54
605242,0.01,0.06,0.0003,0.325,0.324,233,,,2023-2024,False,0.009999999776482582,,season_pitching_stats.war,pitcher,57.0,304,435,131
598286,0.0,0.03,0.0001,0.319,0.319,233,,,2023-2024,False,0.5821012854576111,,season_pitching_stats.war,pitcher,53.30000305175781,305,317,12
605513,-0.01,-0.07,-0.0002,0.326,0.326,365,,,2023-2024,False,0.6123737096786499,,season_pitching_stats.war,pitcher,85.0999984741211,306,308,2
663623,-0.01,-0.08,-0.0001,0.331,0.331,1293,,,2023-2024,False,1.5370278358459473,,season_pitching_stats.war,pitcher,308.20001220703125,306,132,-174
676760,-0.03,-0.3,-0.0013,0.326,0.328,294,,,2023-2024,False,0.3043162524700165,,season_pitching_stats.war,pitcher,70.19999694824219,308,377,69
608665,-0.03,-0.29,-0.0013,0.32,0.322,272,,,2023-2024,False,1.409999966621399,,season_pitching_stats.war,pitcher,66.0999984741211,308,148,-160
592426,-0.03,-0.31,-0.001,0.323,0.324,380,,,2023-2024,False,0.000624272390268743,,season_pitching_stats.war,pitcher,88.0999984741211,308,438,130
663978,-0.03,-0.27,-0.0008,0.328,0.329,418,,,2023-2024,False,0.4474247097969055,,season_pitching_stats.war,pitcher,96.29999542236328,308,351,43
675540,-0.04,-0.42,-0.0009,0.326,0.327,572,,,2023-2024,False,0.5039067268371582,,season_pitching_stats.war,pitcher,137.1999969482422,312,339,27
663986,-0.05,-0.49,-0.0021,0.321,0.323,284,,,2023-2024,False,0.3700000047683716,,season_pitching_stats.war,pitcher,68.19999694824219,313,364,51
623433,-0.06,-0.57,-0.0024,0.319,0.322,292,,,2023-2024,False,0.4397296905517578,,season_pitching_stats.war,pitcher,70.30000305175781,314,352,38
612434,-0.06,-0.55,-0.0019,0.321,0.323,356,,,2023-2024,False,0.33453238010406494,,season_pitching_stats.war,pitcher,83.39999389648438,314,369,55
608334,-0.06,-0.61,-0.0019,0.328,0.33,411,,,2023-2024,False,0.7153014540672302,,season_pitching_stats.war,pitcher,96.19999694824219,314,275,-39
663436,-0.08,-0.82,-0.0047,0.33,0.335,220,,,2023-2024,False,0.8999999761581421,,season_pitching_stats.war,pitcher,50.0,317,238,-79
676272,-0.08,-0.77,-0.0013,0.332,0.333,770,,,2023-2024,False,0.7815384864807129,,season_pitching_stats.war,pitcher,182.0,317,264,-53
542881,-0.08,-0.79,-0.0007,0.331,0.332,1386,,,2023-2024,False,1.717469573020935,,season_pitching_stats.war,pitcher,320.1000061035156,317,119,-198
670912,-0.09,-0.87,-0.0014,0.33,0.331,776,,,2023-2024,False,2.2100000381469727,,season_pitching_stats.war,pitcher,177.1999969482422,320,75,-245
605154,-0.11,-1.12,-0.0036,0.321,0.324,394,,,2023-2024,False,-0.2247210443019867,,season_pitching_stats.war,pitcher,93.19999694824219,321,483,162
572403,-0.11,-1.09,-0.0052,0.321,0.327,262,,,2023-2024,False,0.5400000214576721,,season_pitching_stats.war,pitcher,61.0,321,329,8
605182,-0.11,-1.12,-0.0022,0.33,0.332,624,,,2023-2024,False,2.8277974128723145,,season_pitching_stats.war,pitcher,147.10000610351562,321,48,-273
640448,-0.11,-1.11,-0.0026,0.32,0.323,543,,,2023-2024,False,0.9777702689170837,,season_pitching_stats.war,pitcher,132.3000030517578,321,220,-101
681217,-0.12,-1.16,-0.0056,0.327,0.333,258,,,2023-2024,False,0.6855574250221252,,season_pitching_stats.war,pitcher,60.099998474121094,325,289,-36
621383,-0.13,-1.29,-0.0029,0.324,0.327,565,,,2023-2024,False,0.39293062686920166,,season_pitching_stats.war,pitcher,134.10000610351562,326,360,34
676092,-0.14,-1.41,-0.0067,0.323,0.329,261,,,2023-2024,False,0.6353833079338074,,season_pitching_stats.war,pitcher,61.30000305175781,327,305,-22
671737,-0.14,-1.36,-0.0016,0.33,0.332,1033,,,2023-2024,False,0.8180429935455322,,season_pitching_stats.war,pitcher,242.1999969482422,327,254,-73
641627,-0.14,-1.36,-0.0069,0.322,0.329,247,,,2023-2024,False,-0.1899999976158142,,season_pitching_stats.war,pitcher,58.0,327,470,143
682227,-0.15,-1.49,-0.0034,0.333,0.336,547,,,2023-2024,False,1.4726543426513672,,season_pitching_stats.war,pitcher,131.10000610351562,330,141,-189
641835,-0.16,-1.65,-0.005,0.317,0.322,411,,,2023-2024,False,0.6011202335357666,,season_pitching_stats.war,pitcher,98.19999694824219,331,310,-21
605121,-0.16,-1.57,-0.0082,0.324,0.332,241,,,2023-2024,False,0.5099999904632568,,season_pitching_stats.war,pitcher,53.099998474121094,331,337,6
663362,-0.16,-1.59,-0.0025,0.33,0.333,795,,,2023-2024,False,0.7117566466331482,,season_pitching_stats.war,pitcher,187.29998779296875,331,277,-54
669461,-0.17,-1.75,-0.0035,0.327,0.331,626,,,2023-2024,False,0.013016306795179844,,season_pitching_stats.war,pitcher,147.1999969482422,334,434,100
672335,-0.18,-1.82,-0.0047,0.318,0.323,484,,,2023-2024,False,-0.19110091030597687,,season_pitching_stats.war,pitcher,109.0,335,472,137
622554,-0.18,-1.76,-0.0043,0.321,0.325,510,,,2023-2024,False,0.304357647895813,,season_pitching_stats.war,pitcher,115.19999694824219,335,376,41
607067,-0.18,-1.8,-0.0018,0.329,0.331,1224,,,2023-2024,False,0.9011530876159668,,season_pitching_stats.war,pitcher,291.3999938964844,335,237,-98
663372,-0.19,-1.92,-0.0027,0.33,0.333,887,,,2023-2024,False,1.0590497255325317,,season_pitching_stats.war,pitcher,205.20001220703125,338,198,-140
686799,-0.2,-2.03,-0.0097,0.332,0.342,261,,,2023-2024,False,0.75,,season_pitching_stats.war,pitcher,65.0999984741211,339,268,-71
663546,-0.21,-2.1,-0.0056,0.326,0.332,469,,,2023-2024,False,0.2900732457637787,,season_pitching_stats.war,pitcher,109.19999694824219,340,382,42
656756,-0.21,-2.15,-0.0019,0.333,0.335,1427,,,2023-2024,False,2.0951218605041504,,season_pitching_stats.war,pitcher,336.20001220703125,340,87,-253
693312,-0.22,-2.23,-0.0104,0.324,0.335,268,,,2023-2024,False,0.1378583461046219,,season_pitching_stats.war,pitcher,59.29999923706055,342,411,69
657585,-0.22,-2.2,-0.0076,0.322,0.33,362,,,2023-2024,False,0.11810427904129028,,season_pitching_stats.war,pitcher,84.39999389648438,342,413,71
690986,-0.24,-2.39,-0.0044,0.331,0.336,678,,,2023-2024,False,0.5962981581687927,,season_pitching_stats.war,pitcher,158.3000030517578,344,312,-32
641360,-0.24,-2.42,-0.0091,0.325,0.334,332,,,2023-2024,False,-0.22323137521743774,,season_pitching_stats.war,pitcher,75.19999694824219,344,481,137
670970,-0.24,-2.4,-0.0093,0.322,0.331,321,,,2023-2024,False,1.1236000061035156,,season_pitching_stats.war,pitcher,75.0,344,188,-156
663878,-0.24,-2.41,-0.0065,0.324,0.33,464,,,2023-2024,False,-0.1723453402519226,,season_pitching_stats.war,pitcher,108.30000305175781,344,467,123
663704,-0.24,-2.45,-0.0092,0.323,0.332,332,,,2023-2024,False,-0.3631778061389923,,season_pitching_stats.war,pitcher,79.30000305175781,344,497,153
676775,-0.24,-2.42,-0.0076,0.328,0.335,399,,,2023-2024,False,-0.4779526889324188,,season_pitching_stats.war,pitcher,97.19999694824219,344,510,166
681293,-0.25,-2.54,-0.005,0.33,0.335,631,,,2023-2024,False,0.4300000071525574,,season_pitching_stats.war,pitcher,145.0,350,355,5
657514,-0.26,-2.64,-0.0076,0.321,0.329,432,,,2023-2024,False,0.816205620765686,,season_pitching_stats.war,pitcher,101.19999694824219,351,256,-95
547943,-0.26,-2.59,-0.0147,0.333,0.348,221,,,2023-2024,False,0.5099999904632568,,season_pitching_stats.war,pitcher,52.0,351,337,-14
572143,-0.27,-2.71,-0.0142,0.323,0.338,238,,,2023-2024,False,-0.15000000596046448,,season_pitching_stats.war,pitcher,56.099998474121094,353,463,110
669713,-0.28,-2.76,-0.0053,0.327,0.332,655,,,2023-2024,False,-0.09047985076904297,,season_pitching_stats.war,pitcher,156.29998779296875,354,453,99
571927,-0.3,-2.99,-0.0059,0.33,0.336,635,,,2023-2024,False,1.3240845203399658,,season_pitching_stats.war,pitcher,149.10000610351562,355,162,-193
672456,-0.3,-3.03,-0.009,0.33,0.339,422,,,2023-2024,False,0.23000000417232513,,season_pitching_stats.war,pitcher,101.0999984741211,355,395,40
694813,-0.3,-3.03,-0.0052,0.329,0.335,728,,,2023-2024,False,1.5229747295379639,,season_pitching_stats.war,pitcher,171.10000610351562,355,134,-221
472610,-0.3,-3.02,-0.0074,0.321,0.329,510,,,2023-2024,False,-0.09765557199716568,,season_pitching_stats.war,pitcher,117.30000305175781,355,454,99
678368,-0.3,-2.98,-0.0127,0.329,0.342,292,,,2023-2024,False,1.3799999952316284,,season_pitching_stats.war,pitcher,68.19999694824219,355,154,-201
594902,-0.31,-3.14,-0.0039,0.331,0.335,1016,,,2023-2024,False,1.0529588460922241,,season_pitching_stats.war,pitcher,240.3000030517578,360,200,-160
572020,-0.31,-3.06,-0.0045,0.332,0.336,845,,,2023-2024,False,0.6267414093017578,,season_pitching_stats.war,pitcher,196.10000610351562,360,306,-54
680767,-0.31,-3.1,-0.0107,0.324,0.335,361,,,2023-2024,False,0.7812039256095886,,season_pitching_stats.war,pitcher,81.39999389648438,360,265,-95
656427,-0.32,-3.2,-0.0029,0.329,0.332,1384,,,2023-2024,False,2.1946651935577393,,season_pitching_stats.war,pitcher,330.1000061035156,363,79,-284
666277,-0.33,-3.28,-0.0114,0.327,0.339,359,,,2023-2024,False,0.1411205679178238,,season_pitching_stats.war,pitcher,82.0999984741211,364,409,45
606965,-0.34,-3.35,-0.014,0.323,0.337,300,,,2023-2024,False,-0.1287766844034195,,season_pitching_stats.war,pitcher,70.30000305175781,365,456,91
676534,-0.34,-3.36,-0.012,0.322,0.334,349,,,2023-2024,False,0.44928568601608276,,season_pitching_stats.war,pitcher,78.4000015258789,365,350,-15
502043,-0.36,-3.56,-0.0029,0.33,0.333,1508,,,2023-2024,False,0.785749614238739,,season_pitching_stats.war,pitcher,364.20001220703125,367,261,-106
527054,-0.36,-3.61,-0.0149,0.33,0.345,303,,,2023-2024,False,0.4887193441390991,,season_pitching_stats.war,pitcher,73.39999389648438,367,344,-23
669084,-0.37,-3.75,-0.0162,0.324,0.34,290,,,2023-2024,False,-0.043803680688142776,,season_pitching_stats.war,pitcher,65.19999694824219,369,447,78
676106,-0.38,-3.76,-0.0149,0.328,0.343,315,,,2023-2024,False,-0.4403047263622284,,season_pitching_stats.war,pitcher,72.19999694824219,370,504,134
661309,-0.4,-4.03,-0.021,0.325,0.346,240,,,2023-2024,False,0.3700000047683716,,season_pitching_stats.war,pitcher,55.0,371,364,-7
605177,-0.4,-3.98,-0.0108,0.321,0.331,462,,,2023-2024,False,0.14109140634536743,,season_pitching_stats.war,pitcher,107.19999694824219,371,410,39
686539,-0.4,-3.96,-0.0141,0.326,0.34,352,,,2023-2024,False,0.07404439896345139,,season_pitching_stats.war,pitcher,81.0999984741211,371,420,49
450203,-0.41,-4.1,-0.0036,0.33,0.334,1407,,,2023-2024,False,2.0390584468841553,,season_pitching_stats.war,pitcher,328.20001220703125,374,91,-283
693821,-0.41,-4.07,-0.0053,0.331,0.336,969,,,2023-2024,False,1.9842820167541504,,season_pitching_stats.war,pitcher,226.3000030517578,374,94,-280
593423,-0.41,-4.09,-0.0076,0.33,0.338,674,,,2023-2024,False,0.5764561295509338,,season_pitching_stats.war,pitcher,155.20001220703125,374,319,-55
543101,-0.41,-4.1,-0.0124,0.329,0.341,415,,,2023-2024,False,0.10000000149011612,,season_pitching_stats.war,pitcher,99.19999694824219,374,415,41
657571,-0.41,-4.07,-0.0097,0.324,0.334,522,,,2023-2024,False,-0.18144330382347107,,season_pitching_stats.war,pitcher,116.4000015258789,374,469,95
641540,-0.41,-4.11,-0.0044,0.327,0.332,1173,,,2023-2024,False,1.4647045135498047,,season_pitching_stats.war,pitcher,274.20001220703125,374,142,-232
670046,-0.42,-4.18,-0.0211,0.328,0.349,248,,,2023-2024,False,0.277368426322937,,season_pitching_stats.war,pitcher,57.0,380,387,7
502171,-0.43,-4.28,-0.0073,0.33,0.337,735,,,2023-2024,False,2.2102251052856445,,season_pitching_stats.war,pitcher,173.10000610351562,381,74,-307
572955,-0.43,-4.25,-0.0102,0.322,0.332,520,,,2023-2024,False,0.5322340726852417,,season_pitching_stats.war,pitcher,122.19999694824219,381,333,-48
686563,-0.43,-4.31,-0.0104,0.329,0.34,521,,,2023-2024,False,1.8799999952316284,,season_pitching_stats.war,pitcher,124.0999984741211,381,104,-277
681869,-0.44,-4.36,-0.0219,0.329,0.351,249,,,2023-2024,False,-0.014972275123000145,,season_pitching_stats.war,pitcher,54.099998474121094,384,443,59
663432,-0.44,-4.4,-0.0234,0.32,0.344,235,,,2023-2024,False,0.10884615778923035,,season_pitching_stats.war,pitcher,52.0,384,414,30
595345,-0.45,-4.52,-0.014,0.322,0.336,405,,,2023-2024,False,0.2885047495365143,,season_pitching_stats.war,pitcher,94.30000305175781,386,384,-2
656222,-0.45,-4.52,-0.0114,0.324,0.336,495,,,2023-2024,False,-0.17542371153831482,,season_pitching_stats.war,pitcher,112.0999984741211,386,468,82
663855,-0.46,-4.58,-0.0075,0.326,0.333,759,,,2023-2024,False,0.9422577619552612,,season_pitching_stats.war,pitcher,175.39999389648438,388,227,-161
669796,-0.47,-4.69,-0.0243,0.32,0.345,241,,,2023-2024,False,-0.016021698713302612,,season_pitching_stats.war,pitcher,55.29999923706055,389,444,55
573204,-0.47,-4.7,-0.0172,0.318,0.335,341,,,2023-2024,False,-0.012515531852841377,,season_pitching_stats.war,pitcher,80.30000305175781,389,442,53
647315,-0.48,-4.84,-0.0236,0.323,0.346,256,,,2023-2024,False,-1.0994117259979248,,season_pitching_stats.war,pitcher,61.20000076293945,391,530,139
656061,-0.48,-4.83,-0.023,0.323,0.346,262,,,2023-2024,False,-0.23999999463558197,,season_pitching_stats.war,pitcher,59.0,391,489,98
613534,-0.49,-4.88,-0.0227,0.321,0.344,269,,,2023-2024,False,0.30551543831825256,,season_pitching_stats.war,pitcher,58.19999694824219,393,375,-18
694363,-0.5,-4.95,-0.0113,0.328,0.34,550,,,2023-2024,False,0.48340779542922974,,season_pitching_stats.war,pitcher,125.30000305175781,394,345,-49
700249,-0.51,-5.05,-0.018,0.33,0.348,351,,,2023-2024,False,-0.20999997854232788,,season_pitching_stats.war,pitcher,79.19999694824219,395,476,81
660261,-0.51,-5.1,-0.018,0.325,0.343,355,,,2023-2024,False,-1.9800000190734863,,season_pitching_stats.war,pitcher,79.0,395,539,144
657508,-0.52,-5.22,-0.0123,0.324,0.336,532,,,2023-2024,False,0.005674573127180338,,season_pitching_stats.war,pitcher,122.29999542236328,397,436,39
600921,-0.52,-5.19,-0.0323,0.328,0.36,201,,,2023-2024,False,-0.009999999776482582,,season_pitching_stats.war,pitcher,50.0,397,440,43
543272,-0.53,-5.32,-0.029,0.321,0.35,229,,,2023-2024,False,-0.07999999821186066,,season_pitching_stats.war,pitcher,54.20000076293945,399,452,53
573186,-0.53,-5.34,-0.0055,0.33,0.335,1220,,,2023-2024,False,0.9154752492904663,,season_pitching_stats.war,pitcher,290.3999938964844,399,234,-165
543521,-0.53,-5.27,-0.0255,0.329,0.355,258,,,2023-2024,False,-0.4399999976158142,,season_pitching_stats.war,pitcher,58.20000076293945,399,503,104
607074,-0.54,-5.42,-0.0062,0.331,0.337,1097,,,2023-2024,False,1.2097346782684326,,season_pitching_stats.war,pitcher,256.29998779296875,402,176,-226
628711,-0.55,-5.45,-0.0148,0.331,0.346,460,,,2023-2024,False,0.550000011920929,,season_pitching_stats.war,pitcher,117.0999984741211,403,327,-76
670174,-0.56,-5.65,-0.0103,0.325,0.335,687,,,2023-2024,False,1.0527592897415161,,season_pitching_stats.war,pitcher,159.10000610351562,404,201,-203
607179,-0.58,-5.8,-0.0173,0.324,0.341,418,,,2023-2024,False,-0.06417188048362732,,season_pitching_stats.war,pitcher,95.4000015258789,405,449,44
571760,-0.58,-5.79,-0.0053,0.332,0.337,1372,,,2023-2024,False,0.6532379984855652,,season_pitching_stats.war,pitcher,318.1000061035156,405,300,-105
676477,-0.58,-5.78,-0.0192,0.328,0.347,376,,,2023-2024,False,0.3893169164657593,,season_pitching_stats.war,pitcher,89.29999542236328,405,362,-43
656849,-0.59,-5.94,-0.0072,0.33,0.337,1033,,,2023-2024,False,1.7831913232803345,,season_pitching_stats.war,pitcher,244.10000610351562,408,112,-296
657376,-0.61,-6.09,-0.007,0.33,0.337,1094,,,2023-2024,False,1.1525614261627197,,season_pitching_stats.war,pitcher,256.1000061035156,409,182,-227
650893,-0.61,-6.13,-0.0153,0.32,0.335,501,,,2023-2024,False,0.07434781640768051,,season_pitching_stats.war,pitcher,117.30000305175781,409,419,10
606930,-0.64,-6.4,-0.0238,0.326,0.35,336,,,2023-2024,False,0.028333330526947975,,season_pitching_stats.war,pitcher,79.19999694824219,411,430,19
656288,-0.65,-6.52,-0.0065,0.33,0.336,1247,,,2023-2024,False,0.9693762063980103,,season_pitching_stats.war,pitcher,298.20001220703125,412,223,-189
594835,-0.66,-6.61,-0.0228,0.33,0.353,363,,,2023-2024,False,-0.10086539387702942,,season_pitching_stats.war,pitcher,83.19999694824219,413,455,42
660853,-0.66,-6.57,-0.0155,0.322,0.337,529,,,2023-2024,False,0.6599690318107605,,season_pitching_stats.war,pitcher,129.1999969482422,413,298,-115
669459,-0.67,-6.73,-0.0287,0.317,0.345,293,,,2023-2024,False,0.03573033586144447,,season_pitching_stats.war,pitcher,71.19999694824219,415,428,13
683627,-0.67,-6.66,-0.0318,0.325,0.357,262,,,2023-2024,False,-0.5199999809265137,,season_pitching_stats.war,pitcher,59.20000076293945,415,515,100
641302,-0.67,-6.74,-0.0133,0.326,0.339,632,,,2023-2024,False,0.2901587188243866,,season_pitching_stats.war,pitcher,151.1999969482422,415,381,-34
663776,-0.68,-6.75,-0.0085,0.333,0.341,993,,,2023-2024,False,0.28110116720199585,,season_pitching_stats.war,pitcher,223.39999389648438,418,385,-33
661527,-0.68,-6.85,-0.0211,0.324,0.345,406,,,2023-2024,False,0.15478992462158203,,season_pitching_stats.war,pitcher,95.19999694824219,418,406,-12
666168,-0.69,-6.85,-0.0369,0.325,0.362,232,,,2023-2024,False,-0.4099999964237213,,season_pitching_stats.war,pitcher,54.0,420,500,80
664353,-0.7,-6.96,-0.0275,0.324,0.351,316,,,2023-2024,False,-0.019999999552965164,,season_pitching_stats.war,pitcher,73.0,421,445,24
672582,-0.71,-7.12,-0.0206,0.324,0.345,432,,,2023-2024,False,0.35263583064079285,,season_pitching_stats.war,pitcher,99.4000015258789,422,366,-56
663687,-0.75,-7.48,-0.016,0.332,0.348,585,,,2023-2024,False,0.6649221777915955,,season_pitching_stats.war,pitcher,135.10000610351562,423,297,-126
622065,-0.76,-7.56,-0.032,0.32,0.352,295,,,2023-2024,False,0.699999988079071,,season_pitching_stats.war,pitcher,68.4000015258789,424,284,-140
622098,-0.77,-7.74,-0.0304,0.321,0.352,318,,,2023-2024,False,0.0522373765707016,,season_pitching_stats.war,pitcher,73.30000305175781,425,426,1
621076,-0.78,-7.84,-0.0355,0.33,0.366,276,,,2023-2024,False,-0.12999999523162842,,season_pitching_stats.war,pitcher,61.0,426,458,32
687765,-0.78,-7.82,-0.015,0.329,0.344,650,,,2023-2024,False,1.6100000143051147,,season_pitching_stats.war,pitcher,151.10000610351562,426,125,-301
676664,-0.79,-7.88,-0.0066,0.332,0.339,1488,,,2023-2024,False,2.5668082237243652,,season_pitching_stats.war,pitcher,353.1000061035156,428,57,-371
642546,-0.79,-7.91,-0.0303,0.325,0.356,326,,,2023-2024,False,-0.47060564160346985,,season_pitching_stats.war,pitcher,74.30000305175781,428,509,81
605347,-0.82,-8.2,-0.0216,0.322,0.343,475,,,2023-2024,False,0.07874999940395355,,season_pitching_stats.war,pitcher,112.0,430,418,-12
683155,-0.82,-8.24,-0.0175,0.331,0.348,587,,,2023-2024,False,0.563877522945404,,season_pitching_stats.war,pitcher,137.1999969482422,430,322,-108
663559,-0.82,-8.19,-0.0111,0.331,0.342,926,,,2023-2024,False,0.920607328414917,,season_pitching_stats.war,pitcher,222.3000030517578,430,233,-197
675627,-0.83,-8.25,-0.0195,0.327,0.347,529,,,2023-2024,False,-0.6921129822731018,,season_pitching_stats.war,pitcher,122.0999984741211,433,520,87
656271,-0.85,-8.54,-0.027,0.322,0.349,395,,,2023-2024,False,-0.12890543043613434,,season_pitching_stats.war,pitcher,94.0999984741211,434,457,23
641585,-0.86,-8.64,-0.0151,0.331,0.346,715,,,2023-2024,False,1.2959316968917847,,season_pitching_stats.war,pitcher,164.20001220703125,435,164,-271
656353,-0.86,-8.64,-0.043,0.323,0.366,251,,,2023-2024,False,-0.37848103046417236,,season_pitching_stats.war,pitcher,55.29999923706055,435,499,64
672710,-0.86,-8.62,-0.0183,0.326,0.345,588,,,2023-2024,False,-0.03999999910593033,,season_pitching_stats.war,pitcher,136.1999969482422,435,446,11
677960,-0.87,-8.65,-0.0174,0.329,0.347,620,,,2023-2024,False,0.7929567694664001,,season_pitching_stats.war,pitcher,143.39999389648438,438,258,-180
605288,-0.87,-8.68,-0.0138,0.329,0.343,789,,,2023-2024,False,0.1982630342245102,,season_pitching_stats.war,pitcher,180.1999969482422,438,398,-40
641703,-0.87,-8.7,-0.0256,0.323,0.348,425,,,2023-2024,False,0.31350305676460266,,season_pitching_stats.war,pitcher,98.19999694824219,438,372,-66
425844,-0.88,-8.78,-0.0193,0.329,0.348,567,,,2023-2024,False,1.0800000429153442,,season_pitching_stats.war,pitcher,142.10000610351562,441,194,-247
666157,-0.88,-8.78,-0.0167,0.331,0.348,657,,,2023-2024,False,0.9140214323997498,,season_pitching_stats.war,pitcher,149.1999969482422,441,235,-206
543518,-0.89,-8.89,-0.0249,0.323,0.348,446,,,2023-2024,False,-0.29882699251174927,,season_pitching_stats.war,pitcher,102.30000305175781,443,493,50
672851,-0.9,-9.05,-0.04,0.329,0.369,283,,,2023-2024,False,-0.2984364926815033,,season_pitching_stats.war,pitcher,61.400001525878906,444,492,48
656234,-0.91,-9.14,-0.0204,0.324,0.345,559,,,2023-2024,False,0.7005730867385864,,season_pitching_stats.war,pitcher,129.10000610351562,445,283,-162
694297,-0.93,-9.27,-0.0092,0.33,0.339,1259,,,2023-2024,False,0.08237968385219574,,season_pitching_stats.war,pitcher,299.20001220703125,446,417,-29
680686,-0.94,-9.4,-0.0159,0.33,0.346,740,,,2023-2024,False,2.8664629459381104,,season_pitching_stats.war,pitcher,167.10000610351562,447,46,-401
681190,-0.94,-9.45,-0.0199,0.331,0.351,593,,,2023-2024,False,0.6430769562721252,,season_pitching_stats.war,pitcher,135.1999969482422,447,302,-145
657612,-0.95,-9.52,-0.0232,0.32,0.343,512,,,2023-2024,False,-0.16194628179073334,,season_pitching_stats.war,pitcher,119.19999694824219,449,465,16
676596,-0.95,-9.52,-0.0334,0.325,0.358,356,,,2023-2024,False,0.018663426861166954,,season_pitching_stats.war,pitcher,82.30000305175781,449,433,-16
647336,-0.95,-9.51,-0.0244,0.328,0.352,488,,,2023-2024,False,0.2998652458190918,,season_pitching_stats.war,pitcher,111.29999542236328,449,380,-69
668868,-0.97,-9.69,-0.0336,0.328,0.361,360,,,2023-2024,False,0.3183754086494446,,season_pitching_stats.war,pitcher,83.0999984741211,452,371,-81
606149,-0.97,-9.71,-0.0378,0.319,0.357,321,,,2023-2024,False,0.21122339367866516,,season_pitching_stats.war,pitcher,75.19999694824219,452,397,-55
628317,-0.97,-9.66,-0.0129,0.329,0.342,933,,,2023-2024,False,-0.27070391178131104,,season_pitching_stats.war,pitcher,220.1999969482422,452,491,39
657053,-0.97,-9.66,-0.0242,0.331,0.355,498,,,2023-2024,False,0.7060908675193787,,season_pitching_stats.war,pitcher,110.0,452,280,-172
696136,-0.97,-9.65,-0.034,0.331,0.365,355,,,2023-2024,False,-0.13458852469921112,,season_pitching_stats.war,pitcher,80.19999694824219,452,461,9
663474,-0.98,-9.82,-0.0299,0.329,0.359,410,,,2023-2024,False,-0.42947372794151306,,season_pitching_stats.war,pitcher,91.19999694824219,457,502,45
681867,-0.98,-9.83,-0.0215,0.33,0.351,573,,,2023-2024,False,0.3076835572719574,,season_pitching_stats.war,pitcher,132.10000610351562,457,373,-84
669947,-0.99,-9.95,-0.0331,0.329,0.362,376,,,2023-2024,False,0.18000000715255737,,season_pitching_stats.war,pitcher,85.0,459,400,-59
665622,-0.99,-9.95,-0.0186,0.332,0.351,668,,,2023-2024,False,0.22021450102329254,,season_pitching_stats.war,pitcher,149.1999969482422,459,396,-63
681982,-1.0,-10.0,-0.0463,0.325,0.371,270,,,2023-2024,False,-0.6441693902015686,,season_pitching_stats.war,pitcher,61.400001525878906,461,519,58
621112,-1.01,-10.1,-0.0162,0.33,0.347,778,,,2023-2024,False,1.0951037406921387,,season_pitching_stats.war,pitcher,178.29998779296875,462,192,-270
663903,-1.02,-10.15,-0.0087,0.331,0.34,1452,,,2023-2024,False,1.6672641038894653,,season_pitching_stats.war,pitcher,339.20001220703125,463,122,-341
677944,-1.02,-10.22,-0.0283,0.329,0.358,452,,,2023-2024,False,-0.7333019375801086,,season_pitching_stats.war,pitcher,106.0,463,521,58
456501,-1.04,-10.41,-0.0489,0.33,0.379,266,,,2023-2024,False,0.0013607552973553538,,season_pitching_stats.war,pitcher,63.19999694824219,465,437,-28
641755,-1.04,-10.41,-0.0367,0.322,0.359,355,,,2023-2024,False,-0.2239200919866562,,season_pitching_stats.war,pitcher,80.0999984741211,465,482,17
541640,-1.04,-10.37,-0.0371,0.326,0.364,349,,,2023-2024,False,-0.8335989117622375,,season_pitching_stats.war,pitcher,80.30000305175781,465,524,59
572971,-1.04,-10.35,-0.052,0.332,0.384,249,,,2023-2024,False,-0.05483146011829376,,season_pitching_stats.war,pitcher,53.400001525878906,465,448,-17
543475,-1.07,-10.7,-0.0175,0.328,0.346,766,,,2023-2024,False,-1.0262458324432373,,season_pitching_stats.war,pitcher,182.1999969482422,469,529,60
663554,-1.09,-10.92,-0.0304,0.331,0.362,449,,,2023-2024,False,0.25999999046325684,,season_pitching_stats.war,pitcher,102.0999984741211,470,391,-79
542585,-1.1,-11.04,-0.0411,0.325,0.366,336,,,2023-2024,False,-0.41999998688697815,,season_pitching_stats.war,pitcher,74.29999542236328,471,501,30
666201,-1.11,-11.08,-0.028,0.331,0.359,494,,,2023-2024,False,-0.9352877736091614,,season_pitching_stats.war,pitcher,111.19999694824219,472,528,56
670990,-1.11,-11.15,-0.0369,0.326,0.363,378,,,2023-2024,False,-0.5315162539482117,,season_pitching_stats.war,pitcher,83.0999984741211,472,517,45
621016,-1.11,-11.1,-0.0374,0.326,0.363,371,,,2023-2024,False,0.5824137926101685,,season_pitching_stats.war,pitcher,81.19999694824219,472,316,-156
676974,-1.12,-11.16,-0.0563,0.331,0.387,248,,,2023-2024,False,-0.1599999964237213,,season_pitching_stats.war,pitcher,57.0,475,464,-11
605200,-1.16,-11.65,-0.0387,0.332,0.371,376,,,2023-2024,False,-1.3899999856948853,,season_pitching_stats.war,pitcher,82.0999984741211,476,537,61
669432,-1.17,-11.7,-0.0229,0.331,0.354,638,,,2023-2024,False,0.5570654273033142,,season_pitching_stats.war,pitcher,142.10000610351562,477,324,-153
502624,-1.18,-11.77,-0.0236,0.327,0.351,622,,,2023-2024,False,0.09830097109079361,,season_pitching_stats.war,pitcher,144.1999969482422,478,416,-62
656629,-1.18,-11.82,-0.0163,0.326,0.342,905,,,2023-2024,False,0.8832196593284607,,season_pitching_stats.war,pitcher,205.3000030517578,478,239,-239
678394,-1.19,-11.9,-0.0109,0.331,0.342,1367,,,2023-2024,False,2.1443371772766113,,season_pitching_stats.war,pitcher,319.1000061035156,480,81,-399
642545,-1.22,-12.24,-0.0431,0.326,0.369,355,,,2023-2024,False,-0.9100000262260437,,season_pitching_stats.war,pitcher,82.0999984741211,481,527,46
608337,-1.24,-12.4,-0.0197,0.329,0.349,788,,,2023-2024,False,1.5800000429153442,,season_pitching_stats.war,pitcher,184.10000610351562,482,128,-354
608678,-1.26,-12.57,-0.0491,0.324,0.373,320,,,2023-2024,False,0.02054791897535324,,season_pitching_stats.war,pitcher,73.0,483,432,-51
596133,-1.26,-12.62,-0.0166,0.326,0.342,948,,,2023-2024,False,0.4965316951274872,,season_pitching_stats.war,pitcher,222.29998779296875,483,342,-141
664199,-1.28,-12.77,-0.0604,0.32,0.381,264,,,2023-2024,False,-0.8500000238418579,,season_pitching_stats.war,pitcher,59.0,485,525,40
670124,-1.3,-12.96,-0.0561,0.329,0.385,289,,,2023-2024,False,-0.13019579648971558,,season_pitching_stats.war,pitcher,61.29999923706055,486,459,-27
628708,-1.35,-13.52,-0.0551,0.325,0.38,307,,,2023-2024,False,-0.451797217130661,,season_pitching_stats.war,pitcher,65.0999984741211,487,507,20
672282,-1.39,-13.91,-0.0168,0.331,0.348,1032,,,2023-2024,False,0.9506630897521973,,season_pitching_stats.war,pitcher,235.29998779296875,488,226,-262
606160,-1.39,-13.9,-0.0367,0.323,0.359,474,,,2023-2024,False,-0.22010889649391174,,season_pitching_stats.war,pitcher,110.19999694824219,488,480,-8
682990,-1.42,-14.21,-0.0394,0.331,0.37,451,,,2023-2024,False,-0.5034677386283875,,season_pitching_stats.war,pitcher,99.19999694824219,490,513,23
608344,-1.43,-14.27,-0.0216,0.33,0.352,824,,,2023-2024,False,-0.34078148007392883,,season_pitching_stats.war,pitcher,188.10000610351562,491,495,4
446372,-1.43,-14.3,-0.0751,0.328,0.403,238,,,2023-2024,False,-0.8500000238418579,,season_pitching_stats.war,pitcher,55.0,491,525,34
592789,-1.46,-14.63,-0.0468,0.329,0.376,391,,,2023-2024,False,-1.100000023841858,,season_pitching_stats.war,pitcher,88.19999694824219,493,531,38
570632,-1.46,-14.64,-0.0277,0.328,0.355,661,,,2023-2024,False,0.1418798863887787,,season_pitching_stats.war,pitcher,153.1999969482422,493,408,-85
669438,-1.47,-14.74,-0.0548,0.326,0.381,336,,,2023-2024,False,-0.5183938145637512,,season_pitching_stats.war,pitcher,77.19999694824219,495,514,19
669022,-1.53,-15.34,-0.0147,0.331,0.346,1307,,,2023-2024,False,1.3183785676956177,,season_pitching_stats.war,pitcher,302.20001220703125,496,163,-333
571945,-1.56,-15.57,-0.0125,0.33,0.342,1558,,,2023-2024,False,0.8163739442825317,,season_pitching_stats.war,pitcher,372.29998779296875,497,255,-242
592866,-1.56,-15.6,-0.0214,0.329,0.351,913,,,2023-2024,False,0.6541891694068909,,season_pitching_stats.war,pitcher,210.3000030517578,497,299,-198
614179,-1.56,-15.61,-0.0462,0.325,0.371,422,,,2023-2024,False,0.06490644067525864,,season_pitching_stats.war,pitcher,96.19999694824219,497,422,-75
674072,-1.58,-15.77,-0.0352,0.33,0.365,560,,,2023-2024,False,0.5354366898536682,,season_pitching_stats.war,pitcher,127.0999984741211,500,332,-168
664875,-1.62,-16.16,-0.0343,0.323,0.357,589,,,2023-2024,False,-0.010461992584168911,,season_pitching_stats.war,pitcher,134.1999969482422,501,441,-60
663562,-1.67,-16.67,-0.0864,0.331,0.418,241,,,2023-2024,False,-0.4913772642612457,,season_pitching_stats.war,pitcher,50.099998474121094,502,511,9
669194,-1.67,-16.67,-0.0164,0.33,0.347,1274,,,2023-2024,False,0.7852647304534912,,season_pitching_stats.war,pitcher,300.29998779296875,502,262,-240
548389,-1.68,-16.83,-0.0278,0.328,0.355,758,,,2023-2024,False,-0.49678343534469604,,season_pitching_stats.war,pitcher,174.10000610351562,504,512,8
621111,-1.69,-16.86,-0.0522,0.329,0.381,404,,,2023-2024,False,-1.1399999856948853,,season_pitching_stats.war,pitcher,90.0999984741211,505,532,27
656731,-1.69,-16.87,-0.0228,0.33,0.353,925,,,2023-2024,False,0.5547934770584106,,season_pitching_stats.war,pitcher,208.1999969482422,505,326,-179
622663,-1.69,-16.87,-0.0169,0.33,0.347,1244,,,2023-2024,False,0.6768917441368103,,season_pitching_stats.war,pitcher,287.29998779296875,505,292,-213
641745,-1.74,-17.42,-0.0542,0.328,0.382,402,,,2023-2024,False,0.07100927829742432,,season_pitching_stats.war,pitcher,86.19999694824219,508,421,-87
622072,-1.75,-17.45,-0.0359,0.329,0.365,608,,,2023-2024,False,0.39763757586479187,,season_pitching_stats.war,pitcher,136.29998779296875,509,359,-150
686973,-1.81,-18.1,-0.0434,0.328,0.371,521,,,2023-2024,False,-0.23787058889865875,,season_pitching_stats.war,pitcher,117.39999389648438,510,488,-22
679525,-1.82,-18.24,-0.0258,0.331,0.357,884,,,2023-2024,False,0.30623340606689453,,season_pitching_stats.war,pitcher,203.10000610351562,511,374,-137
641771,-1.85,-18.46,-0.0548,0.328,0.383,421,,,2023-2024,False,-0.4508223533630371,,season_pitching_stats.war,pitcher,91.19999694824219,512,506,-6
641712,-1.88,-18.84,-0.0312,0.33,0.361,754,,,2023-2024,False,-0.16495588421821594,,season_pitching_stats.war,pitcher,170.10000610351562,513,466,-47
592767,-1.89,-18.86,-0.0271,0.327,0.354,871,,,2023-2024,False,-0.2266799956560135,,season_pitching_stats.war,pitcher,200.3000030517578,514,485,-29
630023,-1.94,-19.39,-0.0476,0.33,0.378,509,,,2023-2024,False,-0.31565216183662415,,season_pitching_stats.war,pitcher,115.0,515,494,-21
668933,-1.95,-19.47,-0.0252,0.33,0.355,967,,,2023-2024,False,1.769230842590332,,season_pitching_stats.war,pitcher,222.29998779296875,516,113,-403
448179,-2.03,-20.32,-0.0377,0.332,0.37,673,,,2023-2024,False,-0.4503549635410309,,season_pitching_stats.war,pitcher,149.3000030517578,517,505,-12
686610,-2.08,-20.76,-0.0409,0.332,0.373,635,,,2023-2024,False,0.23999999463558197,,season_pitching_stats.war,pitcher,141.0,518,392,-126
656232,-2.08,-20.75,-0.0529,0.329,0.382,490,,,2023-2024,False,0.28978022933006287,,season_pitching_stats.war,pitcher,109.19999694824219,518,383,-135
663567,-2.21,-22.15,-0.0425,0.33,0.373,652,,,2023-2024,False,0.06192983686923981,,season_pitching_stats.war,pitcher,148.1999969482422,520,424,-96
686730,-2.25,-22.48,-0.0594,0.33,0.39,473,,,2023-2024,False,-0.07645348459482193,,season_pitching_stats.war,pitcher,103.19999694824219,521,451,-70
458681,-2.3,-22.98,-0.022,0.329,0.351,1304,,,2023-2024,False,-0.4667513370513916,,season_pitching_stats.war,pitcher,303.20001220703125,522,508,-14
682610,-2.3,-22.98,-0.0758,0.331,0.407,379,,,2023-2024,False,-1.149999976158142,,season_pitching_stats.war,pitcher,82.19999694824219,522,533,11
527048,-2.32,-23.18,-0.0239,0.331,0.355,1213,,,2023-2024,False,0.6928921937942505,,season_pitching_stats.war,pitcher,281.1000061035156,524,286,-238
671106,-2.36,-23.59,-0.0305,0.333,0.364,966,,,2023-2024,False,0.5007875561714172,,season_pitching_stats.war,pitcher,222.1999969482422,525,341,-184
663765,-2.41,-24.09,-0.0778,0.329,0.407,387,,,2023-2024,False,-0.7559853792190552,,season_pitching_stats.war,pitcher,82.19999694824219,526,522,-4
592836,-2.41,-24.08,-0.0271,0.33,0.357,1109,,,2023-2024,False,1.2611119747161865,,season_pitching_stats.war,pitcher,255.39999389648438,526,168,-358
657756,-2.47,-24.67,-0.0761,0.329,0.406,405,,,2023-2024,False,-1.2999999523162842,,season_pitching_stats.war,pitcher,87.0999984741211,528,535,7
660761,-2.55,-25.51,-0.0793,0.329,0.409,402,,,2023-2024,False,-0.7573621869087219,,season_pitching_stats.war,pitcher,85.30000305175781,529,523,-6
615698,-2.6,-25.95,-0.0297,0.33,0.359,1094,,,2023-2024,False,1.055984616279602,,season_pitching_stats.war,pitcher,247.3000030517578,530,199,-331
666214,-2.67,-26.66,-0.042,0.327,0.369,794,,,2023-2024,False,-1.1743935346603394,,season_pitching_stats.war,pitcher,172.29998779296875,531,534,3
666205,-2.72,-27.21,-0.062,0.327,0.389,549,,,2023-2024,False,-0.6097462177276611,,season_pitching_stats.war,pitcher,126.0999984741211,532,518,-14
596295,-2.89,-28.89,-0.028,0.331,0.359,1290,,,2023-2024,False,1.7029935121536255,,season_pitching_stats.war,pitcher,304.0,533,120,-413
425794,-3.53,-35.28,-0.0917,0.331,0.423,481,,,2023-2024,False,-1.899999976158142,,season_pitching_stats.war,pitcher,101.0,534,538,4
471911,-3.8,-38.03,-0.0552,0.33,0.386,861,,,2023-2024,False,-1.3045341968536377,,season_pitching_stats.war,pitcher,193.1999969482422,535,536,1
607536,-3.85,-38.51,-0.0423,0.333,0.375,1138,,,2023-2024,False,0.8688557744026184,,season_pitching_stats.war,pitcher,268.29998779296875,536,244,-292
571578,-3.98,-39.79,-0.0327,0.334,0.366,1523,,,2023-2024,False,-0.23099376261234283,,season_pitching_stats.war,pitcher,354.20001220703125,537,486,-51
621389,-4.07,-40.72,-0.0752,0.332,0.407,677,,,2023-2024,False,-0.19148892164230347,,season_pitching_stats.war,pitcher,149.10000610351562,538,473,-65
623167,-4.55,-45.46,-0.0495,0.33,0.379,1149,,,2023-2024,False,0.538748562335968,,season_pitching_stats.war,pitcher,262.1000061035156,539,331,-208
