{
  "cohort": {
    "n_cohort_raw_non_arm": 1498,
    "n_injured_eligible": 31,
    "n_injured_skipped": 1467,
    "n_injured_with_trajectory": 31,
    "n_healthy_selected": 200,
    "n_healthy_with_trajectory": 200,
    "n_healthy_skipped": 0,
    "wall_compute_minutes": 0.32,
    "skipped_reasons_injured": {
      "insufficient_pre_il_games": 1467
    },
    "skipped_reasons_healthy": {}
  },
  "roc": {
    "abl": {
      "auc": 0.5811043922992258,
      "auc_ci_95": [
        0.5585049070362104,
        0.6026792516303746
      ],
      "tpr": [
        1.0,
        0.7876823338735819,
        0.7390599675850892,
        0.700162074554295,
        0.6677471636952999,
        0.6499189627228525,
        0.6126418152350082,
        0.5980551053484603,
        0.5640194489465153,
        0.5429497568881686,
        0.5235008103727715,
        0.4991896272285251,
        0.47974068071312803,
        0.46677471636953,
        0.4521880064829822,
        0.42949756888168555,
        0.4165316045380875,
        0.40032414910858993,
        0.38087520259319285,
        0.353322528363047,
        0.34521880064829824,
        0.32576985413290116,
        0.3047001620745543,
        0.293354943273906,
        0.2739059967585089,
        0.2593192868719611,
        0.23014586709886548,
        0.21393841166936792,
        0.2025931928687196,
        0.19286871961102106,
        0.1847649918962723,
        0.17341977309562398,
        0.16369529983792544,
        0.1458670988654781,
        0.13614262560777957,
        0.11507293354943274,
        0.10048622366288493,
        0.08752025931928688,
        0.07617504051863858,
        0.06969205834683954,
        0.06645056726094004,
        0.059967585089141004,
        0.055105348460291734,
        0.05186385737439222,
        0.04700162074554295,
        0.04700162074554295,
        0.04051863857374392,
        0.03727714748784441,
        0.029173419773095625,
        0.02593192868719611,
        0.02106969205834684
      ],
      "fpr": [
        1.0,
        0.6560777957860616,
        0.6175040518638574,
        0.5807131280388979,
        0.5508914100486224,
        0.5220421393841167,
        0.4972447325769854,
        0.47487844408427876,
        0.45121555915721234,
        0.43371150729335495,
        0.41572123176661263,
        0.3993517017828201,
        0.3813614262560778,
        0.36547811993517015,
        0.3479740680713128,
        0.32982171799027554,
        0.3150729335494327,
        0.30032414910858996,
        0.2833063209076175,
        0.26904376012965964,
        0.25429497568881687,
        0.24051863857374392,
        0.22755267423014586,
        0.21474878444084278,
        0.20145867098865478,
        0.1893030794165316,
        0.1752025931928687,
        0.16304700162074554,
        0.15218800648298217,
        0.14100486223662884,
        0.13176661264181525,
        0.12025931928687196,
        0.11053484602917342,
        0.10356564019448947,
        0.09562398703403566,
        0.08557536466774716,
        0.07844408427876823,
        0.0713128038897893,
        0.0640194489465154,
        0.058995137763371154,
        0.052836304700162075,
        0.04651539708265802,
        0.04051863857374392,
        0.03452188006482982,
        0.028363047001620744,
        0.02301458670988655,
        0.01831442463533225,
        0.014748784440842789,
        0.010696920583468396,
        0.008103727714748784,
        0.006482982171799027
      ],
      "thresholds": [
        0,
        2,
        4,
        6,
        8,
        10,
        12,
        14,
        16,
        18,
        20,
        22,
        24,
        26,
        28,
        30,
        32,
        34,
        36,
        38,
        40,
        42,
        44,
        46,
        48,
        50,
        52,
        54,
        56,
        58,
        60,
        62,
        64,
        66,
        68,
        70,
        72,
        74,
        76,
        78,
        80,
        82,
        84,
        86,
        88,
        90,
        92,
        94,
        96,
        98,
        100
      ],
      "n_pos": 617,
      "n_neg": 6170
    },
    "workload_baseline": {
      "auc": 0.5669348208117386,
      "auc_ci_95": [
        0.5439563151266817,
        0.5903080407803987
      ],
      "tpr": [
        1.0,
        1.0,
        1.0,
        1.0,
        1.0,
        1.0,
        0.9983792544570502,
        0.9951377633711507,
        0.9951377633711507,
        0.9805510534846029,
        0.9805510534846029,
        0.9708265802269044,
        0.9627228525121556,
        0.9627228525121556,
        0.9497568881685575,
        0.9497568881685575,
        0.9367909238249594,
        0.9222042139384117,
        0.9222042139384117,
        0.9043760129659644,
        0.9043760129659644,
        0.8654781199351702,
        0.8168557536466775,
        0.8168557536466775,
        0.7957860615883307,
        0.7957860615883307,
        0.779578606158833,
        0.7487844408427877,
        0.7487844408427877,
        0.7050243111831442,
        0.7050243111831442,
        0.6790923824959482,
        0.6418152350081038,
        0.6418152350081038,
        0.6239870340356564,
        0.6239870340356564,
        0.6029173419773096,
        0.5721231766612642,
        0.5721231766612642,
        0.513776337115073,
        0.513776337115073,
        0.44408427876823336,
        0.36628849270664504,
        0.36628849270664504,
        0.24311183144246354,
        0.24311183144246354,
        0.10696920583468396,
        0.01620745542949757,
        0.01620745542949757,
        0.0,
        0.0
      ],
      "fpr": [
        1.0,
        1.0,
        0.9824959481361426,
        0.9824959481361426,
        0.9640194489465154,
        0.9640194489465154,
        0.946677471636953,
        0.9286871961102107,
        0.9286871961102107,
        0.9141004862236629,
        0.9141004862236629,
        0.8954619124797407,
        0.8768233387358185,
        0.8768233387358185,
        0.8578606158833063,
        0.8578606158833063,
        0.8379254457050244,
        0.8160453808752026,
        0.8160453808752026,
        0.7943273905996758,
        0.7943273905996758,
        0.7709886547811994,
        0.7474878444084279,
        0.7474878444084279,
        0.7238249594813614,
        0.7238249594813614,
        0.7016207455429497,
        0.6786061588330632,
        0.6786061588330632,
        0.6551053484602918,
        0.6551053484602918,
        0.6273905996758509,
        0.5969205834683955,
        0.5969205834683955,
        0.5585089141004862,
        0.5585089141004862,
        0.5175040518638574,
        0.47115072933549434,
        0.47115072933549434,
        0.413128038897893,
        0.413128038897893,
        0.3293354943273906,
        0.25575364667747164,
        0.25575364667747164,
        0.18816855753646677,
        0.18816855753646677,
        0.10956239870340356,
        0.040842787682333875,
        0.040842787682333875,
        0.00713128038897893,
        0.00713128038897893
      ],
      "n_pos": 617,
      "n_neg": 6170
    },
    "delta_auc": 0.01416957148748721,
    "seasonal_control": {
      "season_day_auc": 0.2889235044879154,
      "residual_auc": 0.5595756641247843,
      "joint_auc": 0.7156994291928582,
      "logistic_coef_abl": 0.007336640122702968,
      "logistic_coef_season_day": -0.022176256212140935
    },
    "per_injury_token": {
      "wrist": {
        "auc": 0.7186715889309081,
        "n_pos": 27,
        "n_neg": 6170
      },
      "quad": {
        "auc": 0.6648752025931928,
        "n_pos": 25,
        "n_neg": 6170
      },
      "foot": {
        "auc": 0.5658433427321773,
        "n_pos": 73,
        "n_neg": 6170
      },
      "knee": {
        "auc": 0.647484602917342,
        "n_pos": 25,
        "n_neg": 6170
      },
      "concussion": {
        "auc": 0.5833893841166937,
        "n_pos": 40,
        "n_neg": 6170
      },