player_id,season,proj_woba,proj_woba_raw,proj_pa,reliability,weighted_player_rate,weighted_league_rate,age,age_known,age_multiplier,w_pa
405395,2024,0.3269366156812505,0.34283146506460516,235.9,0.6646171045276691,0.3536933460607546,0.3213068375572356,44.45448323066393,True,0.9536365503080082,2378.0
408234,2024,0.29729564447021484,0.30859188158098316,428.3,0.8113207547169812,0.30489666352428585,0.3244813192247815,41.20191649555099,True,0.963394250513347,5160.0
425772,2024,0.3074529445105684,0.3191841074238742,200.0,0.022004889975550123,0.0,0.3263657498409114,41.25119780971937,True,0.9632464065708419,27.0
425784,2024,0.3091854609547205,0.3206491623205588,200.0,0.16317991631799164,0.2913333288828532,0.3263657498409114,40.917180013689254,True,0.9642484599589323,234.0
425794,2024,0.28760224556149155,0.3000548290307749,201.0,0.16724496877168632,0.16851157496898087,0.3264730992215185,42.83367556468173,True,0.9584989733059548,241.0
425844,2024,0.3153181545100475,0.3267809873794588,200.0,0.012345679012345678,0.3599999904632568,0.3263657498409114,40.69267624914442,True,0.9649219712525667,15.0
425877,2024,0.2794220294073729,0.2907306766513279,227.8,0.6794015495591771,0.2756437231479976,0.32270244561713524,41.96577686516085,True,0.9611026694045175,2543.0
429664,2024,0.27368989813852185,0.2845209748377349,210.4,0.25742574257425743,0.18798076533354247,0.31798824746585497,41.68925393566051,True,0.9619322381930184,416.0
431148,2024,0.31205162553709537,0.32313440578308056,200.0,0.009900990099009901,0.0,0.3263657498409114,40.43258042436687,True,0.9657022587268994,12.0
435559,2024,0.2859542214512291,0.29639247044635314,215.9,0.5343422584400466,0.2736439459214263,0.3224964023387067,40.73921971252567,True,0.964782340862423,1377.0
443558,2024,0.3125671765225191,0.32729265789228895,326.7,0.7928891957197101,0.3283889893198031,0.3230955357439556,43.997262149212865,True,0.9550082135523614,4594.0
444482,2024,0.3101958065555662,0.3177052629872842,463.1,0.826539462272333,0.31628842001685703,0.3244565197413695,36.878850102669404,True,0.9763634496919917,5718.0
444489,2024,0.30537218371916347,0.3129491517863353,207.7,0.3890020366598778,0.2927279997690863,0.3258232852373172,37.07049965776865,True,0.975788501026694,764.0
444876,2024,0.306787212614726,0.31485247888598406,213.1,0.5669433417538795,0.3081925227058422,0.3235714715184865,37.53867214236824,True,0.9743839835728952,1571.0
445055,2024,0.3161254784196075,0.32619879182887745,200.0,0.033816425120772944,0.32142856291362215,0.3263657498409114,39.29363449691992,True,0.9691190965092402,42.0
445276,2024,0.3179826220630666,0.32555187016549764,200.0,0.0024937655860349127,0.0,0.3263657498409114,36.7501711156742,True,0.9767494866529774,3.0
445926,2024,0.3124108831097985,0.3239362281299369,200.0,0.007444168734491315,0.0,0.3263657498409114,40.85968514715948,True,0.9644209445585216,9.0
446321,2024,0.3170507980907545,0.32616947869112334,200.0,0.007444168734491315,0.29999999205271405,0.3263657498409114,38.31895961670089,True,0.9720431211498973,9.0
446334,2024,0.3160825488006151,0.3255860513042917,375.3,0.7484804024313562,0.32590952137322765,0.32462345829081646,38.729637234770706,True,0.9708110882956879,3571.0
446372,2024,0.3157566207840011,0.3247420396426979,200.0,0.004975124378109453,0.0,0.3263657498409114,38.223134839151264,True,0.9723305954825462,6.0
446653,2024,0.3092361634907839,0.31948256637414696,200.0,0.031476997578692496,0.10769230585831863,0.3263657498409114,39.690622861054074,True,0.9679281314168378,39.0
448179,2024,0.29892818076432875,0.313312910466851,200.0,0.06103286384976526,0.11249999701976776,0.3263657498409114,44.303901437371664,True,0.954088295687885,78.0
448855,2024,0.3145590094837992,0.3247420396426979,200.0,0.004975124378109453,0.0,0.3263657498409114,39.45242984257358,True,0.9686427104722792,6.0
450203,2024,0.2851333489675703,0.2954435398500159,200.0,0.14346895074946467,0.11083333094914755,0.3263657498409114,40.63244353182751,True,0.9651026694045175,201.0
451594,2024,0.31346578692800653,0.32243776675827635,200.0,0.0498812351543943,0.2476190413747515,0.3263657498409114,38.275154004106774,True,0.9721745379876797,63.0
452657,2024,0.3022024760680788,0.3129807090697392,200.0,0.1130820399113082,0.20799999713897704,0.3263657498409114,40.479123887748116,True,0.9655626283367557,153.0
452678,2024,0.30760860057891415,0.31675816338029106,200.0,0.46808510638297873,0.3058404514932225,0.3263657498409114,38.62833675564682,True,0.9711149897330595,1056.0
453265,2024,0.3157017535189091,0.32555187016549764,200.0,0.0024937655860349127,0.0,0.3263657498409114,39.08555783709788,True,0.9697433264887063,3.0
453268,2024,0.317948236407843,0.32779625913347304,200.0,0.0024937655860349127,0.8999999761581421,0.3263657498409114,39.01437371663244,True,0.9699568788501026,3.0
453281,2024,0.30576033291895605,0.31609273592340087,200.0,0.031476997578692496,0.0,0.3263657498409114,39.89596167008898,True,0.967312114989733,39.0
453286,2024,0.2698017580298239,0.2789450853341123,200.0,0.1452991452991453,0.0,0.3263657498409114,39.92607802874743,True,0.9672217659137577,204.0
453527,2024,0.31412157462136475,0.3247420396426979,200.0,0.004975124378109453,0.0,0.3263657498409114,39.90143737166324,True,0.9672956878850103,6.0
453562,2024,0.30762850270836256,0.3164761891884461,200.0,0.06976744186046512,0.18461538048890924,0.3263657498409114,38.31895961670089,True,0.9720431211498973,90.0
453568,2024,0.3285050413847436,0.3376193780652864,464.2,0.8360431752971718,0.34027479606757316,0.32407895910195944,37.998631074606436,True,0.9730041067761807,6119.0
453943,2024,0.30679112375225737,0.3156734085940738,200.0,0.09090909090909091,0.20874999612569808,0.3263657498409114,38.379192334017795,True,0.9718624229979466,120.0
455117,2024,0.2674207853158111,0.2747336651965986,461.7,0.8150146446739633,0.2633624369177844,0.3248334017883407,37.87268993839836,True,0.9733819301848049,5287.0
455139,2024,0.2952077317804922,0.3053468783297114,222.0,0.5033112582781457,0.2905874651862328,0.32030308364843635,40.068446269678304,True,0.9667946611909651,1216.0
456034,2024,0.3140927521121394,0.3236514350491241,200.0,0.0430622009569378,0.2633333285649618,0.3263657498409114,38.84462696783025,True,0.9704661190965093,54.0
456501,2024,0.30036353146471195,0.3090518875054451,200.0,0.08466819221967964,0.12187499739229679,0.3263657498409114,38.3709787816564,True,0.9718870636550309,111.0
456715,2024,0.2986596085982295,0.3071507176574117,215.6,0.5594713656387665,0.29472168322377335,0.3229355913881324,38.21492128678987,True,0.9723552361396304,1524.0
456781,2024,0.32755438479404675,0.33513166353571355,461.9,0.7927461139896373,0.3376625080131407,0.32545118340955465,36.53661875427789,True,0.9773901437371664,4590.0
457705,2024,0.32421720547447364,0.33292872654714356,494.5,0.8422505586959379,0.33454724245587214,0.3242872003577901,37.72210814510609,True,0.9738336755646817,6407.0
457708,2024,0.30868192321965576,0.3161254773232822,205.7,0.522673031026253,0.3081011467584122,0.32491211929181485,36.84873374401095,True,0.9764537987679671,1314.0
457727,2024,0.305526612093554,0.3132709003256284,200.0,0.07621247113163972,0.15454545165553238,0.3263657498409113,37.24024640657084,True,0.9752792607802875,99.0
457759,2024,0.34071025051790066,0.35190099106963674,567.8,0.8583569405099151,0.3563476791574531,0.3249540612574696,39.60027378507871,True,0.9681991786447639,7272.0
457763,2024,0.35005993425582854,0.35895720830395383,200.0,0.5423340961098398,0.38646054877909514,0.3263657498409114,37.2621492128679,True,0.9752135523613963,1422.0
457803,2024,0.3090127425964299,0.3168480633919731,200.0,0.0888382687927107,0.21923076647978562,0.3263657498409114,37.242984257357975,True,0.9752710472279261,117.0
457915,2024,0.3161135398680302,0.32555187016549764,200.0,0.0024937655860349127,0.0,0.3263657498409114,38.66392881587954,True,0.9710082135523614,3.0
457918,2024,0.30420918806217406,0.31625614439624966,200.0,0.03614457831325301,0.046666665871938066,0.3263657498409114,41.6974674880219,True,0.9619075975359344,45.0
458015,2024,0.33408369736792337,0.34634959354847905,358.6,0.7823326682387085,0.35252053165905917,0.3241702134893692,40.80492813141684,True,0.9645852156057495,4313.0
458676,2024,0.31769651076854744,0.32555187016549764,200.0,0.0024937655860349127,0.0,0.3263657498409114,37.04312114989733,True,0.975870636550308,3.0
458681,2024,0.31663673227539935,0.3245587652161054,200.0,0.012345679012345678,0.1799999952316284,0.3263657498409114,37.13620807665982,True,0.9755913757700205,15.0
458708,2024,0.3167731235269194,0.3272748145473112,200.0,0.012345679012345678,0.3999999910593033,0.3263657498409114,39.696098562628336,True,0.967911704312115,15.0
458731,2024,0.3060116762598445,0.3172928374092089,200.0,0.5370370370370371,0.30947136117498253,0.3263657498409114,40.851471594798085,True,0.9644455852156057,1392.0
459964,2024,0.30057140518817205,0.31073901547905236,200.0,0.14712153518123666,0.2201492510624786,0.3263657498409114,39.90691307323751,True,0.9672792607802875,207.0
460077,2024,0.29609468444573317,0.3070494784670153,200.0,0.08256880733944955,0.09242424097928134,0.3263657498409114,40.89253935660506,True,0.9643223819301848,108.0
461865,2024,0.30555988696151504,0.31453943895281056,200.0,0.13793103448275862,0.24062499590218067,0.3263657498409114,38.5160848733744,True,0.9714517453798768,192.0
462101,2024,0.30159409767652173,0.307916179564542,460.7,0.8324256388772517,0.30467773437865964,0.32400315602541246,35.84394250513347,True,0.9794681724845996,5961.0
467055,2024,0.31512671375436724,0.3237578179651296,200.0,0.17695473251028807,0.3116279022638188,0.3263657498409114,37.88637919233402,True,0.973340862422998,258.0
467092,2024,0.3079799301990552,0.31544635764163237,200.0,0.2895204262877442,0.2886503031648741,0.3263657498409114,36.889801505817935,True,0.9763305954825462,489.0
467793,2024,0.31217548051583804,0.32106441587358664,567.0,0.857769349294773,0.3204061752226015,0.3250341555329028,38.22861054072553,True,0.9723141683778234,7237.0
467827,2024,0.3116927557065664,0.319507233442782,200.0,0.21104536489151873,0.29386791980491495,0.3263657498409114,37.152635181382614,True,0.9755420944558522,321.0
468504,2024,0.31355573485363875,0.3207525796962274,200.0,0.0171990171990172,0.0,0.3263657498409114,36.479123887748116,True,0.9775626283367557,21.0
471911,2024,0.30913475392469236,0.31700787559896226,200.0,0.045346062052505964,0.11999999682108561,0.3263657498409114,37.27857631759069,True,0.9751642710472279,57.0
474463,2024,0.3008130183407949,0.30765276471359587,200.0,0.07834101382488479,0.08749999850988388,0.3263657498409114,36.41067761806981,True,0.9777679671457906,102.0
474568,2024,0.31457063872954866,0.32314288288560433,200.0,0.2409867172675522,0.31299212082164496,0.3263657498409114,37.842573579739906,True,0.9734722792607803,381.0
474832,2024,0.3499437100617342,0.3576632132117731,435.8,0.7855227882037533,0.36649787978502824,0.325306246887226,36.19438740588638,True,0.9784168377823409,4395.0
475582,2024,0.32173561465701966,0.332461068130104,200.0,0.40564635958395245,0.34139193741829843,0.3263657498409114,39.75359342915811,True,0.9677392197125256,819.0
476594,2024,0.3176995106747249,0.32313440578308056,200.0,0.009900990099009901,0.0,0.3263657498409114,34.60643394934976,True,0.9831806981519507,12.0
476704,2024,0.29318775660823354,0.3033838202340459,218.4,0.6543778801843319,0.29267884269391636,0.32365191104335794,40.20260095824778,True,0.9663921971252567,2272.0
477132,2024,0.31154310950686087,0.31850108285489626,200.0,0.0888382687927107,0.23783783171627973,0.3263657498409114,36.28199863107461,True,0.9781540041067762,117.0
488671,2024,0.3155518610039223,0.32372747541907465,200.0,0.2172211350293542,0.3142201802052489,0.3263657498409114,37.41820670773443,True,0.9747453798767968,333.0
488726,2024,0.3343059439308834,0.34266139372657767,272.2,0.7330960854092526,0.349492428230713,0.32389881895521916,37.12799452429842,True,0.9756160164271047,3296.0
488771,2024,0.30577571169668943,0.31332840606800844,208.8,0.43289224952741023,0.30046634290184177,0.3231464476181823,37.034907597535934,True,0.9758952772073922,916.0
488984,2024,0.3189524910662149,0.32779625913347304,200.0,0.0024937655860349127,0.8999999761581421,0.3263657498409114,37.99315537303217,True,0.9730205338809035,3.0
489119,2024,0.30374202888394913,0.3118139771591976,200.0,0.12854030501089325,0.2131578911814773,0.3263657498409114,37.6290212183436,True,0.9741129363449692,177.0
489334,2024,0.31585161906751585,0.32694422572385096,200.0,0.0171990171990172,0.3599999904632568,0.3263657498409114,40.309377138945926,True,0.9660718685831622,21.0
493329,2024,0.31155475398162596,0.32224440142520755,428.4,0.8378159210704149,0.32197673004205835,0.32362714717865915,40.05749486652977,True,0.9668275154004107,6199.0
493472,2024,0.3170887116008397,0.3251123782837817,200.0,0.02912621359223301,0.28333332637945813,0.3263657498409114,37.22655715263518,True,0.9753203285420945,36.0
500743,2024,0.29716278954887926,0.3029296494671753,465.2,0.8283261802575107,0.2984819302835512,0.3243898945281617,35.34565366187543,True,0.9809630390143738,5790.0
500779,2024,0.3223805692483522,0.3287221390562233,200.0,0.004975124378109453,0.7999999821186066,0.3263657498409114,35.43052703627652,True,0.9807084188911704,6.0
500871,2024,0.31285224861097494,0.319057156892136,409.8,0.8231132075471698,0.31804587946966956,0.3237629678313466,35.48254620123203,True,0.9805523613963039,5584.0
501303,2024,0.294142529907139,0.29940454949466433,216.5,0.4897959183673469,0.27452436525181995,0.32328952636779495,34.85831622176591,True,0.9824250513347023,1152.0
501381,2024,0.3176710221078509,0.3239362281299369,200.0,0.007444168734491315,0.0,0.3263657498409114,35.44695414099932,True,0.9806591375770021,9.0
501571,2024,0.288400335534729,0.2939454627760505,206.2,0.5059695347879786,0.26394078556162104,0.32467525302316197,35.28815879534565,True,0.9811355236139631,1229.0
501625,2024,0.3206294582971355,0.32665753063348696,200.0,0.012345679012345678,0.3499999940395355,0.3263657498409114,35.15126625598905,True,0.9815462012320328,15.0
501659,2024,0.3115467067928647,0.31726596324319745,211.7,0.38556067588325654,0.3049503099204868,0.3249940357031984,35.00889801505818,True,0.9819733059548255,753.0
501981,2024,0.3084326719198288,0.3155570030250872,200.0,0.22178988326848248,0.27763157560114277,0.3263657498409114,36.525667351129364,True,0.9774229979466119,342.0
501985,2024,0.3135241206363381,0.3207525796962274,200.0,0.0171990171990172,0.0,0.3263657498409114,36.511978097193705,True,0.9774640657084189,21.0
502043,2024,0.3097562750679028,0.3170683797348475,200.0,0.06976744186046512,0.19310344498732995,0.3263657498409114,36.68720054757016,True,0.9769383983572896,90.0
502054,2024,0.31971056153202243,0.3268811389601776,534.7,0.8517786561264822,0.3273188850865261,0.32436555788742805,36.31211498973306,True,0.9780636550308008,6896.0
502085,2024,0.30720974592626693,0.3169318081055033,200.1,0.0033222591362126247,0.0,0.31798824746585497,39.22518822724162,True,0.9693244353182752,4.0
502110,2024,0.35613670708384443,0.36473685767245384,505.1,0.851024208566108,0.3718017266784578,0.32437879347565607,36.85968514715948,True,0.9764209445585216,6855.0
502171,2024,0.31800133962439026,0.32555187016549764,200.0,0.0024937655860349127,0.0,0.3263657498409114,36.73100616016427,True,0.9768069815195072,3.0
502179,2024,0.3072011326005557,0.3152108539930906,200.0,0.07621247113163972,0.1799999952316284,0.3263657498409113,37.47022587268994,True,0.9745893223819302,99.0
502210,2024,0.31046468913755637,0.31845214909904473,200.0,0.2831541218637993,0.2984177168411545,0.3263657498409114,37.360711841204655,True,0.9749178644763861,474.0
502239,2024,0.3143161150250549,0.32138459636313615,200.0,0.022004889975550123,0.09999999735090467,0.3263657498409114,36.33127994524298,True,0.978006160164271,27.0
502273,2024,0.30415175577964365,0.3115411012846519,200.0,0.13978494623655913,0.22031249478459358,0.3263657498409114,36.90622861054072,True,0.9762813141683778,195.0
502285,2024,0.3184077780988474,0.32555187016549764,200.0,0.0024937655860349127,0.0,0.3263657498409114,36.31485284052019,True,0.9780554414784395,3.0
502481,2024,0.2980969284170071,0.30814943365834196,200.0,0.27140255009107467,0.25924657142325624,0.3263657498409114,39.87405886379192,True,0.9673778234086242,447.0
502624,2024,0.3102586472946284,0.3174811811886511,200.0,0.033816425120772944,0.06363636255264282,0.3263657498409114,36.58316221765914,True,0.9772505133470226,42.0
502671,2024,0.3712741390174987,0.3801758751664158,609.4,0.871286066716722,0.38836516828399864,0.3247411851713114,36.80492813141684,True,0.9765852156057495,8123.0
503449,2024,0.3204638385903259,0.32648333314538214,200.0,0.004975124378109453,0.3499999940395355,0.3263657498409114,35.14579055441479,True,0.9815626283367557,6.0
503556,2024,0.28437521598838517,0.28985023092530904,220.8,0.5952782462057336,0.26770872567545084,0.32241669489697544,35.29637234770705,True,0.9811108829568789,1765.0
506433,2024,0.29213343671334546,0.3001221079354549,200.0,0.12087912087912088,0.10925925771395366,0.3263657498409114,37.87268993839836,True,0.9733819301848049,165.0
506702,2024,0.26987829575507005,0.2750765074555075,230.6,0.504950495049505,0.22664534453844523,0.3244762936309109,35.29911019849418,True,0.9811026694045174,1224.0
506703,2024,0.3172614299863935,0.3219679804021698,200.0,0.0867579908675799,0.2756756705206794,0.3263657498409114,33.87268993839836,True,0.9853819301848049,114.0
514888,2024,0.37158474116297235,0.37741805888207997,497.1,0.8577187574104814,0.3862618086226008,0.32410498752964023,34.15195071868583,True,0.9845441478439425,7234.0
514917,2024,0.30317271964403814,0.3078884067611457,261.7,0.7861724875267284,0.3041374258498821,0.3216795132448916,34.105407255304584,True,0.9846837782340863,4412.0
516416,2024,0.3104604615220637,0.31546580917607503,407.8,0.8102166693025462,0.31340623076874874,0.3242584926600189,34.288843258042434,True,0.9841334702258727,5123.0
516770,2024,0.31991930899483645,0.32505816487027017,200.0,0.46380697050938335,0.3235465059446734,0.3263657498409114,34.26967830253251,True,0.9841909650924024,1038.0
516782,2024,0.33155916552807485,0.33838452736022995,422.3,0.816933638443936,0.34161960748642867,0.3239479822970681,35.723477070499655,True,0.979829568788501,5355.0
518516,2024,0.30844357524381516,0.314013937473452,200.0,0.11504424778761062,0.21899999618530275,0.3263657498409114,34.913073237508556,True,0.9822607802874743,156.0
518586,2024,0.30647674853251783,0.3123066871210548,212.9,0.522673031026253,0.3023463006707955,0.32321331028408884,35.22245037645448,True,0.9813326488706365,1314.0
518595,2024,0.3169857998344787,0.32317523602839415,394.2,0.7751967028849757,0.32301603989018113,0.32372419737833213,35.383983572895275,True,0.9808480492813142,4138.0
518617,2024,0.31730878985541394,0.32555187016549764,200.0,0.0024937655860349127,0.0,0.3263657498409114,37.440109514031484,True,0.9746796714579056,3.0
518626,2024,0.314261738761449,0.32354078209517234,356.7,0.8046239010094431,0.3236878636352001,0.3229350512861583,38.559890485968516,True,0.9713203285420945,4942.0
518692,2024,0.3933400309332854,0.4003030016247918,643.6,0.8812586582228379,0.41048820693199706,0.32471180290315005,34.79808350444901,True,0.9826057494866529,8906.0
518735,2024,0.3117635542065705,0.31810141462988417,440.1,0.7968855788761002,0.316393464131383,0.3248022737523373,35.6413415468857,True,0.9800759753593429,4708.0
518774,2024,0.31550328776510256,0.3215426106807009,200.0,0.014778325123152709,0.0,0.3263657498409114,35.26078028747433,True,0.981217659137577,18.0
518792,2024,0.31838806255881236,0.32411633628866143,407.1,0.7491114363370269,0.3233716430267743,0.32633986625311284,34.8911704312115,True,0.9823264887063655,3583.0
518858,2024,0.3163515202905741,0.32555187016549764,200.0,0.0024937655860349127,0.0,0.3263657498409114,38.42026009582478,True,0.9717392197125256,3.0
518876,2024,0.29353167602004165,0.2995616615816115,200.0,0.12663755458515283,0.11470588048299153,0.3263657498409114,35.709787816563995,True,0.979870636550308,174.0
518886,2024,0.31862704096006766,0.32555187016549764,200.0,0.0024937655860349127,0.0,0.3263657498409114,36.09034907597536,True,0.978728952772074,3.0
518902,2024,0.31593423533812076,0.32292791232223284,200.0,0.02912621359223301,0.2083333283662796,0.3263657498409114,36.219028062970565,True,0.9783429158110883,36.0
518934,2024,0.3230556062135748,0.32994931101769187,535.1,0.8538545853123858,0.3308277754332212,0.3248168826699616,35.964407939767284,True,0.9791067761806982,7011.0
518960,2024,0.3191178245658541,0.3280215554519302,200.0,0.054373522458628844,0.3568181747739965,0.3263657498409114,38.04791238877481,True,0.9728562628336755,69.0
519043,2024,0.3051984083067883,0.31082452365801083,200.0,0.047619047619047616,0.0,0.3263657498409114,35.03353867214237,True,0.9818993839835729,60.0
519048,2024,0.30932215036802685,0.318705980034801,200.0,0.38650306748466257,0.3065476152631972,0.3263657498409114,38.8145106091718,True,0.9705564681724846,756.0
519058,2024,0.29787599122341707,0.30407933452633107,421.5,0.7545008183306056,0.29722985652949907,0.32513006356992813,35.800136892539356,True,0.9795995893223819,3688.0
519076,2024,0.31803819417751766,0.3239362281299369,200.0,0.007444168734491315,0.0,0.3263657498409114,35.069130732375086,True,0.9817926078028747,9.0
519203,2024,0.3340174819238282,0.34002979520203086,469.0,0.8375084631008801,0.34312496981440166,0.3240767493874363,34.893908281998634,True,0.982318275154004,6185.0
519222,2024,0.27367307199861124,0.27920383042177105,213.6,0.37823834196891193,0.21193978864896174,0.32012278916689674,35.60301163586585,True,0.9801909650924024,730.0
519242,2024,0.31944526578364585,0.32555187016549764,200.0,0.0024937655860349127,0.0,0.3263657498409114,35.252566735112936,True,0.9812422997946612,3.0
519299,2024,0.2991442899324404,0.30754786158355407,200.0,0.3103448275862069,0.26573033212275987,0.3263657498409114,38.10814510609172,True,0.9726755646817249,540.0
519306,2024,0.2990027268350735,0.3046547926494216,201.9,0.14953933380581147,0.19834122951561806,0.32334826083378204,35.18412046543463,True,0.9814476386036961,211.0
519317,2024,0.3318009420647855,0.33751372572213156,456.2,0.8278829604130808,0.340225837143327,0.3244684697861816,34.64202600958248,True,0.9830739219712525,5772.0
519326,2024,0.3181518433844047,0.3247420396426979,200.0,0.004975124378109453,0.0,0.3263657498409114,35.76454483230664,True,0.9797063655030801,6.0
519390,2024,0.2840786567180695,0.2934640840466667,219.1,0.5519044062733384,0.27026688952602906,0.32203529529791874,39.66050650239562,True,0.9680184804928131,1478.0
519455,2024,0.31665902308374894,0.32555187016549764,200.0,0.0024937655860349127,0.0,0.3263657498409114,38.105407255304584,True,0.9726837782340862,3.0
520471,2024,0.3150447384649953,0.32045295789192285,200.0,0.49622166246851385,0.3144501234259447,0.3263657498409114,34.625598904859686,True,0.9831232032854209,1182.0
521692,2024,0.3291652899342498,0.3343215302081584,537.3,0.84975585326155,0.3359456441795568,0.32513581227159116,34.1409993155373,True,0.984577002053388,6787.0
523260,2024,0.31707769332860675,0.3239362281299369,200.0,0.007444168734491315,0.0,0.3263657498409114,36.05749486652977,True,0.9788275154004107,9.0
527038,2024,0.3386574791605245,0.3426674624635632,487.2,0.8339100346020761,0.34638700442866405,0.32399226218045274,32.90075290896646,True,0.9882977412731007,6025.0
527048,2024,0.31981551984807866,0.3239362281299369,200.0,0.007444168734491315,0.0,0.3263657498409114,33.24024640657084,True,0.9872792607802875,9.0
528748,2024,0.335550911059995,0.33008918891567773,200.0,0.0171990171990172,0.5428571360451835,0.3263657498409114,26.24229979466119,True,1.0165462012320328,21.0
534606,2024,0.3200534790810632,0.32652429210593875,200.0,0.05660377358490566,0.32916666318972904,0.3263657498409114,35.605749486652975,True,0.9801827515400411,72.0
541600,2024,0.31916218826868464,0.32292791232223284,200.0,0.02912621359223301,0.2083333283662796,0.3263657498409114,32.8870636550308,True,0.9883388090349076,36.0
541645,2024,0.3069096653978864,0.31068574117200776,297.0,0.7552518866000408,0.30658524917976493,0.3233391760447371,33.05133470225873,True,0.9878459958932239,3703.0
541650,2024,0.3115120581737098,0.3155494059113559,200.0,0.0498812351543943,0.10952380725315639,0.3263657498409114,33.26488706365503,True,0.9872053388090349,63.0
542194,2024,0.3003440620223749,0.3038322054737169,399.8,0.7150997150997151,0.2957848104927535,0.3240311668759351,32.82683093771389,True,0.9885195071868583,3012.0
542208,2024,0.31268641568428507,0.31713476804676444,294.5,0.4405594405594406,0.30212765456514157,0.32895286991354244,33.67556468172484,True,0.9859733059548255,945.0
542255,2024,0.3058976219198074,0.31024422634767224,200.8,0.19946631087391595,0.24914080985152534,0.3254691609579622,33.67008898015058,True,0.9859897330595483,299.0
542303,2024,0.3391112071975602,0.3438896492019745,555.0,0.8265645324468854,0.34791172606511445,0.32472110121839337,33.63175906913073,True,0.9861047227926079,5719.0
542340,2024,0.31122433434037217,0.3151609338487956,222.0,0.6662030598052852,0.31108912477312367,0.3232875861289909,33.163586584531146,True,0.9875092402464065,2395.0
542364,2024,0.3208712190943298,0.32489470984395796,305.1,0.7243913642627469,0.3256225124943115,0.32298180187794545,33.12799452429842,True,0.9876160164271047,3154.0
542454,2024,0.30855661930216816,0.312917546172544,200.0,0.24528301886792453,0.27153845796218284,0.3263657498409114,33.64544832306639,True,0.9860636550308008,390.0
542583,2024,0.3110721239514781,0.31581057960897874,308.2,0.7749859366210388,0.31383495264653544,0.32261496813879387,34.001368925393564,True,0.9849958932238193,4133.0
542881,2024,0.3027122632070835,0.3077904902902084,200.1,0.09365558912386707,0.1306451592714556,0.3260955078288128,34.49965776865161,True,0.9835010266940452,124.0
542921,2024,0.2969247484131642,0.3018353051330182,202.5,0.07692307692307693,0.10799999713897705,0.31798824746585497,34.42299794661191,True,0.9837310061601643,100.0
542932,2024,0.3194738528728281,0.32477088603040405,455.4,0.792351617926977,0.3248093949192152,0.32462394252884885,34.43668720054757,True,0.9836899383983573,4579.0
542963,2024,0.3129515729056518,0.31865130915628925,200.3,0.058823529411764705,0.21666666428248088,0.32502534946090234,34.96235455167693,True,0.9821129363449692,75.0
542992,2024,0.3222838525756147,0.3270894480599451,200.0,0.0407673860911271,0.3441176414489746,0.3263657498409114,33.89733059548254,True,0.9853080082135524,51.0
543022,2024,0.32014316342728605,0.32555187016549764,200.0,0.0024937655860349127,0.0,0.3263657498409114,34.53798767967146,True,0.9833860369609856,3.0
543056,2024,0.32000679262335635,0.32555187016549764,200.0,0.0024937655860349127,0.0,0.3263657498409114,34.677618069815196,True,0.9829671457905544,3.0
543063,2024,0.31275200287200844,0.32087670650214806,405.8,0.8106956933270232,0.3201042518911562,0.32418474337372055,37.440109514031484,True,0.9746796714579056,5139.0
543068,2024,0.3358814738179307,0.34149902763807155,402.2,0.8224589436307146,0.34544854044428014,0.32320290956331016,34.483230663928815,True,0.9835503080082135,5559.0
543089,2024,0.32220739773059187,0.3277002460018717,200.0,0.014778325123152709,0.4166666567325592,0.3263657498409114,34.587268993839835,True,0.9832381930184805,18.0
543101,2024,0.29220982946082824,0.29684165645758637,200.0,0.1341991341991342,0.10636363462968305,0.3263657498409114,34.20123203285421,True,0.9843963039014374,186.0
543105,2024,0.31002858498253877,0.31484303275445336,203.6,0.47643979057591623,0.3033946904483671,0.32526102425299186,34.09719370294319,True,0.9847084188911704,1092.0
543135,2024,0.32042029938346156,0.32567320080507106,200.0,0.007444168734491315,0.23333332935969034,0.3263657498409114,34.37645448323067,True,0.983870636550308,9.0
543228,2024,0.30745864324289035,0.31497072742995175,438.8,0.7854077253218884,0.31213095652274275,0.3253642889503367,36.95003422313484,True,0.9761498973305954,4392.0
543243,2024,0.30179886091637104,0.3069976486126932,200.0,0.09706546275395034,0.1268292650943849,0.3263657498409114,34.64476386036961,True,0.9830657084188912,129.0
543257,2024,0.3161161053607981,0.3217012889293769,468.0,0.8363561980090004,0.3211202026646357,0.32467112398075815,34.78713210130048,True,0.9826386036960986,6133.0
543281,2024,0.3061382508247826,0.3136471041876655,299.5,0.7667185069984448,0.31076225050125306,0.3231286566370077,36.98015058179329,True,0.9760595482546202,3944.0
543294,2024,0.2960079711857463,0.30103155109487995,200.0,0.13232104121475055,0.13490565767828025,0.3263657498409114,34.562628336755644,True,0.983312114989733,183.0
543305,2024,0.3114988962254973,0.3169601124546701,406.7,0.7607655502392344,0.31492110578618804,0.32344415366044305,34.743326488706366,True,0.9827700205338809,3816.0
543308,2024,0.32483442857986544,0.3306178651156357,200.0,0.07192575406032482,0.38548386866046536,0.3263657498409114,34.83093771389459,True,0.9825071868583162,93.0
543309,2024,0.2968896251241738,0.3015905989154827,355.5,0.7114691031497956,0.2922534096880259,0.3246145513521865,34.195756331279945,True,0.9844127310061601,2959.0
543333,2024,0.32187290713454614,0.3274557930685255,291.9,0.7633602839676592,0.3288145196161984,0.32307276768015736,34.68309377138946,True,0.9829507186858316,3871.0
543351,2024,0.31805481837102934,0.32555187016549764,200.0,0.0024937655860349127,0.0,0.3263657498409114,36.67624914442163,True,0.9769712525667351,3.0
543432,2024,0.31531023698386235,0.3229625256564491,200.0,0.06976744186046512,0.2775862031969531,0.3263657498409114,36.89801505817933,True,0.976305954825462,90.0
543475,2024,0.317011302801642,0.3215426106807009,200.0,0.014778325123152709,0.0,0.3263657498409114,33.6974674880219,True,0.9859075975359343,18.0
543482,2024,0.32361289006518446,0.3296694664853998,203.0,0.024390243902439025,0.35833332935969037,0.3289528699135425,35.123887748117724,True,0.9816283367556469,30.0
543510,2024,0.29381043474759466,0.29832823919119855,332.1,0.7228637413394919,0.28800491950422025,0.32525489804140023,34.04791238877481,True,0.9848562628336756,3130.0
543543,2024,0.30619493105024287,0.31152150094421094,257.6,0.6694214876033058,0.30565607438245534,0.3233989897317661,34.69952087611225,True,0.9829014373716632,2430.0
543592,2024,0.2920102265493407,0.2969138781342144,321.3,0.7224791859389454,0.2871811088925275,0.3222515207267392,34.50513347022587,True,0.9834845995893224,3124.0
543594,2024,0.316226923702076,0.3215426106807009,200.0,0.014778325123152709,0.0,0.3263657498409114,34.510609171800134,True,0.9834681724845996,18.0
543606,2024,0.3204132310978135,0.32555187016549764,200.0,0.0024937655860349127,0.0,0.3263657498409114,34.261464750171115,True,0.9842156057494866,3.0
543685,2024,0.3178004706940965,0.32270599947044076,310.8,0.6697853604843148,0.3217321993609322,0.3246811906925605,34.06707734428473,True,0.9847987679671458,2434.0
543760,2024,0.34690852930899646,0.35196101275909675,689.9,0.88509049123815,0.355473054602216,0.3249095104624706,33.78507871321013,True,0.9856447638603696,9243.0
543768,2024,0.29906590941483613,0.3038114821973312,201.9,0.4120529152376286,0.27270964475323756,0.3256086866060668,34.20670773442848,True,0.9843798767967146,841.0
543807,2024,0.3409795166041177,0.34699528914257927,605.1,0.8509316770186336,0.3508867780712533,0.3247813731747319,34.77891854893908,True,0.9826632443531828,6850.0
543829,2024,0.30701130144430766,0.31377847878030257,205.9,0.16434540389972144,0.2923728752944429,0.31798824746585497,36.18891170431211,True,0.9784332648870636,236.0
543877,2024,0.295871608339638,0.3002483288457488,422.0,0.8110533774208786,0.29463063234484477,0.3243622910758793,33.8590006844627,True,0.9854229979466119,5151.0
543939,2024,0.3136074512569835,0.31811395677607623,376.7,0.7994987468671679,0.31674520725063965,0.3235718455087545,33.72210814510609,True,0.9858336755646817,4785.0
544369,2024,0.2871891935153878,0.2918851277576489,223.2,0.6420047732696897,0.27467247785322996,0.3227531465862402,34.362765229295,True,0.983911704312115,2152.0
544725,2024,0.29136079965598716,0.29515662291952927,231.5,0.6946564885496184,0.2831379031992375,0.322499210283193,33.28678986995209,True,0.9871396303901437,2730.0
544931,2024,0.31954268137129643,0.3263422602517366,200.0,0.0171990171990172,0.3249999980131785,0.3263657498409114,35.945242984257355,True,0.9791642710472279,21.0
545121,2024,0.30414987928583836,0.3078049844710459,365.2,0.6814441199893815,0.29980937006769703,0.3249089362822095,32.95824777549623,True,0.9881252566735113,2567.0
545333,2024,0.30077073116305203,0.3048413331954338,200.0,0.07834101382488479,0.05161290207216816,0.3263657498409114,33.451060917180016,True,0.9866468172484599,102.0
545341,2024,0.3226947946239349,0.32649677244017355,489.3,0.8365567965132117,0.3269020445032918,0.3244224549304465,32.88158795345654,True,0.9883552361396304,6142.0
545350,2024,0.31013274500049165,0.31414176152592,249.7,0.5270003941663381,0.30429421566116166,0.32511356887690496,33.2539356605065,True,0.9872381930184805,1337.0
545358,2024,0.2992957904220184,0.3032025585012699,237.5,0.671862182116489,0.2943875543375585,0.32125127952646915,33.295003422313485,True,0.9871149897330596,2457.0
545361,2024,0.3855862087376588,0.39014862437589437,430.9,0.7795738427626745,0.4089854405320924,0.32352908457014085,32.89801505817933,True,0.988305954825462,4244.0
546318,2024,0.31989489176051955,0.3232931206820211,219.7,0.6535796766743649,0.3232100192548159,0.3234499053746815,32.50376454483231,True,0.9894887063655031,2264.0
546990,2024,0.3255686521664639,0.3264958467373834,200.4,0.27710843373493976,0.32759538138981087,0.3260743584539529,29.946611909650922,True,0.9971601642710473,460.0
546991,2024,0.29663907170945036,0.29771684336211446,223.5,0.4787141615986099,0.2743016608952441,0.3192197859275238,30.206707734428473,True,0.9963798767967146,1102.0
547001,2024,0.3191570857150044,0.3200396591487555,200.0,0.0267639902676399,0.0899999976158142,0.3263657498409114,29.919233401779604,True,0.9972422997946612,33.0
547004,2024,0.3011763264623485,0.3021809073432288,200.0,0.26062846580406657,0.23357142508029938,0.3263657498409114,30.10814510609172,True,0.9966755646817248,423.0
547172,2024,0.31057271817369847,0.3134478134150227,200.4,0.08116385911179173,0.18152244248480168,0.32510122118052553,32.05749486652977,True,0.9908275154004107,106.0
547173,2024,0.30743551692937715,0.309988626541405,201.0,0.03225806451612903,0.06999999880790711,0.31798824746585497,31.745379876796715,True,0.9917638603696098,40.0
547176,2024,0.3262955048774584,0.3288990072862644,200.0,0.007444168734491315,0.6666666666666666,0.3263657498409114,31.638603696098563,True,0.9920841889117044,9.0
547179,2024,0.3221459424889202,0.32555187016549764,200.0,0.0024937655860349127,0.0,0.3263657498409114,32.48733744010951,True,0.9895379876796715,3.0
547180,2024,0.3921159459906479,0.39532317776756715,550.2,0.8498122653316645,0.40774119129413894,0.32505791789638183,31.704312114989733,True,0.9918870636550308,6790.0
547379,2024,0.2949161129131308,0.3007980426045541,215.4,0.41291585127201563,0.267970512689216,0.3238867386450086,35.51813826146475,True,0.9804455852156058,844.0
547942,2024,0.3115744101154918,0.3181990930821445,200.0,0.0675990675990676,0.20555555158191255,0.3263657498409114,35.93976728268309,True,0.9791806981519507,87.0
547943,2024,0.31511974359118355,0.32313440578308056,200.0,0.009900990099009901,0.0,0.3263657498409114,37.267624914442166,True,0.9751971252566735,12.0
547989,2024,0.33622217667942955,0.3449333370750898,588.9,0.8689527137708857,0.3480073741497879,0.324549909572279,37.41820670773443,True,0.9747453798767968,7957.0
548389,2024,0.3161397704687909,0.3215426106807009,200.0,0.014778325123152709,0.0,0.3263657498409114,34.600958247775495,True,0.9831971252566735,18.0
553869,2024,0.3187366611311353,0.3232145431072016,501.1,0.8144425545074996,0.32275454063055176,0.32523357064429737,33.61806981519507,True,0.9861457905544148,5267.0
553882,2024,0.30055891505268345,0.3036433579516295,302.6,0.7317236753856472,0.2962120568841142,0.32391223161327737,32.38603696098563,True,0.9898418891170431,3273.0
553902,2024,0.30165313613355643,0.30505002792293234,205.5,0.4197292069632495,0.27851676733825204,0.324242419745851,32.71184120465435,True,0.9888644763860369,868.0
553988,2024,0.31071162322261525,0.31386900361006015,201.7,0.05362776025236593,0.24117646497838638,0.31798824746585497,32.35318275154004,True,0.9899404517453799,68.0
553993,2024,0.3235521176652404,0.32743494478252805,612.0,0.8665480427046264,0.3278526723544585,0.32472250041546,32.95277207392197,True,0.9881416837782341,7792.0
554430,2024,0.2954759107809378,0.3000543582890402,200.0,0.1543340380549683,0.15588234978563642,0.3263657498409114,34.08624229979466,True,0.984741273100616,219.0
570256,2024,0.30033626999645036,0.3037940324645219,200.0,0.4884910485933504,0.28015872631123456,0.3263657498409114,32.79397672826831,True,0.9886180698151951,1146.0
570481,2024,0.2889620447084541,0.29232285718770246,204.1,0.41491955143832276,0.2465953457508972,0.32475128404830356,32.832306639288156,True,0.9885030800821355,851.0
570482,2024,0.32374352272827733,0.3273973307210264,369.1,0.7958836536825991,0.3285122858498209,0.3230499348480016,32.720054757015745,True,0.9888398357289527,4679.0
570560,2024,0.2995498525642932,0.3022727904113871,204.4,0.12790697674418605,0.19512194685819673,0.31798824746585497,32.002737850787135,True,0.9909917864476386,176.0
570632,2024,0.3218411136330773,0.32555187016549764,200.0,0.0024937655860349127,0.0,0.3263657498409114,32.799452429842574,True,0.9886016427104722,3.0
570731,2024,0.2918070716471509,0.29508818566226624,326.5,0.8005650656473325,0.2880792122725357,0.3232233730108764,32.70636550308008,True,0.9888809034907597,4817.0
571431,2024,0.31059494188336345,0.317092406198465,200.0,0.09090909090909091,0.2243589697740017,0.3263657498409114,35.83025325119781,True,0.9795092402464066,120.0
571448,2024,0.34577721419856644,0.3501974684876706,568.8,0.8627473407297266,0.3542656801166779,0.32462536822300203,33.20739219712526,True,0.9873778234086242,7543.0
571466,2024,0.288686586228241,0.2926180022211215,292.3,0.7150320588933745,0.2803237303045937,0.3234663795050092,33.478439425051334,True,0.986564681724846,3011.0
571510,2024,0.32294766355989823,0.3272748145473112,200.0,0.012345679012345678,0.3999999910593033,0.3263657498409114,33.4072553045859,True,0.9867782340862423,15.0
571521,2024,0.3174023360896236,0.3247420396426979,200.0,0.004975124378109453,0.0,0.3263657498409114,36.53388090349076,True,0.9773983572895277,6.0
571578,2024,0.2991195620335405,0.3045546429407229,200.0,0.13606911447084233,0.1660714245268277,0.3263657498409114,34.94866529774127,True,0.9821540041067762,189.0
571602,2024,0.30523239035207733,0.3091883505414485,203.7,0.10979228486646884,0.23783783493815241,0.31798824746585497,33.26488706365503,True,0.9872053388090349,148.0
571657,2024,0.31940970953270736,0.32414542763876447,444.8,0.8281786941580757,0.3242124681004314,0.32382229261352985,33.869952087611225,True,0.9853901437371664,5784.0
571676,2024,0.318199632501775,0.32486707902090006,200.0,0.009900990099009901,0.17499999701976776,0.3263657498409114,35.841204654346335,True,0.979476386036961,12.0
571718,2024,0.3164666116491124,0.3209527000042019,200.0,0.4038748137108793,0.3129629585478041,0.3263657498409114,33.659137577002056,True,0.9860225872689938,813.0
571740,2024,0.29170537521902573,0.2959735940090161,203.3,0.29701230228471004,0.22751677532156572,0.3248965999044639,33.80698151950719,True,0.9855790554414784,507.0
571745,2024,0.3252662166110655,0.32973696232405464,341.6,0.781897491821156,0.3310740794505886,0.32494339742543055,33.51950718685831,True,0.9864414784394251,4302.0
571760,2024,0.32310048389861235,0.3270948017341628,200.0,0.009900990099009901,0.3999999910593033,0.3263657498409114,33.07049965776865,True,0.987788501026694,12.0
571771,2024,0.311749085965626,0.3153932706347466,498.2,0.835593916974928,0.313453643182682,0.32525142715986494,32.851471594798085,True,0.9884455852156058,6099.0
571788,2024,0.2960206486373202,0.3024186346596998,200.0,0.3939393939393939,0.2655769189962974,0.3263657498409114,36.05201916495551,True,0.9788439425051335,780.0
571800,2024,0.32080897382294277,0.32555187016549764,200.0,0.0024937655860349127,0.0,0.3263657498409114,33.856262833675565,True,0.9854312114989733,3.0
571875,2024,0.3146698925299974,0.3191943246096283,238.1,0.504950495049505,0.31458332896037816,0.32389754017186345,33.724845995893226,True,0.9858254620123204,1224.0
571912,2024,0.3127454014390065,0.31692530125410945,320.5,0.6181991727648743,0.31251344685784255,0.3240688288307315,33.39630390143737,True,0.9868110882956879,1943.0
571918,2024,0.3126073916899482,0.31722110230103284,200.6,0.06323185011709602,0.21851851542790732,0.32388352691496874,33.84804928131417,True,0.9854558521560575,81.0
571927,2024,0.3207577815587859,0.3247420396426979,200.0,0.004975124378109453,0.0,0.3263657498409114,33.08966461327858,True,0.9877310061601643,6.0
571945,2024,0.31085641729564506,0.3173806423690675,200.0,0.03614457831325301,0.07777777645323011,0.3263657498409114,35.85215605749487,True,0.9794435318275154,45.0
571946,2024,0.32119508995087226,0.32581062902613156,200.5,0.006622516556291391,0.0,0.3279826998863058,33.72210814510609,True,0.9858336755646817,8.0
571948,2024,0.32211301518075225,0.32648333314538214,200.0,0.004975124378109453,0.3499999940395355,0.3263657498409114,33.46201232032854,True,0.9866139630390144,6.0
571970,2024,0.34382608329598935,0.34890054439652446,553.6,0.854633555420957,0.35301861480823493,0.3246897221010097,33.84804928131417,True,0.9854558521560575,7055.0
571976,2024,0.3077697565177745,0.31203379117958174,302.1,0.7429856500321268,0.30795011619556417,0.32383901494587924,33.555099247091036,True,0.9863347022587269,3469.0
571980,2024,0.3228530534291119,0.3269584973953804,237.4,0.6952767902488572,0.3289932960878577,0.32231576504537807,33.1854893908282,True,0.9874435318275154,2738.0
572008,2024,0.29963751123927607,0.3031703484621149,219.3,0.31310818546078995,0.2601264804610913,0.32279117829258147,32.884325804243666,True,0.988347022587269,547.0
572039,2024,0.2951689826547734,0.2991712427086687,213.9,0.4827586206896552,0.27449016171289653,0.3222069183047227,33.45927446954141,True,0.9866221765913757,1120.0
572041,2024,0.3152535278296688,0.3225787819352582,324.7,0.7778600518326546,0.3225709125211628,0.32260633800028204,36.56947296372348,True,0.9772915811088295,4202.0
572070,2024,0.31849820271639917,0.3254229628058384,200.0,0.012345679012345678,0.25,0.3263657498409114,36.09308692676249,True,0.9787207392197126,15.0
572122,2024,0.31295023438260194,0.3203081129442179,200.0,0.6261682242990654,0.3166916133044009,0.3263657498409114,36.6570841889117,True,0.9770287474332648,2010.0
572125,2024,0.321033584558827,0.32555187016549764,200.0,0.0024937655860349127,0.0,0.3263657498409114,33.62628336755647,True,0.9861211498973306,3.0
572138,2024,0.30314455778770294,0.3066244621040252,253.5,0.30835734870317005,0.2565420520639865,0.3289528699135425,32.78302532511978,True,0.9886509240246406,535.0
572191,2024,0.3072855302586308,0.3112681001394707,446.6,0.8186763372620127,0.30833629482883146,0.3245052011170069,33.26488706365503,True,0.9872053388090349,5418.0
572204,2024,0.3233051290257739,0.3275252958251639,316.6,0.6345919610231425,0.3300623758740709,0.3231192334735619,33.295003422313485,True,0.9871149897330596,2084.0
572228,2024,0.31274460196546244,0.3169060271057942,293.8,0.7371303395399781,0.315448260502967,0.3209938476212221,33.37713894592745,True,0.9868685831622177,3365.0
572233,2024,0.33949060824795135,0.3438848493516793,634.7,0.8649105032083756,0.34688197467556686,0.32469575446548926,33.25941136208077,True,0.9872217659137577,7683.0
572287,2024,0.3068997772683036,0.3108799341251211,282.3,0.6631106120157215,0.30350947791011135,0.3253874487749986,33.267624914442166,True,0.9871971252566735,2362.0
572761,2024,0.3201361907539938,0.32962213367695586,335.1,0.6838777660695469,0.3315720038213776,0.3254039145978569,38.5927446954141,True,0.9712217659137578,2596.0
572816,2024,0.306211679648792,0.31192692388247434,306.3,0.7187719709397703,0.3073220315459831,0.3236962612124899,35.10746064339494,True,0.9816776180698152,3067.0
572863,2024,0.31920700651144573,0.3269373632629296,201.1,0.1712707182320442,0.33689515917531904,0.3248794187743691,36.88158795345654,True,0.9763552361396304,248.0
572971,2024,0.31743967809007534,0.3247420396426979,200.0,0.004975124378109453,0.0,0.3263657498409114,36.49555099247091,True,0.9775133470225873,6.0
573131,2024,0.32120710939954167,0.33004374258130265,267.6,0.7013439522150323,0.3334784706681041,0.32197785612413055,37.92470910335387,True,0.9732258726899384,2818.0
573186,2024,0.3037554132996773,0.30760009872251914,200.0,0.12663755458515283,0.1781818151473999,0.3263657498409114,33.16632443531827,True,0.9875010266940452,174.0
573262,2024,0.32013532489892116,0.3248655541483377,446.3,0.8278829604130808,0.32504964567720485,0.32398007389448663,33.85352498288843,True,0.9854394250513347,5772.0
575929,2024,0.3551654688543953,0.35853362353130647,496.2,0.830316742081448,0.3654525490313304,0.3246770147511893,32.13141683778234,True,0.990605749486653,5872.0
578428,2024,0.3144134905396052,0.3196719964190989,246.7,0.7391871332319061,0.3189337164797124,0.3217644048139766,34.483230663928815,True,0.9835503080082135,3401.0
578570,2024,0.31079280087224587,0.31340493771451117,210.5,0.08045977011494253,0.13571428401129587,0.3289528699135425,31.7782340862423,True,0.9916652977412731,105.0
579328,2024,0.3208084599879704,0.3247420396426979,200.0,0.004975124378109453,0.0,0.3263657498409114,33.03764544832307,True,0.9878870636550308,6.0
591720,2024,0.3064793092000082,0.309098714528259,200.0,0.46236559139784944,0.28902076649029107,0.3263657498409114,31.824777549623544,True,0.9915256673511293,1032.0
591971,2024,0.31746749940698565,0.3208133121636161,200.0,0.19517102615694165,0.2979166619479656,0.3263657498409114,32.47638603696099,True,0.989570841889117,291.0
592144,2024,0.30967904113554945,0.3141709764726731,204.2,0.12280701754385964,0.2869047550928025,0.31798824746585497,33.765913757700204,True,0.9857022587268994,168.0
592178,2024,0.3435151730701623,0.34714702957049426,385.6,0.7782295324339309,0.353186228703375,0.3259544732800271,32.48733744010951,True,0.9895379876796715,4211.0
592192,2024,0.3376468364481465,0.34422528559189136,513.4,0.847541608436031,0.3477585208319915,0.32458344201963474,35.370294318959616,True,0.9808891170431212,6671.0
592200,2024,0.29607151682007044,0.3020878411974295,265.6,0.6103896103896104,0.288172090559391,0.3238891838636897,35.63860369609856,True,0.9800841889117043,1880.0
592206,2024,0.3403202579582734,0.34374714168077897,624.2,0.8678122934567085,0.3466201427190528,0.32488588986451133,32.323066392881586,True,0.9900308008213552,7878.0
592254,2024,0.32228976492301636,0.32511432075694374,200.0,0.012345679012345678,0.22499999403953552,0.3263657498409114,31.89596167008898,True,0.991312114989733,15.0
592261,2024,0.3313417455078158,0.3342207103536755,200.0,0.12663755458515283,0.3883928518210139,0.3263657498409114,31.871321013004792,True,0.9913860369609856,174.0
592273,2024,0.3430522244973155,0.34601860576853444,521.4,0.8146718146718147,0.3510632791608733,0.32384306231471144,31.857631759069132,True,0.9914271047227926,5275.0
592314,2024,0.3211071959915842,0.3247420396426979,200.0,0.004975124378109453,0.0,0.3263657498409114,32.73100616016427,True,0.9888069815195072,6.0
592325,2024,0.31822426429011863,0.32123143909677615,249.8,0.7120230381569475,0.32106066268435535,0.3216536837764866,32.120465434633815,True,0.9906386036960986,2967.0
592332,2024,0.30362960691891017,0.3077670835014232,200.0,0.13793103448275862,0.19152541887962213,0.3263657498409114,33.48117727583847,True,0.9865564681724845,192.0
592346,2024,0.3133049867121566,0.31658853639870665,200.0,0.07834101382488479,0.20156249590218067,0.3263657498409114,32.45722108145106,True,0.9896283367556469,102.0
592348,2024,0.2983514585570313,0.30136823503712573,204.5,0.49044585987261147,0.27675324281056723,0.3250601650551883,32.336755646817245,True,0.9899897330595483,1155.0
592351,2024,0.2974466191324272,0.3007411863379985,200.0,0.1111111111111111,0.09574467831469596,0.3263657498409114,32.65160848733744,True,0.9890451745379877,150.0
592390,2024,0.3192420465464173,0.32555187016549764,200.0,0.0024937655860349127,0.0,0.3263657498409114,35.460643394934976,True,0.9806180698151951,3.0
592407,2024,0.31239022375502934,0.3196919350351021,200.0,0.07834101382488479,0.24117646673146417,0.3263657498409114,36.61327857631759,True,0.9771601642710472,102.0
592419,2024,0.3179903021684307,0.3239362281299369,200.0,0.007444168734491315,0.0,0.3263657498409114,35.11841204654346,True,0.9816447638603696,9.0
592444,2024,0.3039344102239268,0.3068243554362182,200.0,0.2079207920792079,0.23238094818024407,0.3263657498409114,32.139630390143736,True,0.9905811088295688,315.0
592450,2024,0.406005023948859,0.409913086496297,502.4,0.8560633321338611,0.4244004408170941,0.3237495466733563,32.17796030116359,True,0.9904661190965093,7137.0
592518,2024,0.35593716678821863,0.35915183381822613,570.1,0.8653047480076327,0.36456935117167416,0.3243487994201174,31.983572895277206,True,0.9910492813141684,7709.0
592530,2024,0.3100152721009353,0.3123492327952721,200.0,0.23371647509578544,0.2663934392030122,0.3263657498409114,31.49075975359343,True,0.9925277207392197,366.0
592567,2024,0.3165745074876137,0.31920351218447596,212.8,0.5697382574399427,0.31583318206164973,0.32366639098878497,31.745379876796715,True,0.9917638603696098,1589.0
592622,2024,0.3100558571298865,0.31340680006196586,202.5,0.12536443148688048,0.25697673822558204,0.3214951089251809,32.563997262149215,True,0.9893080082135524,172.0
592626,2024,0.34180710207015114,0.34511152722715366,455.8,0.8193859121011439,0.3496084887169532,0.3247103119350964,32.19164955509925,True,0.9904250513347023,5444.0
592656,2024,0.3125242563707862,0.3155612908061215,243.0,0.33147632311977715,0.2899999951114174,0.32823543325474563,32.20807665982204,True,0.9903757700205339,595.0
592662,2024,0.3187127390009782,0.32233654305275194,200.0,0.012345679012345678,0.0,0.3263657498409114,32.747433264887064,True,0.9887577002053388,15.0
592663,2024,0.3419787186463943,0.34643398777459194,559.4,0.8555435175153485,0.35014527207554297,0.3244539065022094,33.28678986995209,True,0.9871396303901437,7107.0
592669,2024,0.33286667286574806,0.33631894889350705,526.2,0.8475803378635844,0.3383891863314139,0.3248067035408801,32.421629021218344,True,0.989735112936345,6673.0
592696,2024,0.3167489760935589,0.32035843550966053,489.3,0.811528192241244,0.31907791496370547,0.32587214356045224,32.75564681724846,True,0.9887330595482546,5167.0
592716,2024,0.31407565155381234,0.3176309000884782,200.0,0.0267639902676399,0.0,0.3263657498409114,32.73100616016427,True,0.9888069815195072,33.0
592717,2024,0.31554257435562777,0.31840560960088915,200.0,0.024390243902439025,0.0,0.3263657498409114,31.99726214921287,True,0.9910082135523614,30.0
592743,2024,0.27546503730281285,0.2803601133684639,208.5,0.585205668855859,0.24894378139995685,0.32468332172069925,34.81998631074607,True,0.9825400410677618,1693.0
592761,2024,0.31214901741540335,0.31586874483143684,200.0,0.058823529411764705,0.14791666467984518,0.3263657498409114,32.92539356605065,True,0.988223819301848,75.0
592767,2024,0.2949442039439155,0.30039385425676673,200.0,0.0990990990990991,0.06428571258272443,0.3263657498409114,35.04722792607803,True,0.9818583162217659,132.0
592791,2024,0.3229416258578933,0.32648333314538214,200.0,0.004975124378109453,0.3499999940395355,0.3263657498409114,32.616016427104725,True,0.9891519507186858,6.0
592826,2024,0.3096545023417165,0.31252627872217176,200.0,0.06976744186046512,0.12799999713897706,0.3263657498409114,32.062970568104035,True,0.9908110882956879,90.0
592836,2024,0.3010318941225035,0.30365504975767915,200.0,0.1130820399113082,0.12553191184997559,0.3263657498409114,31.87953456536619,True,0.9913613963039014,153.0
592859,2024,0.3018605089073906,0.3050342430128238,200.0,0.15966386554621848,0.19276315444394163,0.3263657498409114,32.46817248459959,True,0.9895954825462012,228.0
592863,2024,0.3181718219475435,0.32189910958397894,200.0,0.08466819221967964,0.2736111068063312,0.3263657498409114,32.85968514715948,True,0.9884209445585216,111.0
592866,2024,0.3150635022025405,0.31809883129707334,200.0,0.06542056074766354,0.19999999495653006,0.3263657498409114,32.18069815195072,True,0.9904579055441478,84.0
592885,2024,0.34213628300596416,0.34583967915959307,588.1,0.8599766627771295,0.34932375325115994,0.32444165744722,32.56947296372348,True,0.9892915811088295,7370.0
593160,2024,0.30777582568606315,0.3138301046034124,552.6,0.8597147533317746,0.3120275009150667,0.3248770608734908,35.43052703627652,True,0.9807084188911704,7354.0
593334,2024,0.3211139254277699,0.3239362281299369,200.0,0.007444168734491315,0.0,0.3263657498409114,31.904175222450377,True,0.9912874743326489,9.0
593372,2024,0.30889919552676737,0.31243737234085317,200.0,0.058823529411764705,0.08958333233992259,0.3263657498409114,32.77481177275838,True,0.9886755646817249,75.0
593423,2024,0.3209268736105132,0.32313440578308056,200.0,0.009900990099009901,0.0,0.3263657498409114,31.277207392197127,True,0.9931683778234086,12.0
593428,2024,0.35621167887365623,0.35916985192513823,595.6,0.8668294306958162,0.364456222715427,0.32475998338935025,31.745379876796715,True,0.9917638603696098,7811.0
593528,2024,0.31874983155137426,0.3207434463606839,200.0,0.02912621359223301,0.1333333303531011,0.3263657498409114,31.071868583162217,True,0.9937843942505133,36.0
593576,2024,0.31964848502087445,0.32555187016549764,200.0,0.0024937655860349127,0.0,0.3263657498409114,35.044490075290895,True,0.9818665297741274,3.0
593590,2024,0.3175891393117119,0.3223220447365811,200.0,0.16142557651991615,0.3013157844543457,0.32636574984091143,33.894592744695416,True,0.9853162217659137,231.0
593643,2024,0.30577050281118,0.3082689370918816,260.9,0.6066863323500492,0.29799517454709135,0.3241162158172205,31.701574264202602,True,0.9918952772073922,1851.0
593833,2024,0.3218491354450732,0.32555187016549764,200.0,0.0024937655860349127,0.0,0.3263657498409114,32.79123887748118,True,0.9886262833675564,3.0
593871,2024,0.34163871721513045,0.34368743306355654,429.0,0.8224063933698387,0.3478219325500795,0.3245412550247163,30.986995208761122,True,0.9940390143737167,5557.0
593934,2024,0.3189516918218198,0.32101024416789026,207.1,0.6103896103896104,0.3183996262443625,0.32510021224808366,31.137577002053387,True,0.9935872689938399,1880.0
593958,2024,0.3193908501710327,0.3215426106807009,200.0,0.014778325123152709,0.0,0.3263657498409114,31.23066392881588,True,0.9933080082135524,18.0
594311,2024,0.322096759003555,0.3247420396426979,200.0,0.004975124378109453,0.0,0.3263657498409114,31.71526351813826,True,0.9918542094455852,6.0
594694,2024,0.32018345940744014,0.3233297835226638,200.6,0.38271604938271603,0.31886893786758463,0.3260955078288128,32.24366872005476,True,0.9902689938398357,744.0
594777,2024,0.2851705835983985,0.29192440762448696,329.4,0.7217068645640075,0.2801253173529029,0.32252338172879486,36.71184120465435,True,0.9768644763860369,3112.0
594798,2024,0.3203415132822245,0.32724318631432814,200.0,0.07621247113163972,0.3378787799315019,0.3263657498409113,36.030116358658454,True,0.9789096509240246,99.0
594807,2024,0.32122542164131895,0.32793426996086744,408.0,0.8026964814205854,0.32862136964063493,0.3251389194303466,35.81930184804928,True,0.9795420944558522,4882.0
594809,2024,0.30218314791698714,0.30825391443306,200.0,0.4186046511627907,0.2830985874777109,0.3263657498409114,35.564681724846,True,0.980305954825462,864.0
594835,2024,0.31986789514720765,0.32313440578308056,200.0,0.009900990099009901,0.0,0.3263657498409114,32.369609856262834,True,0.9898911704312116,12.0
594838,2024,0.2947912021510138,0.30087480419811613,207.7,0.5432051770079939,0.280959372830738,0.3245575713324899,35.73990417522245,True,0.9797802874743327,1427.0
594965,2024,0.3189960245049342,0.32233654305275194,200.0,0.012345679012345678,0.0,0.3263657498409114,32.45448323066393,True,0.9896365503080082,15.0
594986,2024,0.3210751885626256,0.3247420396426979,200.0,0.004975124378109453,0.0,0.3263657498409114,32.76386036960986,True,0.9887084188911704,6.0
594988,2024,0.3091332815983182,0.31358594444396504,200.0,0.07834101382488479,0.16323529271518483,0.3263657498409114,33.73305954825462,True,0.9858008213552362,102.0
595191,2024,0.32212389514220585,0.327025244755075,200.0,0.0196078431372549,0.35999999046325676,0.3263657498409114,33.9958932238193,True,0.9850123203285421,24.0
595281,2024,0.3199474849291645,0.3250081352152784,429.1,0.7766195085629188,0.32475900174163425,0.32587428925864786,34.19028062970568,True,0.9844291581108829,4172.0
595284,2024,0.2778053501610445,0.2808730374011611,204.6,0.35518538420204193,0.2025177581108603,0.32403373707690175,32.64065708418891,True,0.9890780287474332,661.0
595345,2024,0.32086714027439456,0.3247420396426979,200.0,0.004975124378109453,0.0,0.3263657498409114,32.97741273100616,True,0.9880677618069815,6.0
595375,2024,0.31725520855905204,0.3208331237439668,200.4,0.027552674230145867,0.26470587534063,0.3224233957820613,32.71731690622861,True,0.9888480492813142,34.0
595453,2024,0.2964155515924152,0.29970118740256363,290.0,0.5037220843672456,0.27271520543069555,0.3270919591040097,32.65434633812457,True,0.9890369609856263,1218.0
595465,2024,0.32027151241921986,0.32555187016549764,200.0,0.0024937655860349127,0.0,0.3263657498409114,34.40657084188912,True,0.9837802874743327,3.0
595751,2024,0.29792113360764644,0.2997671328508078,253.4,0.6560619088564058,0.2877717287886038,0.3226483660994619,31.052703627652292,True,0.9938418891170431,2289.0
595777,2024,0.31668457286319,0.31893941558983435,531.5,0.8477350590026647,0.3180639915949217,0.3238133386815107,31.356605065023956,True,0.9929301848049281,6681.0
595798,2024,0.3216004592732014,0.32555187016549764,200.0,0.0024937655860349127,0.0,0.3263657498409114,33.045859000684466,True,0.9878624229979466,3.0
595879,2024,0.3106040587887687,0.31302534518571856,532.5,0.8487903225806451,0.31098453721933494,0.3244810805703521,31.578370978781656,True,0.992264887063655,6736.0
595909,2024,0.29659663295463573,0.29890130316693936,320.7,0.6543778801843319,0.2851548014722729,0.3249280130421746,31.57015742642026,True,0.9922895277207392,2272.0
595928,2024,0.32017417449802227,0.32233654305275194,200.0,0.012345679012345678,0.0,0.3263657498409114,31.236139630390145,True,0.9932915811088295,15.0
595943,2024,0.3107938233497191,0.3134293328321579,200.0,0.38176197836166925,0.29247966966008754,0.3263657498409114,31.802874743326488,True,0.9915913757700205,741.0
595956,2024,0.2637998832025042,0.26584530901953957,279.2,0.5209580838323353,0.2099459938976901,0.3266358142145509,31.564681724845997,True,0.992305954825462,1305.0
595978,2024,0.25019047798960065,0.25236015347750684,342.1,0.7405405405405405,0.227369680723675,0.3236871277957353,31.865845311430526,True,0.9914024640657084,3425.0
595981,2024,0.31608376866825055,0.31853986143972113,200.0,0.07834101382488479,0.22647058613160076,0.3263657498409114,31.57015742642026,True,0.9922895277207392,102.0
596001,2024,0.32202740957414466,0.3247420396426979,200.0,0.004975124378109453,0.0,0.3263657498409114,31.786447638603697,True,0.9916406570841889,6.0
596019,2024,0.343459466200308,0.34514265677492906,615.3,0.8678268531776627,0.34829575439067356,0.3244399433462199,30.625598904859686,True,0.9951232032854209,7879.0
596049,2024,0.32140127748229175,0.3239362281299369,200.0,0.007444168734491315,0.0,0.3263657498409114,31.60848733744011,True,0.9921745379876796,9.0
596056,2024,0.3127477639593228,0.3150944737256533,200.0,0.26335174953959484,0.28356642864800835,0.3263657498409114,31.482546201232033,True,0.9925523613963039,429.0
596057,2024,0.3226168797241326,0.3247420396426979,200.0,0.004975124378109453,0.0,0.3263657498409114,31.1813826146475,True,0.9934558521560575,6.0
596059,2024,0.29961267716154405,0.3008798322662217,325.7,0.7581620314389359,0.2939192513297783,0.3227012535019717,30.403832991101986,True,0.995788501026694,3762.0
596071,2024,0.3195178217533203,0.3222540030730473,200.0,0.0196078431372549,0.11666666467984517,0.3263657498409114,31.83025325119781,True,0.9915092402464065,24.0
596082,2024,0.3250910986294537,0.32779625913347304,200.0,0.0024937655860349127,0.8999999761581421,0.3263657498409114,31.750855578370977,True,0.991747433264887,3.0
596103,2024,0.3360248324578924,0.3386106497193012,336.0,0.7314234556848702,0.3440297745979484,0.3238525662997853,31.54551676933607,True,0.9923634496919918,3268.0
596115,2024,0.3267954264077619,0.3293865555542264,323.6,0.7781475318912923,0.33099945572882916,0.3237293081918073,31.62217659137577,True,0.9921334702258727,4209.0
596117,2024,0.3100013565437891,0.3119634593693503,274.6,0.5047461824184895,0.299787799091918,0.32437248646876676,31.096509240246405,True,0.9937104722792608,1223.0
596129,2024,0.33237518489182255,0.33492182869398646,406.4,0.7798569069895432,0.3381067078809788,0.3236393941740661,31.534565366187543,True,0.9923963039014374,4251.0
596133,2024,0.316439954067505,0.31821398067434453,200.0,0.052132701421800945,0.16999999582767486,0.3263657498409114,30.858316221765914,True,0.9944250513347023,66.0
596142,2024,0.31439513305531364,0.316843349739233,380.6,0.7910135841170324,0.31504470587200234,0.323651216776701,31.575633127994525,True,0.9922731006160165,4542.0
596146,2024,0.3300243461745795,0.33240166651228437,502.1,0.8292787025181392,0.3339368231188202,0.3249446432960365,31.38398357289528,True,0.9928480492813142,5829.0
596295,2024,0.3043068545245411,0.30577545573803444,200.0,0.09502262443438914,0.10967741666301604,0.3263657498409114,30.600958247775495,True,0.9951971252566735,126.0
596451,2024,0.3037492825405177,0.3057021354013671,208.7,0.3079584775086505,0.27153557695253067,0.32090625391109934,31.129363449691994,True,0.993611909650924,534.0
596748,2024,0.2856665428568911,0.28812477372926293,238.8,0.6970462004544307,0.27355098674230466,0.32165662862175615,31.84394250513347,True,0.9914681724845996,2761.0
596825,2024,0.29681708157502285,0.2988414717501848,200.0,0.2263056092843327,0.2047413757135128,0.3263657498409114,31.2580424366872,True,0.9932258726899384,351.0
596847,2024,0.3188185858065406,0.32280559952552634,301.1,0.7288135593220338,0.32295331919092995,0.32240860292475415,33.1170431211499,True,0.9876488706365503,3225.0
598265,2024,0.25593049770871745,0.2599850906522573,293.6,0.7352746525479815,0.2372707133935877,0.32307427348821194,34.19849418206708,True,0.9844045174537988,3333.0
598286,2024,0.3181898522062931,0.3239362281299369,200.0,0.007444168734491315,0.0,0.3263657498409114,34.913073237508556,True,0.9822607802874743,9.0
600301,2024,0.288298149879219,0.2933869372696016,241.6,0.3027309703660662,0.21362763551741323,0.32801576744701005,34.78165639972622,True,0.9826550308008214,521.0
600303,2024,0.30436001826070685,0.3103289113042111,231.5,0.5802728226652676,0.3014427033820298,0.3226140937566267,35.4113620807666,True,0.9807659137577002,1659.0
600474,2024,0.3164202213880203,0.3182782605972151,202.1,0.5277449822904369,0.3115107223473251,0.32584098459146715,30.94592744695414,True,0.9941622176591376,1341.0
600524,2024,0.3205536219669813,0.321750109540653,200.0,0.12087912087912088,0.2881818164478649,0.3263657498409114,30.239561943874058,True,0.9962813141683778,165.0
600858,2024,0.32174433066990693,0.32313440578308056,200.0,0.009900990099009901,0.0,0.3263657498409114,30.43394934976044,True,0.9956981519507186,12.0
600869,2024,0.33572506207003194,0.3373425050872366,534.7,0.8466649629440327,0.3395545261549777,0.325128462091526,30.598220396988363,True,0.995205338809035,6626.0
601713,2024,0.322430169721874,0.3247420396426979,200.0,0.004975124378109453,0.0,0.3263657498409114,31.37303216974675,True,0.9928809034907597,6.0
602074,2024,0.3261671012588491,0.3274790347223879,280.8,0.7159763313609467,0.3295778976018313,0.32218815121379085,30.33538672142368,True,0.995993839835729,3025.0
602080,2024,0.3230101492371534,0.32529657671579437,200.0,0.022004889975550123,0.2777777711550395,0.3263657498409114,31.342915811088297,True,0.9929712525667351,27.0
602104,2024,0.3256936047689314,0.3267476510930941,443.5,0.7951519289860021,0.3273860343055509,0.32426966025674125,30.075290896646134,True,0.9967741273100617,4658.0
602922,2024,0.32400338777061805,0.325298570374223,200.0,0.1836734693877551,0.32055555052227447,0.3263657498409114,30.327173169062284,True,0.9960184804928132,270.0
605113,2024,0.28512133350052443,0.2897229912778012,310.4,0.6911196911196911,0.2731953768995232,0.3267035284491983,34.2943189596167,True,0.9841170431211499,2685.0
605119,2024,0.3121374349564246,0.31413123298756335,418.8,0.7748170388440608,0.3111502278848115,0.32438837471194865,31.11567419575633,True,0.993652977412731,4129.0
605131,2024,0.2911247161705551,0.2960134976105586,322.0,0.6799146439050413,0.2825749006271282,0.32455931736952875,34.50513347022587,True,0.9834845995893224,2549.0
605135,2024,0.31855460353213405,0.3247420396426979,200.0,0.004975124378109453,0.0,0.3263657498409114,35.351129363449694,True,0.9809466119096509,6.0
605137,2024,0.3454518222714081,0.34845916077808214,580.9,0.863091842555619,0.35227482139576577,0.32440460030076834,31.876796714579054,True,0.9913696098562629,7565.0
605141,2024,0.38497992194304276,0.38815771415316325,618.2,0.8690242305173543,0.397714868318943,0.3247459962632144,31.72895277207392,True,0.9918131416837782,7962.0
605151,2024,0.3227315347646183,0.32555187016549764,200.0,0.0024937655860349127,0.0,0.3263657498409114,31.887748117727583,True,0.9913367556468172,3.0
605154,2024,0.32058436308705857,0.32555187016549764,200.0,0.0024937655860349127,0.0,0.3263657498409114,34.08624229979466,True,0.984741273100616,3.0
605164,2024,0.32280265762515337,0.3253621284963433,200.0,0.009900990099009901,0.22499999403953552,0.3263657498409114,31.62217659137577,True,0.9921334702258727,12.0
605170,2024,0.3061515547683418,0.30787807431857594,344.4,0.7421572840567254,0.3022193463779777,0.3241657795742647,30.869267624914443,True,0.9943921971252567,3454.0
605200,2024,0.3075394276740544,0.30976246631837207,200.0,0.0990990990990991,0.158823525204378,0.3263657498409114,31.392197125256672,True,0.99282340862423,132.0
605204,2024,0.3348585177238716,0.3370587430713538,509.5,0.8007637390004981,0.33998586500938527,0.32529415214874896,31.175906913073238,True,0.9934722792607803,4823.0
605233,2024,0.3242759157943909,0.3260938723930503,200.0,0.0196078431372549,0.3125,0.3263657498409114,30.858316221765914,True,0.9944250513347023,24.0
605242,2024,0.3253338193819011,0.3275879202458515,200.5,0.004149377593360996,0.0,0.3289528699135425,31.293634496919918,True,0.9931190965092402,5.0
605244,2024,0.2879862523643804,0.290130357408142,211.5,0.3820803295571576,0.2399279974443472,0.3211721499857551,31.463381245722108,True,0.9926098562628337,742.0
605253,2024,0.30925301062245786,0.31306833000350676,200.8,0.025974025974025976,0.12857142516544887,0.31798824746585497,33.06228610540725,True,0.9878131416837782,32.0
605276,2024,0.32122147664165834,0.32313440578308056,200.0,0.009900990099009901,0.0,0.3263657498409114,30.973305954825463,True,0.9940800821355236,12.0
605280,2024,0.32334386641363594,0.32555187016549764,200.0,0.0024937655860349127,0.0,0.3263657498409114,31.260780287474333,True,0.993217659137577,3.0
605288,2024,0.3052531091949347,0.30747233973739246,200.0,0.1031390134529148,0.14318181709809738,0.3263657498409114,31.405886379192335,True,0.992782340862423,138.0
605346,2024,0.3201487939870194,0.32260442975933534,200.0,0.038461538461538464,0.22857142771993363,0.3263657498409114,31.537303216974674,True,0.9923880903490759,48.0
605347,2024,0.3224195005788878,0.3247420396426979,200.0,0.004975124378109453,0.0,0.3263657498409114,31.38398357289528,True,0.9928480492813142,6.0
605353,2024,0.29317115474528543,0.2947295295679496,225.3,0.48342660352991823,0.26899121766205036,0.3188162997932203,30.76249144421629,True,0.9947125256673511,1123.0
605361,2024,0.33314164452586625,0.33822473869946246,239.5,0.3063583815028902,0.3607096870782854,0.3282938864988157,34.00958247775496,True,0.9849712525667351,530.0
605397,2024,0.3014376516537605,0.3037799384481606,200.0,0.12472647702407003,0.14528301639376945,0.3263657498409114,31.57015742642026,True,0.9922895277207392,171.0
605400,2024,0.3094228195048437,0.31135809869323056,200.0,0.13606911447084233,0.2160714247397014,0.3263657498409114,31.071868583162217,True,0.9937843942505133,189.0
605412,2024,0.29551839610044145,0.2997150218374217,200.0,0.3911719939117199,0.25823528953627045,0.3263657498409114,33.667351129363446,True,0.9859979466119096,771.0
605421,2024,0.28052864813767325,0.28298720846418657,217.2,0.5123933360422592,0.2449670797633453,0.322940027040654,31.89596167008898,True,0.991312114989733,1261.0
605452,2024,0.32015475580898306,0.3221944384656351,200.0,0.0888382687927107,0.2794117576935712,0.3263657498409114,31.110198494182068,True,0.9936694045174538,117.0
605483,2024,0.3053253234698849,0.3076978189734688,200.0,0.08466819221967964,0.10588235013625201,0.3263657498409114,31.57015742642026,True,0.9922895277207392,111.0
605504,2024,0.3090374704733644,0.31142334418414686,201.4,0.0646921278254092,0.17710843000067286,0.3207134590818372,31.55373032169747,True,0.9923388090349076,83.0
605507,2024,0.31687324002241807,0.3184839710711826,200.0,0.0430622009569378,0.14333333174387614,0.3263657498409114,30.68583162217659,True,0.9949425051334703,54.0
605538,2024,0.3228197746965728,0.32555187016549764,200.0,0.0024937655860349127,0.0,0.3263657498409114,31.797399041752225,True,0.9916078028747434,3.0
605540,2024,0.29947257424386614,0.30162981582191073,200.0,0.12854030501089325,0.13392856823546545,0.3263657498409114,31.38398357289528,True,0.9928480492813142,177.0
605548,2024,0.2982105960768927,0.3005452214831985,211.7,0.5575221238938053,0.2821107040956663,0.32377271339148916,31.589322381930184,True,0.9922320328542095,1512.0
605612,2024,0.3031338018834858,0.3045791456320601,379.3,0.7752388087656864,0.2990578598391043,0.3236229805462634,30.581793292265573,True,0.9952546201232033,4139.0
606019,2024,0.3132389560272433,0.3164351459303882,204.7,0.13544668587896252,0.30652173187421716,0.31798824746585497,32.3668720054757,True,0.9898993839835729,188.0
606115,2024,0.3232780011103383,0.3241586209368258,498.1,0.7692751393962699,0.3235841806573553,0.3260739005686271,29.905544147843944,True,0.9972833675564682,4001.0
606132,2024,0.309852797089513,0.3111606942994328,328.4,0.7777777777777778,0.3076684184106584,0.32338365991014334,30.401095140314855,True,0.9957967145790554,4200.0
606157,2024,0.2994065553466809,0.30047952020424806,227.6,0.588477366255144,0.2861462979462517,0.3209760280331828,30.190280629705683,True,0.996429158110883,1716.0
606162,2024,0.32400165499729683,0.32555187016549764,200.0,0.0024937655860349127,0.0,0.3263657498409114,30.587268993839835,True,0.9952381930184805,3.0
606192,2024,0.3479417100889177,0.3507905325866181,593.4,0.8596655361945971,0.35498776743789606,0.3250789714268312,31.707049965776864,True,0.9918788501026694,7351.0
606213,2024,0.32881252124449284,0.3311701535284417,208.3,0.4823123382226057,0.33899717735822105,0.3238779763270306,31.37303216974675,True,0.9928809034907597,1118.0
606299,2024,0.31477060289142833,0.3158777967292452,200.0,0.2779783393501805,0.2886363600755667,0.32636574984091143,30.168377823408623,True,0.9964948665297741,462.0
606336,2024,0.3231830377556862,0.32468378353956207,200.0,0.0171990171990172,0.228571423462459,0.3263657498409114,30.54072553045859,True,0.9953778234086242,21.0
606424,2024,0.3223581530067171,0.3247420396426979,200.0,0.004975124378109453,0.0,0.3263657498409114,31.446954140999317,True,0.9926591375770021,6.0
606466,2024,0.3550563621966701,0.35689359472640125,620.3,0.8536406878887669,0.36235473663075707,0.3250414845692461,30.715947980835043,True,0.9948521560574949,6999.0
606988,2024,0.3173332149929064,0.319942023567002,200.8,0.1880920162381597,0.2963762273637257,0.325401433020761,31.718001368925393,True,0.9918459958932239,278.0
606992,2024,0.3045621593926347,0.30689316104086917,381.6,0.7697620874904068,0.3016631772257944,0.32437874026260266,31.531827515400412,True,0.9924045174537988,4012.0
606993,2024,0.3061343475824104,0.30828346951051766,205.9,0.21363040629095675,0.2640469589847729,0.32030105487001165,31.32375085557837,True,0.9930287474332649,326.0
607043,2024,0.36049715170528185,0.36295886242931474,609.6,0.8590225563909775,0.36928223989751296,0.3244284157230937,31.260780287474333,True,0.993217659137577,7312.0
607054,2024,0.29998979344250776,0.30469155324254416,448.8,0.7851002865329513,0.29909618733033205,0.32513329004182584,34.143737166324435,True,0.9845687885010267,4384.0
607067,2024,0.3198722426909307,0.3247420396426979,200.0,0.004975124378109453,0.0,0.3263657498409114,33.998631074606436,True,0.9850041067761807,6.0
607074,2024,0.3214544908257217,0.3239362281299369,200.0,0.007444168734491315,0.0,0.3263657498409114,31.55373032169747,True,0.9923388090349076,9.0
607111,2024,0.3159215111690039,0.32065629435734827,200.0,0.0498812351543943,0.21190476133709862,0.3263657498409114,33.921971252566735,True,0.9852340862422998,63.0
607188,2024,0.32515565007967917,0.3270379651026416,200.0,0.007444168734491315,0.4166666666666667,0.3263657498409114,30.91854893908282,True,0.9942443531827515,9.0
607192,2024,0.32293695401371886,0.3247420396426979,200.0,0.004975124378109453,0.0,0.3263657498409114,30.85284052019165,True,0.9944414784394251,6.0
607200,2024,0.29895662824076236,0.3010727928608086,200.0,0.09706546275395034,0.06578947211566724,0.3263657498409114,31.342915811088297,True,0.9929712525667351,129.0
607208,2024,0.3550237704766419,0.35716750893375354,645.6,0.8791662471050247,0.3616320051887172,0.3246845782653473,31.000684462696782,True,0.9939979466119097,8731.0
607219,2024,0.32307031830104643,0.3247420396426979,200.0,0.004975124378109453,0.0,0.3263657498409114,30.715947980835043,True,0.9948521560574949,6.0
607229,2024,0.3213742773293789,0.3232667485823735,200.0,0.014778325123152709,0.11666666467984517,0.3263657498409114,30.951403148528406,True,0.9941457905544148,18.0
607231,2024,0.30959582881610404,0.31231172233580035,200.0,0.0430622009569378,0.0,0.3263657498409114,31.89869952087611,True,0.9913039014373717,54.0
607249,2024,0.30947139412137514,0.31514991674862186,201.0,0.03225806451612903,0.22999999523162842,0.31798824746585497,35.006160164271044,True,0.9819815195071868,40.0
607345,2024,0.294487170796214,0.30080910339004796,200.0,0.20948616600790515,0.20436892810377102,0.3263657498409114,36.00547570157426,True,0.9789835728952773,318.0
607374,2024,0.3208223435096026,0.32555187016549764,200.0,0.0024937655860349127,0.0,0.3263657498409114,33.842573579739906,True,0.9854722792607803,3.0
607430,2024,0.3206030902252798,0.3255437344580924,200.0,0.0171990171990172,0.2785714268684387,0.3263657498409114,34.05886379192334,True,0.98482340862423,21.0
607455,2024,0.3237075218907818,0.32555187016549764,200.0,0.0024937655860349127,0.0,0.3263657498409114,30.888432580424368,True,0.9943347022587269,3.0
607461,2024,0.3178464793654909,0.31993228016533676,240.7,0.5167136528393073,0.31438419543354,0.3258641074244161,31.173169062286107,True,0.9934804928131417,1283.0
607468,2024,0.3166487352975547,0.3191831940478277,200.0,0.17012448132780084,0.28414633652059046,0.3263657498409114,31.64681724845996,True,0.9920595482546202,246.0
607536,2024,0.314999237996801,0.3170244186258462,200.0,0.09090909090909091,0.2236111064751943,0.3263657498409114,31.129363449691994,True,0.993611909650924,120.0
607560,2024,0.31864262396177023,0.3247420396426979,200.0,0.004975124378109453,0.0,0.3263657498409114,35.26078028747433,True,0.981217659137577,6.0
607625,2024,0.32006561924465937,0.32555187016549764,200.0,0.0024937655860349127,0.0,0.3263657498409114,34.61738535249829,True,0.9831478439425051,3.0
607644,2024,0.32329067394687855,0.3254229628058384,200.0,0.012345679012345678,0.25,0.3263657498409114,31.184120465434635,True,0.9934476386036961,15.0
607680,2024,0.30230391630281883,0.308302198292179,307.8,0.642644431209053,0.2976598664220557,0.3274406584386172,35.48528405201917,True,0.9805441478439425,2158.0
607732,2024,0.288732922183191,0.29359625063049327,377.4,0.7780654706861476,0.2848777490083076,0.32416186423427257,34.521560574948666,True,0.983435318275154,4207.0
608070,2024,0.35783073642824875,0.36084419296373854,617.2,0.8727600466546496,0.3661380626840102,0.3245326582407752,31.783709787816566,True,0.9916488706365503,8231.0
608324,2024,0.353618682002362,0.3549532186416492,657.9,0.8713550600343053,0.3594267795990602,0.32465229909011883,30.253251197809718,True,0.9962402464065708,8128.0
608328,2024,0.3195982898181683,0.321045300979668,200.0,0.03614457831325301,0.17916666467984518,0.3263657498409114,30.50239561943874,True,0.9954928131416838,45.0
608331,2024,0.3186894755412317,0.320079554097528,200.0,0.15254237288135594,0.28515624441206455,0.3263657498409114,30.4476386036961,True,0.9956570841889117,216.0
608334,2024,0.32323569001733266,0.3247420396426979,200.0,0.004975124378109453,0.0,0.3263657498409114,30.546201232032853,True,0.9953613963039014,6.0
608336,2024,0.32179991916407374,0.3233636179737827,407.0,0.8113207547169812,0.3230911050902484,0.3245354233729802,30.611909650924023,True,0.9951642710472279,5160.0
608337,2024,0.32442211922571834,0.3253621284963433,200.0,0.009900990099009901,0.22499999403953552,0.3263657498409114,29.963039014373717,True,0.9971108829568789,12.0
608344,2024,0.3255592443323349,0.32694422572385096,200.0,0.0171990171990172,0.3599999904632568,0.3263657498409114,30.412046543463383,True,0.9957638603696098,21.0
608348,2024,0.30099618597508315,0.3018683188799375,310.9,0.7302158273381295,0.2939447173851563,0.3233148669258118,29.963039014373717,True,0.9971108829568789,3248.0
608349,2024,0.3212405602789118,0.3247420396426979,200.0,0.004975124378109453,0.0,0.3263657498409114,32.59411362080767,True,0.989217659137577,6.0
608360,2024,0.31150069859606133,0.31197153859784654,202.3,0.0491283676703645,0.1612903187351842,0.31975673495741747,29.503080082135522,True,0.9984907597535935,62.0
608369,2024,0.3761841628592127,0.37751671158037625,575.3,0.8559077809798271,0.3864639040095578,0.3243703885510377,30.17659137577002,True,0.99647022587269,7128.0
608371,2024,0.32363044830782234,0.3247420396426979,200.0,0.004975124378109453,0.0,0.3263657498409114,30.140999315537304,True,0.9965770020533881,6.0
608379,2024,0.3200496585591705,0.3239362281299369,200.0,0.007444168734491315,0.0,0.3263657498409114,32.99931553730322,True,0.9880020533880903,9.0
608384,2024,0.3216017678498481,0.32335665829723953,200.0,0.031476997578692496,0.2307692261842581,0.3263657498409114,30.809034907597535,True,0.9945728952772074,39.0
608385,2024,0.3352622362986414,0.33715292343189085,354.2,0.7944501541623844,0.3408228541989508,0.32296864101720385,30.869267624914443,True,0.9943921971252567,4638.0
608422,2024,0.29775277543645334,0.2983918363920116,202.2,0.14772727272727273,0.15745191992475435,0.3228214219130029,29.713894592744694,True,0.9978583162217659,208.0
608566,2024,0.3236915390924868,0.3240342035993732,200.0,0.13043478260869565,0.30849056198911845,0.3263657498409114,29.352498288843258,True,0.9989425051334703,180.0
608577,2024,0.3079855320367272,0.3081519467430792,217.1,0.5055624227441285,0.2949062704845668,0.3216956507174081,29.180013689253936,True,0.9994599589322382,1227.0
608596,2024,0.33218649118095894,0.33646939420909483,283.7,0.6175908221797323,0.3425180552483097,0.3267008066307629,33.242984257357975,True,0.987271047227926,1938.0
608597,2024,0.3103494213592838,0.3109975991069091,200.6,0.058823529411764705,0.10799999952316285,0.3236849490808933,29.694729637234772,True,0.9979158110882956,75.0
608665,2024,0.32113252024010935,0.32555187016549764,200.0,0.0024937655860349127,0.0,0.3263657498409114,33.52498288843258,True,0.9864250513347023,3.0
608671,2024,0.32298398114308086,0.32694967255121227,354.9,0.6483001172332943,0.32685019975986446,0.32713303406326344,33.04312114989733,True,0.987870636550308,2212.0
608686,2024,0.301179476012602,0.3055328485716131,207.4,0.49281487743026203,0.2862811909625245,0.3242390425484442,33.74948665297741,True,0.9857515400410678,1166.0
608700,2024,0.30213472578772327,0.3061218529192776,218.6,0.517490952955368,0.2917619848673394,0.32152281140498135,33.34154688569473,True,0.9869753593429158,1287.0
608701,2024,0.33106869273231454,0.3353595039626872,339.2,0.666110183639399,0.34045138323497504,0.3252012048144731,33.26488706365503,True,0.9872053388090349,2394.0
608703,2024,0.30230197425668065,0.3065081216425891,229.7,0.48119325551232167,0.2938650907603307,0.3182345327858839,33.57426420260096,True,0.9862772073921972,1113.0
608717,2024,0.3200109415497514,0.3247420396426979,200.0,0.004975124378109453,0.0,0.3263657498409114,33.856262833675565,True,0.9854312114989733,6.0
608718,2024,0.3174765678403448,0.32313440578308056,200.0,0.009900990099009901,0.0,0.3263657498409114,34.836413415468854,True,0.9824907597535935,12.0
608723,2024,0.3249445201967295,0.3279064513662575,200.0,0.007444168734491315,0.5333333214124044,0.3263657498409114,32.01095140314853,True,0.9909671457905544,9.0
608841,2024,0.3374524288881243,0.34067237745781287,552.5,0.7796143250688705,0.34468626847573597,0.32647323798190997,32.15058179329227,True,0.9905482546201232,4245.0
609274,2024,0.3045084717886327,0.30506410188796457,203.5,0.1044776119402985,0.19428571122033256,0.31798824746585497,29.607118412046542,True,0.9981786447638604,140.0
609275,2024,0.3025401480471937,0.3024097454875379,205.4,0.34210526315789475,0.2619172460931442,0.3234658451726226,28.928131416837783,True,1.0004312114989733,624.0
609280,2024,0.3133643247672577,0.31367542380154134,259.0,0.5548961424332344,0.30538726297111835,0.32400799763680205,29.3305954825462,True,0.9990082135523614,1496.0
613564,2024,0.30838231433618535,0.310070191291243,243.6,0.4582392776523702,0.294157712098453,0.3235294966084779,30.8145106091718,True,0.9945564681724846,1015.0
614173,2024,0.3049171844030449,0.3056747808311006,263.0,0.6082272282076395,0.2952158478585521,0.3219122742709822,29.82614647501711,True,0.9975215605749487,1863.0
614177,2024,0.3145909999563084,0.31455870440144174,279.8,0.7507788161993769,0.3120176050132374,0.3222137663084074,28.982888432580424,True,1.0001026694045174,3615.0
614179,2024,0.3248760325048461,0.32555187016549764,200.0,0.0024937655860349127,0.0,0.3263657498409114,29.691991786447637,True,0.9979240246406571,3.0
615698,2024,0.32660283689635905,0.326980845553539,200.0,0.004975124378109453,0.44999998807907104,0.3263657498409114,29.385352498288842,True,0.9988439425051334,6.0
615699,2024,0.320165740787584,0.3207525796962274,200.0,0.0171990171990172,0.0,0.3263657498409114,29.609856262833677,True,0.998170431211499,21.0
620443,2024,0.31131223049814155,0.3097539202218713,231.6,0.6188055908513341,0.3011571230439895,0.32370938764063273,28.161533196440793,True,1.0050308008213553,1948.0
621002,2024,0.31426336544504074,0.31547018465244836,200.0,0.1836734693877551,0.26704545048150147,0.3263657498409114,30.275154004106778,True,0.9961745379876796,270.0
621005,2024,0.3205421069642374,0.3215238440403936,200.0,0.0267639902676399,0.14545454220338302,0.3263657498409114,30.017796030116358,True,0.996946611909651,33.0
621006,2024,0.304452568216911,0.3049303132456717,203.3,0.27140255009107467,0.25402684136263537,0.32389185652210273,29.522245037645447,True,0.9984332648870636,447.0
621008,2024,0.32604730644540725,0.32689508569228476,200.0,0.0171990171990172,0.3571428486279079,0.3263657498409114,29.864476386036962,True,0.9974065708418891,21.0
621011,2024,0.32172750082517715,0.32242067216759907,202.7,0.2982456140350877,0.3173123937044702,0.3245916905144288,29.71663244353183,True,0.9978501026694045,510.0
621020,2024,0.3305765485219885,0.33195275511867145,590.3,0.8721227621483376,0.33305217116928654,0.32445473765347643,30.38193018480493,True,0.9958542094455852,8184.0
621028,2024,0.2986165214346314,0.30033279694571957,357.4,0.7762446391944807,0.2933190655309697,0.32466460017872273,30.90485968514716,True,0.9942854209445585,4163.0
621035,2024,0.3250225926260339,0.3298085412107075,441.6,0.8254291533313937,0.330923945434856,0.3245345382375257,33.83709787816564,True,0.9854887063655031,5674.0
621043,2024,0.34778420299030594,0.34859090103026713,561.0,0.8621323529411765,0.3523998575933918,0.3247722259888609,29.77138945927447,True,0.9976858316221766,7504.0
621052,2024,0.32473431382625245,0.32555187016549764,200.0,0.0024937655860349127,0.0,0.3263657498409114,29.83709787816564,True,0.9974887063655031,3.0
621074,2024,0.3244027455970901,0.32555187016549764,200.0,0.0024937655860349127,0.0,0.3263657498409114,30.17659137577002,True,0.99647022587269,3.0
621076,2024,0.32480363202072515,0.32610470273409753,200.0,0.009900990099009901,0.29999999205271405,0.3263657498409114,30.32991101984942,True,0.9960102669404517,12.0
621107,2024,0.30144150357835703,0.30255667654426455,200.0,0.08466819221967964,0.04516128955348846,0.3263657498409114,30.22861054072553,True,0.9963141683778234,111.0
621111,2024,0.2968179402963808,0.297643641651352,200.0,0.18032786885245902,0.16708860442608217,0.3263657498409114,29.924709103353866,True,0.9972258726899385,264.0
621121,2024,0.3214444194760384,0.32313440578308056,200.0,0.009900990099009901,0.0,0.3263657498409114,30.743326488706366,True,0.9947700205338809,12.0
621219,2024,0.2993902012889846,0.30264346315679946,200.0,0.08256880733944955,0.0390625,0.3263657498409114,32.58316221765914,True,0.9892505133470226,108.0
621237,2024,0.316825730313468,0.3169318081055033,200.1,0.0033222591362126247,0.0,0.31798824746585497,29.111567419575632,True,0.9996652977412731,4.0
621244,2024,0.3220734367587538,0.32313440578308056,200.0,0.009900990099009901,0.0,0.3263657498409114,30.094455852156056,True,0.9967166324435318,12.0
621249,2024,0.3222167571522839,0.32313440578308056,200.0,0.009900990099009901,0.0,0.3263657498409114,29.946611909650922,True,0.9971601642710473,12.0
621311,2024,0.3033015046654074,0.30444112720111094,204.5,0.3700787401574803,0.2668415391779868,0.32653088516469636,30.247775496235455,True,0.9962566735112937,705.0
621345,2024,0.32296362687118435,0.3247420396426979,200.0,0.004975124378109453,0.0,0.3263657498409114,30.82546201232033,True,0.994523613963039,6.0
621348,2024,0.3227689150116861,0.3247420396426979,200.0,0.004975124378109453,0.0,0.3263657498409114,31.025325119780973,True,0.9939240246406571,6.0
621433,2024,0.2902776567972478,0.2912266850295721,258.0,0.6397478234764336,0.2731890010273012,0.32325860553693825,30.086242299794662,True,0.996741273100616,2131.0
621438,2024,0.31996524125533343,0.32135028076111904,366.0,0.7548017981201471,0.3206289578745071,0.3235707530470729,30.43668720054757,True,0.9956899383983573,3694.0
621439,2024,0.3455694225656522,0.34716552855834654,412.2,0.7705544933078394,0.35397222101509257,0.32430638639110787,30.532511978097194,True,0.9954024640657084,4030.0
621446,2024,0.3077067389400169,0.3087687258307077,203.9,0.4609164420485175,0.2896772033520416,0.32509197754996716,30.146475017111566,True,0.9965605749486653,1026.0
621450,2024,0.28469882110594436,0.28594771389331824,211.6,0.3492407809110629,0.22188174214775344,0.32032978539677137,30.455852156057496,True,0.9956324435318276,644.0
621453,2024,0.31179688410000683,0.3133507693319094,208.0,0.5047461824184895,0.3027313158861384,0.3241737623020577,30.652977412731005,True,0.995041067761807,1223.0
621458,2024,0.3016328827485043,0.3027163212452816,226.2,0.3743482794577685,0.26934325786901503,0.32268453749874776,30.193018480492814,True,0.9964209445585216,718.0
621466,2024,0.33277528818005864,0.3343619627094664,292.8,0.6117761242316403,0.3386668987503764,0.3275781009983324,30.581793292265573,True,0.9952546201232033,1891.0
621493,2024,0.3492364023569154,0.3508610257925668,460.9,0.8068254990341275,0.3573759235357944,0.3236504695516862,30.543463381245722,True,0.9953696098562629,5012.0
621500,2024,0.3148659375324751,0.31628891290862043,200.0,0.1130820399113082,0.23725489775339761,0.3263657498409114,30.49965776865161,True,0.9955010266940452,153.0
621512,2024,0.277420655089409,0.27843778201797154,262.7,0.6336996336996337,0.25351844242440474,0.32154823951484196,30.217659137577,True,0.996347022587269,2076.0
621532,2024,0.29013271780745703,0.2949531116798595,212.4,0.24290220820189273,0.21168830801343885,0.3216672361895028,34.4476386036961,True,0.9836570841889117,385.0
621545,2024,0.3102991744122945,0.3115652681817641,280.0,0.4,0.2854838655840966,0.32895286991354244,30.354551676933607,True,0.9959363449691991,800.0
621550,2024,0.32893064425193347,0.3327673769450473,404.4,0.7990286384190253,0.3351149260507314,0.3234339129590318,32.84325804243669,True,0.98847022587269,4771.0
621559,2024,0.31395559959510266,0.3159766824820257,200.0,0.038461538461538464,0.05624999850988388,0.3263657498409114,31.132101300479125,True,0.9936036960985626,48.0
621563,2024,0.2974161439950149,0.30211033058961784,396.1,0.792710312661945,0.29624168653125876,0.324553003576126,34.17932922655715,True,0.9844620123203286,4589.0
621566,2024,0.3785419474346167,0.37997367576115,640.1,0.8771498771498771,0.38771815163351075,0.32467811803249447,30.255989048596852,True,0.9962320328542095,8568.0
621573,2024,0.3267046568739438,0.32838976162610733,200.9,0.1111111111111111,0.3606666604677836,0.3243551492708978,30.71047227926078,True,0.9948685831622177,150.0
622065,2024,0.3213833756047201,0.32313440578308056,200.0,0.009900990099009901,0.0,0.3263657498409114,30.806297056810404,True,0.9945811088295687,12.0
622072,2024,0.2952289402261638,0.29923699550684374,200.0,0.1091314031180401,0.07777777645323011,0.3263657498409114,33.464750171115675,True,0.986605749486653,147.0
622075,2024,0.32289391176550236,0.3239362281299369,200.0,0.007444168734491315,0.0,0.3263657498409114,30.072553045859,True,0.996782340862423,9.0
622088,2024,0.32297050150142004,0.3244970368431194,200.0,0.012345679012345678,0.17499999701976776,0.3263657498409114,30.56810403832991,True,0.9952956878850102,15.0
622098,2024,0.32382784907071976,0.32555187016549764,200.0,0.0024937655860349127,0.0,0.3263657498409114,30.765229295003422,True,0.9947043121149898,3.0
622100,2024,0.3161688756857896,0.3176606413671173,200.1,0.21465968586387435,0.28618645669388454,0.3262635851778009,30.56536618754278,True,0.9953039014373717,328.0
622110,2024,0.30838143759575043,0.31256024614326333,329.2,0.7142176708740177,0.3077798232300005,0.3245073197406592,33.45653661875428,True,0.9866303901437372,2999.0
622168,2024,0.31147459627279367,0.31188125869429445,206.0,0.18533604887983707,0.28058607674343683,0.3190009125881145,29.43463381245722,True,0.9986960985626283,273.0
622250,2024,0.3243100268887484,0.32581062902613156,200.5,0.006622516556291391,0.0,0.3279826998863058,30.535249828884325,True,0.9953942505133471,8.0
622268,2024,0.29494960559161887,0.29592610095967264,207.8,0.3019197207678883,0.23718977152068796,0.32132956344203356,30.099931553730322,True,0.996700205338809,519.0
622446,2024,0.3228622700128154,0.3247420396426979,200.0,0.004975124378109453,0.0,0.3263657498409114,30.92950034223135,True,0.994211498973306,6.0
622491,2024,0.30228508678251276,0.3046137872546877,200.0,0.12854030501089325,0.15714285446673024,0.3263657498409114,31.548254620123203,True,0.9923552361396304,177.0
622503,2024,0.3171410832384444,0.3176309000884782,200.0,0.0267639902676399,0.0,0.3263657498409114,29.51403148528405,True,0.9984579055441478,33.0
622534,2024,0.3136880273614496,0.31440010809909497,408.7,0.7937789998281491,0.3117430583625069,0.3246275353768452,29.754962354551676,True,0.997735112936345,4619.0
622569,2024,0.327865808803794,0.3296630478015623,294.1,0.5102040816326531,0.33140233474092873,0.3278512905730555,30.817248459958932,True,0.9945482546201232,1250.0
622608,2024,0.2942897431747361,0.2946788160262862,200.0,0.1130820399113082,0.04615384493118677,0.3263657498409114,29.440109514031484,True,0.9986796714579056,153.0
622666,2024,0.2966106776430616,0.297992948836948,226.6,0.4088669950738916,0.2662110206670855,0.3199754491544362,30.546201232032853,True,0.9953613963039014,830.0
622668,2024,0.3270095018577352,0.3270948017341628,200.0,0.009900990099009901,0.3999999910593033,0.3263657498409114,29.086926762491444,True,0.9997392197125257,12.0
622682,2024,0.308783683060748,0.30946679765516133,233.6,0.6254681647940075,0.30271200275748145,0.32074730513428673,29.73579739904175,True,0.9977926078028747,2004.0
622694,2024,0.3149279659494239,0.3150800066096976,200.0,0.0430622009569378,0.06428571258272443,0.3263657498409114,29.16084873374401,True,0.999517453798768,54.0
622761,2024,0.2975819727893101,0.2976009165848217,430.8,0.7907220090687129,0.29076236029531877,0.3234392617653269,29.021218343600275,True,0.9999363449691991,4534.0
622766,2024,0.3233648498548576,0.3239362281299369,200.0,0.007444168734491315,0.0,0.3263657498409114,29.587953456536617,True,0.9982361396303902,9.0
623167,2024,0.32296574977913284,0.3239362281299369,200.0,0.007444168734491315,0.0,0.3263657498409114,29.998631074606433,True,0.9970041067761807,9.0
623168,2024,0.29653658378243936,0.30016756348779167,240.9,0.4368840919755983,0.2736305000175384,0.3207559018967965,33.0321697467488,True,0.9879034907597536,931.0
623182,2024,0.32189742138179045,0.32731936244303894,200.0,0.0196078431372549,0.3749999925494194,0.3263657498409114,34.521560574948666,True,0.983435318275154,24.0
623205,2024,0.27690900658915985,0.2777113471753523,281.9,0.6333638863428047,0.25247291748725664,0.3213107344615375,29.963039014373717,True,0.9971108829568789,2073.0
623323,2024,0.3233044954518676,0.32511432075694374,200.0,0.012345679012345678,0.22499999403953552,0.3263657498409114,30.855578370978783,True,0.9944332648870636,15.0
623437,2024,0.3213357394773379,0.32555187016549764,200.0,0.0024937655860349127,0.0,0.3263657498409114,33.31690622861054,True,0.9870492813141684,3.0
623465,2024,0.32185051164532863,0.32262627214776196,200.1,0.010717230008244023,0.21538461171663725,0.32378805680243244,29.801505817932924,True,0.9975954825462012,13.0
623485,2024,0.32090668708830544,0.32375935939045003,200.0,0.014778325123152709,0.14999999602635702,0.3263657498409114,31.93702943189596,True,0.9911889117043121,18.0
623507,2024,0.3128049071138368,0.31370350339151887,212.0,0.10112359550561797,0.19259258773591784,0.327328481402774,29.95482546201232,True,0.9971355236139631,135.0
623508,2024,0.31898306800411635,0.3204510893188398,200.0,0.031476997578692496,0.13846153479356033,0.3263657498409114,30.527036276522928,True,0.9954188911704313,39.0
623515,2024,0.31302257009422174,0.314839848976094,200.3,0.009900990099009901,0.0,0.31798824746585497,30.924024640657084,True,0.9942279260780288,12.0
623520,2024,0.3085727574294337,0.3106516356234725,212.7,0.5537374488657494,0.30029087775960966,0.3235076093395489,31.23066392881588,True,0.9933080082135524,1489.0
623912,2024,0.34168000346493244,0.34251765958930797,465.4,0.8085819109905886,0.34676918491957465,0.3245585080067063,29.815195071868583,True,0.9975544147843942,5069.0
623993,2024,0.33684268181955485,0.3375489701163692,599.2,0.8579377293713745,0.33969840572753857,0.32456817022124873,29.697467488021903,True,0.9979075975359343,7247.0
624133,2024,0.32341827082205565,0.3231197002571364,200.0,0.054373522458628844,0.26666666401757133,0.3263657498409114,28.84599589322382,True,1.000924024640657,69.0
624413,2024,0.3606308200612316,0.36124129559773455,598.7,0.8694090760692131,0.3667589384331251,0.3245075884211216,29.56331279945243,True,0.9983100616016427,7989.0
624414,2024,0.31520983197383046,0.3152920539262917,333.0,0.7068165160029318,0.3117580674324515,0.32381190636519147,29.086926762491444,True,0.9997392197125257,2893.0
624415,2024,0.31330997033089947,0.3135179093138736,403.3,0.7611464968152867,0.30995209668948226,0.3248809655436006,29.22108145106092,True,0.9993367556468172,3824.0
624418,2024,0.32702387266673877,0.32555187016549764,200.0,0.0024937655860349127,0.0,0.3263657498409114,28.246406570841888,True,1.0045215605749487,3.0
624419,2024,0.32603530348842835,0.32634556631636363,200.0,0.014778325123152709,0.3249999980131785,0.3263657498409114,29.31690622861054,True,0.9990492813141684,18.0
624424,2024,0.3245292222130299,0.3268155891788044,435.0,0.759374373370764,0.32644941571811875,0.32797117159181793,31.33196440793977,True,0.9930041067761807,3787.0
624428,2024,0.3074683637401125,0.31077328124227627,492.6,0.8485039767706097,0.30838851879689344,0.3241299382384579,32.544832306639286,True,0.9893655030800821,6721.0
624431,2024,0.2917537876429195,0.29403543012845423,321.6,0.7303370786516854,0.28328263982073415,0.32315757054519606,31.586584531143053,True,0.9922402464065708,3250.0
624503,2024,0.31402818794278725,0.31343478574062533,290.8,0.7062423500611995,0.3100230445386996,0.3216371802135885,28.684462696783026,True,1.001893223819302,2885.0
624512,2024,0.31172766449968714,0.3120371387050147,330.4,0.6982650238873522,0.30685953806119537,0.3240189695282532,29.3305954825462,True,0.9990082135523614,2777.0
624513,2024,0.3047781316774644,0.30519111102482654,204.1,0.442638179284719,0.2803437196395137,0.3249240810166625,29.451060917180012,True,0.9986468172484599,953.0
624522,2024,0.3226165168290761,0.32290759780533185,200.0,0.0196078431372549,0.14999999602635702,0.3263657498409114,29.300479123887747,True,0.9990985626283367,24.0
624585,2024,0.3403641381048488,0.3438142826620758,524.6,0.8352553542009885,0.3473416517492115,0.3259305213902977,32.34496919917864,True,0.9899650924024641,6084.0
624641,2024,0.32229577905076917,0.32098153432910137,370.5,0.7330367074527252,0.31933107071638844,0.3255134323323422,28.317590691307323,True,1.004094455852156,3295.0
628317,2024,0.31904222573258517,0.32610470273409753,200.0,0.009900990099009901,0.29999999205271405,0.3263657498409114,36.219028062970565,True,0.9783429158110883,12.0
628338,2024,0.3032495367225379,0.30731787000367483,208.2,0.5350639287098023,0.2924954394215445,0.3243760171986098,33.412731006160165,True,0.9867618069815195,1381.0
628450,2024,0.3209309232227942,0.328545487740509,232.7,0.6444444444444445,0.3325277191889621,0.3213276932401878,36.72553045859001,True,0.97682340862423,2175.0
628451,2024,0.31888557974786985,0.3210445549376456,404.3,0.7299122214719784,0.3189996822216184,0.32657082345270905,31.241615331964407,True,0.9932751540041068,3243.0
628711,2024,0.309430899366337,0.30736956670747334,200.0,0.15611814345991562,0.20468749571591616,0.3263657498409114,27.88227241615332,True,1.0067063655030801,222.0
630105,2024,0.3277123010854461,0.32913359049161417,534.3,0.8616076577096068,0.32996107581590767,0.3239818047767837,30.439425051334702,True,0.9956817248459959,7471.0
640444,2024,0.3042052490714869,0.3049435003793869,200.0,0.09297052154195011,0.09594594465719687,0.3263657498409114,29.806981519507186,True,0.9975790554414784,123.0
640449,2024,0.30584510164933265,0.3065949056176913,242.5,0.5028997514498758,0.28747940245138165,0.32593342298760797,29.815195071868583,True,0.9975544147843942,1214.0
640455,2024,0.3256062896015484,0.3289723454483018,200.0,0.012345679012345678,0.5374999940395355,0.3263657498409114,32.41067761806981,True,0.9897679671457905,15.0
640457,2024,0.32202502648434406,0.32218049345757305,225.2,0.6750609260763607,0.3210645852081438,0.3244987928457622,29.16084873374401,True,0.999517453798768,2493.0
640458,2024,0.3169304426052873,0.3174434364132076,228.8,0.5359628770301624,0.3121393226682193,0.323569687788669,29.53867214236824,True,0.9983839835728953,1386.0
640461,2024,0.3029801218867253,0.30596754628629685,237.9,0.6486090775988287,0.29802293047119205,0.32063198297834455,32.25462012320329,True,0.9902361396303901,2215.0
640464,2024,0.32545485274910396,0.32616947869112334,200.0,0.007444168734491315,0.29999999205271405,0.3263657498409114,29.730321697467488,True,0.9978090349075975,9.0
640470,2024,0.30797200239511463,0.30828028267779245,200.0,0.07621247113163972,0.08906249888241291,0.3263657498409113,29.333333333333332,True,0.999,99.0
640492,2024,0.31139184572607,0.3097875659696522,272.6,0.5337995337995338,0.29907095503285114,0.32205808549228926,28.136892539356605,True,1.0051786447638604,1374.0
641154,2024,0.30966401188416853,0.30839623107388126,200.0,0.08045977011494253,0.10303030230782251,0.3263657498409114,28.314852840520192,True,1.0041108829568788,105.0
641302,2024,0.32380382188134826,0.3247420396426979,200.0,0.004975124378109453,0.0,0.3263657498409114,29.963039014373717,True,0.9971108829568789,6.0
641313,2024,0.30855473819454576,0.3104358391417889,497.1,0.8269397173348716,0.30728395532217667,0.3254965906598361,31.019849418206707,True,0.9939404517453799,5734.0
641343,2024,0.3039894923629912,0.30350463280585993,336.0,0.6576319543509273,0.290808281917715,0.327892206803505,28.733744010951405,True,1.0015975359342915,2305.0
641355,2024,0.32931167589292315,0.3292454211675137,533.7,0.8372881355932204,0.33016609378480694,0.324507793324359,28.966461327857633,True,1.0002012320328542,6175.0
641360,2024,0.32621904037782384,0.32616947869112334,200.0,0.007444168734491315,0.29999999205271405,0.3263657498409114,28.974674880219027,True,1.0001519507186858,9.0
641394,2024,0.32651857830573267,0.32729750604599406,200.0,0.0024937655860349127,0.699999988079071,0.3263657498409114,29.793292265571527,True,0.9976201232032854,3.0
641432,2024,0.31080255517181077,0.3114132320436829,280.7,0.6059113300492611,0.301740971986492,0.32628433188161393,29.65366187542779,True,0.9980390143737167,1845.0
641447,2024,0.32157736437743056,0.32233654305275194,200.0,0.012345679012345678,0.0,0.3263657498409114,29.78507871321013,True,0.9976447638603696,15.0
641470,2024,0.30573322858325297,0.3060971510688153,213.8,0.49044585987261147,0.28822453474639953,0.3232995442791404,29.39630390143737,True,0.9988110882956879,1155.0
641482,2024,0.3250097293714438,0.32555187016549764,200.0,0.0024937655860349127,0.0,0.3263657498409114,29.555099247091032,True,0.9983347022587269,3.0
641487,2024,0.33794708900897724,0.3384217133009373,581.7,0.8660564795178033,0.3405405785955365,0.32472148345027496,29.467488021902806,True,0.9985975359342916,7759.0
641505,2024,0.30360370715884993,0.3064854253574366,261.1,0.4985374007521939,0.2879252560417092,0.3249373270188223,32.134154688569474,True,0.9905975359342916,1193.0
641511,2024,0.2985110313717795,0.2987951014579705,310.2,0.5718872636460934,0.2796395637683563,0.3243837072216802,29.31690622861054,True,0.9990492813141684,1603.0
641512,2024,0.31431899112156014,0.3151622280479389,202.5,0.07692307692307693,0.2812499950329463,0.31798824746585497,29.89185489390828,True,0.9973244353182752,100.0
641513,2024,0.3058674714948952,0.3065567520770808,209.6,0.24242424242424243,0.27083332898716134,0.31798824746585497,29.749486652977414,True,0.9977515400410678,384.0
641525,2024,0.3011070094580603,0.30422737026809965,244.4,0.28825622775800713,0.24629629283775517,0.3276894566273892,32.41889117043121,True,0.9897433264887063,486.0
641531,2024,0.302712088796267,0.3062557253721854,295.5,0.7728993186979561,0.30146757850249123,0.3225513852187112,32.85694729637235,True,0.9884291581108829,4084.0
641540,2024,0.32558842608972793,0.32610470273409753,200.0,0.009900990099009901,0.29999999205271405,0.3263657498409114,29.527720739219713,True,0.9984168377823408,12.0
641541,2024,0.32472426800847476,0.32567320080507106,200.0,0.007444168734491315,0.23333332935969034,0.3263657498409114,29.971252566735114,True,0.9970862422997947,9.0
641553,2024,0.29747341242304015,0.3006833772657602,229.0,0.5573589081519734,0.2848255706441189,0.32065099877017694,32.558521560574945,True,0.9893244353182752,1511.0
641561,2024,0.3209920019986505,0.32151421502551947,200.0,0.11894273127753303,0.28557692009669083,0.3263657498409114,29.541409993155373,True,0.9983757700205339,162.0
641583,2024,0.3134193087347659,0.31389304875701723,200.0,0.1031390134529148,0.20543477846228558,0.3263657498409114,29.503080082135522,True,0.9984907597535935,138.0
641584,2024,0.3393909540457516,0.3394934294751825,414.7,0.754249436821626,0.3440680821555668,0.3254530579569699,29.100616016427104,True,0.9996981519507186,3683.0
641598,2024,0.3508131505345077,0.35556694182448556,423.5,0.7504678727386151,0.36545869635471606,0.32581749007481725,33.45653661875428,True,0.9866303901437372,3609.0
641645,2024,0.31621297343858173,0.31693339493384204,293.6,0.6677740863787376,0.3142429192675314,0.32234125102312644,29.75770020533881,True,0.9977268993839836,2412.0
641658,2024,0.31130984869180367,0.3119857109609285,349.1,0.7526283240568955,0.30764647438607085,0.32518783823993286,29.72210814510609,True,0.9978336755646817,3651.0
641680,2024,0.3138815824213495,0.31389125052968203,531.0,0.8212956068503351,0.31147996383359927,0.3249731223037624,29.010266940451746,True,0.9999691991786448,5515.0
641682,2024,0.3250257729954355,0.32555187016549764,200.0,0.0024937655860349127,0.0,0.3263657498409114,29.53867214236824,True,0.9983839835728953,3.0
641684,2024,0.30020052515649737,0.30060730177224254,207.3,0.25280199252801994,0.24228242694613839,0.32034055108840775,29.451060917180012,True,0.9986468172484599,406.0
641712,2024,0.3263190430154709,0.3270948017341628,200.0,0.009900990099009901,0.3999999910593033,0.3263657498409114,29.790554414784395,True,0.9976283367556468,12.0
641741,2024,0.31789454649523124,0.3185899491974837,201.1,0.03536977491961415,0.3349999964237213,0.31798824746585497,29.727583846680357,True,0.9978172484599589,44.0
641745,2024,0.3208908918969178,0.3207525796962274,200.0,0.0171990171990172,0.0,0.3263657498409114,28.928131416837783,True,1.0004312114989733,21.0
641771,2024,0.3093852896013464,0.31200885481793666,200.0,0.05660377358490566,0.07272727110169151,0.3263657498409114,31.802874743326488,True,0.9915913757700205,72.0
641778,2024,0.3187924331626761,0.31886511083680935,200.0,0.0888382687927107,0.2419354800255068,0.3263657498409114,29.075975359342916,True,0.9997720739219712,117.0
641779,2024,0.3239574331316748,0.32216732066816745,216.9,0.3603411513859275,0.3295857938083671,0.31798824746585497,28.073921971252567,True,1.0055564681724847,676.0
641786,2024,0.3006529082009942,0.30059241937738235,233.2,0.444187123668365,0.2701416099182929,0.3249276912701047,28.966461327857633,True,1.0002012320328542,959.0
641793,2024,0.32587656143051613,0.3253621284963433,200.0,0.009900990099009901,0.22499999403953552,0.3263657498409114,28.736481861738536,True,1.0015811088295687,12.0
641796,2024,0.3033822259946888,0.3061019449180158,238.2,0.45230488361478777,0.2824299926577721,0.3256510321596004,31.96167008898015,True,0.9911149897330596,991.0
641816,2024,0.292683170643198,0.2933451548838908,200.0,0.14163090128755365,0.09322033696255443,0.3263657498409113,29.752224503764545,True,0.9977433264887063,198.0
641820,2024,0.3144709110922063,0.31760061406323187,392.6,0.8237108858527986,0.31637637185982087,0.3233208857586699,32.284736481861735,True,0.9901457905544148,5607.0
641829,2024,0.30958909357189124,0.30925253537117925,200.0,0.2779783393501805,0.26480262765758916,0.32636574984091143,28.8186173853525,True,1.001088295687885,462.0
641851,2024,0.3220443328703059,0.32555187016549764,200.0,0.0024937655860349127,0.0,0.3263657498409114,32.591375770020534,True,0.9892258726899384,3.0
641856,2024,0.29596894282140945,0.29672873899703434,279.2,0.6086105675146771,0.27767251027505896,0.3263611746597061,29.853524982888434,True,0.9974394250513346,1866.0
641857,2024,0.3342958777827307,0.33484248923846904,573.2,0.8590059922453296,0.3365008757581827,0.3247387693671135,29.544147843942504,True,0.9983675564681724,7311.0
641907,2024,0.32549638596585956,0.32555187016549764,200.0,0.0024937655860349127,0.0,0.3263657498409114,29.05681040383299,True,0.999829568788501,3.0
641914,2024,0.29137354570246116,0.2918595787998054,229.3,0.5330739299610895,0.2679126312526271,0.3191990105828339,29.555099247091032,True,0.9983347022587269,1370.0
641924,2024,0.319758426210101,0.31999168503594855,200.0,0.10112359550561797,0.26333333121405705,0.3263657498409114,29.242984257357975,True,0.999271047227926,135.0
641927,2024,0.3270412732252019,0.326980845553539,200.0,0.004975124378109453,0.44999998807907104,0.3263657498409114,28.969199178644764,True,1.0001848049281314,6.0
641929,2024,0.32135792085176007,0.3247420396426979,200.0,0.004975124378109453,0.0,0.3263657498409114,32.473648186173854,True,0.9895790554414784,6.0
641933,2024,0.34094840604276694,0.34097291128279755,371.3,0.7890295358649789,0.3454381998534585,0.3242727320285257,29.023956194387406,True,0.9999281314168378,4488.0
641941,2024,0.3206991012723618,0.3247420396426979,200.0,0.004975124378109453,0.0,0.3263657498409114,33.14989733059548,True,0.9875503080082135,6.0
641943,2024,0.30637710436057436,0.3062299630641534,336.9,0.577762139338494,0.2907252816347751,0.32744553548668603,28.919917864476385,True,1.0004804928131417,1642.0
641999,2024,0.32491953818226343,0.32567320080507106,200.0,0.007444168734491315,0.23333332935969034,0.3263657498409114,29.77138945927447,True,0.9976858316221766,9.0
642020,2024,0.2930421224844662,0.293521279398474,206.0,0.16666666666666666,0.17118643906156897,0.31798824746585497,29.544147843942504,True,0.9983675564681724,240.0
642028,2024,0.3180389716167445,0.3189709956965725,200.0,0.033816425120772944,0.10769230585831863,0.3263657498409114,29.973990417522245,True,0.9970780287474332,42.0
642073,2024,0.32212455099026455,0.32555187016549764,200.0,0.0024937655860349127,0.0,0.3263657498409114,32.50924024640657,True,0.9894722792607803,3.0
642082,2024,0.3061130031478114,0.3064320196446489,200.0,0.17184265010351968,0.21036585002410702,0.3263657498409114,29.347022587268995,True,0.998958932238193,249.0
642086,2024,0.30606616047722307,0.3061057593742263,508.2,0.8069808589351778,0.3011412818091033,0.3268614126610778,29.04312114989733,True,0.9998706365503081,5017.0
642092,2024,0.3149219249941264,0.3153538367171045,200.0,0.0407673860911271,0.05624999850988388,0.3263657498409114,29.456536618754278,True,0.9986303901437371,51.0
642133,2024,0.32061076263053384,0.3208921197868973,435.4,0.8112020138451856,0.32031930412904547,0.32335331773013415,29.29226557152635,True,0.9991232032854209,5156.0
642136,2024,0.31132522484232866,0.31146784769661273,361.6,0.6107687317547843,0.3015483082402133,0.32703325836027963,29.152635181382614,True,0.9995420944558522,1883.0
642137,2024,0.316502166759705,0.3171945235945737,226.2,0.22978177150192555,0.2909217826480972,0.32503255797693914,29.727583846680357,True,0.9978172484599589,358.0
642162,2024,0.28901239719995847,0.2914656160090366,200.0,0.41262848751835535,0.24178571019853864,0.3263657498409114,31.805612594113622,True,0.9915831622176592,843.0
642165,2024,0.2962202301712559,0.29649480749811763,219.2,0.5859213250517599,0.27806242257883185,0.3225766321589071,29.308692676249144,True,0.9990739219712526,1698.0
642180,2024,0.30180595454065684,0.3023516775891185,243.8,0.531615925058548,0.28426704377231715,0.32287773697118805,29.60164271047228,True,0.9981950718685831,1362.0
642201,2024,0.2924278066021244,0.29331860375809615,220.2,0.5026937422295897,0.2636438540850212,0.3233148298859627,30.012320328542096,True,0.9969630390143737,1213.0
642203,2024,0.3179907524832011,0.31864439879613193,200.0,0.0430622009569378,0.14705882002325618,0.3263657498409114,29.683778234086244,True,0.9979486652977413,54.0
642211,2024,0.30597596113465825,0.30572359791830683,200.0,0.25512104283054005,0.24545454120997226,0.3263657498409114,28.862422997946613,True,1.0008254620123203,411.0
642215,2024,0.33792095741063755,0.33873545271892064,211.0,0.08396946564885496,0.44545453786849976,0.32895286991354256,29.801505817932924,True,0.9975954825462012,110.0
642221,2024,0.3069092860737608,0.3070978327924568,200.0,0.14163090128755365,0.19032257795333862,0.3263657498409113,29.204654346338124,True,0.9993860369609856,198.0
642232,2024,0.31974315332320924,0.32313440578308056,200.0,0.009900990099009901,0.0,0.3263657498409114,32.498288843258045,True,0.9895051334702258,12.0
642336,2024,0.3066807688002493,0.30608619479557453,310.2,0.7031172686788718,0.29871944135288725,0.3235331225323388,28.67624914442163,True,1.0019425051334703,2842.0
642350,2024,0.30627108520517077,0.3061642106347234,416.9,0.7368421052631579,0.29963442812058705,0.32444760167430503,28.941820670773442,True,1.0003490759753593,3360.0
642423,2024,0.2810938484452493,0.2798011327395737,209.6,0.46879150066401065,0.23047888624769922,0.32332801526865296,28.229979466119097,True,1.0046201232032854,1059.0
642451,2024,0.3136500686886994,0.3127753253762508,200.5,0.01639344262295082,0.0,0.31798824746585497,28.53388090349076,True,1.0027967145790555,20.0
642456,2024,0.31211434812285443,0.3114122318383401,208.5,0.23273657289002558,0.287912083196116,0.3185406102598147,28.62422997946612,True,1.0022546201232032,364.0
642545,2024,0.32597562951689046,0.3239362281299369,200.0,0.007444168734491315,0.0,0.3263657498409114,27.95071868583162,True,1.0062956878850102,9.0
642547,2024,0.30447158727535073,0.3027842026225426,200.0,0.1031390134529148,0.0977272702889009,0.3263657498409114,28.071184120465436,True,1.0055728952772074,138.0
642701,2024,0.32626906073259887,0.3247420396426979,200.0,0.004975124378109453,0.0,0.3263657498409114,28.216290212183434,True,1.0047022587268994,6.0
642708,2024,0.3212391299524346,0.3204902226149893,542.7,0.85877368482994,0.319895259746636,0.3241080926569675,28.61054072553046,True,1.0023367556468172,7297.0
642715,2024,0.33488278133571575,0.33453519446015756,584.7,0.8606918969120038,0.33612641134299764,0.32470412615234373,28.826830937713893,True,1.0010390143737167,7414.0
642721,2024,0.30402620323782054,0.3047941342495746,203.3,0.4587280108254398,0.28062390398370257,0.3252784043999011,29.83983572895277,True,0.9974804928131417,1017.0
642727,2024,0.3023317028110656,0.30047946593889197,222.4,0.5805662355819643,0.2850426156195662,0.3218466395892253,27.972621492128678,True,1.0061642710472278,1661.0
642731,2024,0.3335828439351341,0.3322932459170985,519.1,0.8127925117004681,0.33415686864929084,0.3242020172214969,28.35318275154004,True,1.0038809034907599,5210.0
642736,2024,0.29913747505066574,0.29878286212600697,200.0,0.1935483870967742,0.1838541633139054,0.3263657498409114,28.802190280629706,True,1.0011868583162218,288.0
642851,2024,0.2897894202118753,0.29380434405101186,290.2,0.6065573770491803,0.27410541364957486,0.32417352841989383,33.555099247091036,True,0.9863347022587269,1850.0
643217,2024,0.33047730121038155,0.3314566979008936,562.6,0.8500562289141572,0.33259910040581503,0.3249802277000768,29.984941820670773,True,0.9970451745379877,6803.0
643230,2024,0.3209699062252766,0.3240513887329196,200.0,0.0196078431372549,0.20833333333333334,0.3263657498409114,32.16974674880219,True,0.9904907597535935,24.0
643256,2024,0.3199922705495255,0.3247420396426979,200.0,0.004975124378109453,0.0,0.3263657498409114,33.87542778918549,True,0.9853737166324436,6.0
643265,2024,0.3268055003066552,0.33129188632370826,475.4,0.803632793323515,0.3329834192559204,0.32436928779863,33.51403148528405,True,0.9864579055441478,4911.0
643269,2024,0.3177191032024088,0.3183119346700592,200.0,0.13978494623655913,0.2687499951571226,0.3263657498409114,29.620807665982205,True,0.9981375770020534,195.0
643271,2024,0.31574272260540964,0.3156843825757755,200.9,0.02912621359223301,0.23888888623979357,0.31798824746585497,28.969199178644764,True,1.0001848049281314,36.0
643289,2024,0.3116788267387489,0.31256903876496456,485.5,0.7782295324339309,0.3087849109145794,0.3258481740799412,29.949349760438057,True,0.9971519507186858,4211.0
643290,2024,0.3274852079871557,0.3270379651026416,200.0,0.007444168734491315,0.4166666666666667,0.3263657498409114,28.772073921971252,True,1.0013675564681725,9.0
643348,2024,0.30855157901583186,0.308921396622055,205.3,0.09228441754916793,0.1932190738829344,0.3206844661005322,29.399041752224505,True,0.9988028747433265,122.0
643376,2024,0.3461151770510555,0.3463335022773371,376.1,0.7237569060773481,0.3545235310711708,0.3248756268374928,29.21013004791239,True,0.9993696098562628,3144.0
643377,2024,0.3233488858518286,0.3239362281299369,200.0,0.007444168734491315,0.0,0.3263657498409114,29.60438056125941,True,0.9981868583162218,9.0
643393,2024,0.3037948112210512,0.3071724466456663,465.3,0.8213754093480202,0.3035217992754242,0.3239593401364961,32.6652977412731,True,0.9890041067761807,5518.0
643396,2024,0.3058073493382079,0.3060581033078585,435.6,0.8342541436464088,0.3024772103133808,0.32408193138006286,29.27310061601643,True,0.9991806981519508,6040.0
643418,2024,0.3156746821412578,0.3154039658010015,200.0,0.23224568138195778,0.27916666318972905,0.3263657498409114,28.856947296372347,True,1.000858316221766,363.0
643436,2024,0.3221498166071535,0.32529657671579437,200.0,0.022004889975550123,0.2777777711550395,0.3263657498409114,32.224503764544835,True,0.9903264887063655,27.0
643446,2024,0.33248578737424334,0.33573629379154757,584.0,0.852180339985218,0.33765567199432567,0.32467107845253174,32.22724161533196,True,0.9903182751540041,6918.0
643524,2024,0.3301298268776605,0.3331307397219318,229.2,0.6184419713831478,0.3404083531955886,0.321334941216713,32.002737850787135,True,0.9909917864476386,1945.0
643565,2024,0.3233624670339982,0.3278616443839321,400.5,0.6823716251985177,0.3276213658174166,0.3283778428376629,33.57426420260096,True,0.9862772073921972,2578.0
643778,2024,0.3207207338909883,0.32555187016549764,200.0,0.0024937655860349127,0.0,0.3263657498409114,33.946611909650926,True,0.9851601642710472,3.0
644374,2024,0.29436198848038353,0.29412885965117336,275.0,0.6333638863428047,0.2768412024671995,0.32399328743648814,28.867898699520875,True,1.0007926078028748,2073.0
644433,2024,0.31874993376453964,0.3190165451277162,208.4,0.1111111111111111,0.2563333304723104,0.3268519469596419,29.27857631759069,True,0.9991642710472279,150.0
645261,2024,0.29287053250565104,0.29254254845748306,200.0,0.13793103448275862,0.08114753981105617,0.3263657498409114,28.813141683778234,True,1.0011211498973307,192.0
645277,2024,0.3476542397971411,0.34450628707133524,565.4,0.8485995457986374,0.34774959056908666,0.32632757096643855,27.477070499657767,True,1.0091375770020534,6726.0
645302,2024,0.303146999441936,0.29975794960512736,303.7,0.7371303395399781,0.2915419270950126,0.3227970460605743,27.11567419575633,True,1.011305954825462,3365.0
645305,2024,0.33240206212474704,0.32932252459496175,200.0,0.009900990099009901,0.625,0.3263657498409114,27.44147843942505,True,1.0093511293634496,12.0
645444,2024,0.28749102900268536,0.2846654178529906,274.4,0.48186528497409326,0.2422844645968116,0.32407970438123695,27.345653661875428,True,1.0099260780287473,1116.0
645801,2024,0.3205256274284221,0.3234258340346424,340.4,0.6326905417814509,0.3222094984755312,0.3255209720352115,31.98904859685147,True,0.9910328542094455,2067.0
646240,2024,0.3741975413899445,0.37126250923276555,589.4,0.8678559629996696,0.37833228487405773,0.3248317577085794,27.682409308692677,True,1.007905544147844,7881.0
647304,2024,0.348034612131616,0.3439537806235201,500.4,0.8165418131784131,0.34838175405289645,0.3242456088849373,27.02258726899384,True,1.011864476386037,5341.0
647315,2024,0.3271279267429886,0.3247420396426979,200.0,0.004975124378109453,0.0,0.3263657498409114,27.77549623545517,True,1.007347022587269,6.0
647351,2024,0.30500157301231,0.3023284186576084,245.7,0.6873371547681084,0.2933812235098094,0.3219973359908533,27.526351813826146,True,1.0088418891170432,2638.0
649557,2024,0.29691938744221735,0.3013618446970013,407.0,0.7734994337485843,0.29456015902098387,0.3245896012806006,33.91375770020534,True,0.985258726899384,4098.0
649966,2024,0.340728803020182,0.33683753409448264,335.7,0.7901731071865711,0.3404131498193141,0.32337236121072155,27.07460643394935,True,1.011552361396304,4519.0
650331,2024,0.2934644899114368,0.29103936110779116,217.4,0.47368421052631576,0.2577865234753522,0.32096691497698615,27.61122518822724,True,1.0083326488706366,1080.0
650333,2024,0.35876624025292797,0.35498603983692323,572.8,0.8531930511377539,0.36020974438286346,0.3246276102507675,27.225188227241617,True,1.0106488706365504,6974.0
650339,2024,0.29736754873273497,0.29550230420883766,207.7,0.20424403183023873,0.2078947330776014,0.31798824746585497,27.94798083504449,True,1.0063121149897332,308.0
650347,2024,0.3290507171643605,0.32555187016549764,200.0,0.0024937655860349127,0.0,0.3263657498409114,27.208761122518823,True,1.0107474332648871,3.0
650391,2024,0.34440678043641787,0.3415161651738987,477.2,0.789362822538178,0.34583384207043383,0.3253356710041334,27.589322381930184,True,1.008464065708419,4497.0
650402,2024,0.3379173617707148,0.3349939036790598,596.9,0.8597475455820477,0.3366612305912278,0.3247731897074697,27.54551676933607,True,1.0087268993839835,7356.0
650489,2024,0.3117236898834215,0.3083639788530431,452.2,0.8079385403329066,0.3044437250811373,0.3248551797201934,27.184120465434635,True,1.0108952772073923,5048.0
650490,2024,0.3667491966849291,0.3710856410030988,560.8,0.8533545154588782,0.37904542747729536,0.3247663168786703,32.8952772073922,True,0.9883141683778234,6983.0
650496,2024,0.32781001024233347,0.32555187016549764,200.0,0.0024937655860349127,0.0,0.3263657498409114,27.84394250513347,True,1.0069363449691993,3.0
650559,2024,0.32625280847237986,0.3234144646898655,552.0,0.8137224464452033,0.3229007776535671,0.325658420893429,27.537303216974674,True,1.008776180698152,5242.0
650619,2024,0.3099143875604374,0.3069133172996958,209.5,0.21052631578947367,0.262812495790422,0.31867353636883544,27.370294318959616,True,1.0097782340862422,320.0
650644,2024,0.32643305337128375,0.32648333314538214,200.0,0.004975124378109453,0.3499999940395355,0.3263657498409114,29.05133470225873,True,0.9998459958932238,6.0
650668,2024,0.3267157842920761,0.32346782197288226,200.0,0.0196078431372549,0.17857142857142858,0.3263657498409114,27.326488706365502,True,1.010041067761807,24.0
650828,2024,0.3219320275023638,0.32555187016549764,200.0,0.0024937655860349127,0.0,0.3263657498409114,32.70636550308008,True,0.9888809034907597,3.0
650859,2024,0.32767161441807824,0.3244405331332807,473.6,0.8012916045702931,0.32454564874473774,0.3240166544300804,27.340177960301162,True,1.009958932238193,4839.0
650907,2024,0.30945627335773124,0.30698401197179004,263.3,0.42363112391930835,0.2827097465391873,0.32482559706475306,27.65776865160849,True,1.008053388090349,882.0
650968,2024,0.32673738768255406,0.3229482170212412,200.0,0.16142557651991615,0.3051947997762011,0.32636574984091143,27.044490075290895,True,1.0117330595482545,231.0
655316,2024,0.32536521552197345,0.3216703004080461,358.0,0.5683453237410072,0.3161392349608337,0.3289528699135425,27.085557837097877,True,1.0114866529774127,1580.0
655889,2024,0.3277030527490553,0.32555187016549764,200.0,0.0024937655860349127,0.0,0.3263657498409114,27.89869952087611,True,1.0066078028747434,3.0
656024,2024,0.31790300574220987,0.315635871698674,228.3,0.2192582953806116,0.27655786010561073,0.3266102799543926,27.802874743326488,True,1.007182751540041,337.0
656180,2024,0.32231799759927643,0.3204165523502166,294.5,0.5959595959595959,0.31758983476202424,0.3245859607928004,28.01095140314853,True,1.005934291581109,1770.0
656185,2024,0.3102475731835063,0.3123971478083643,227.4,0.40594059405940597,0.29932259241783477,0.3213314273252262,31.293634496919918,True,0.9931190965092402,820.0
656212,2024,0.3260452116032433,0.32555187016549764,200.0,0.0024937655860349127,0.0,0.3263657498409114,28.747433264887064,True,1.0015154004106777,3.0
656248,2024,0.3650703624486812,0.3631598582253274,231.2,0.33444259567387685,0.4452736259099856,0.3218976899637867,28.123203285420946,True,1.0052607802874742,603.0
656252,2024,0.31799875698656616,0.3162674040110151,201.7,0.42992874109263657,0.3037119882697829,0.3257362800491944,28.087611225188226,True,1.0054743326488707,905.0
656302,2024,0.3284114622852349,0.32744191149186475,200.0,0.0196078431372549,0.3812499940395355,0.3263657498409114,28.50650239561944,True,1.0029609856262833,24.0
656305,2024,0.3283926058240568,0.3305476133649887,557.5,0.8593365373344274,0.3315333942409434,0.32452531369696874,31.173169062286107,True,0.9934804928131417,7331.0
656308,2024,0.2955894489037266,0.29538928778469387,290.6,0.6805111821086262,0.2832403184804959,0.32126659240263544,28.8870636550308,True,1.0006776180698151,2556.0
656322,2024,0.32284651406989234,0.32555187016549764,200.0,0.0024937655860349127,0.0,0.3263657498409114,31.770020533880903,True,0.9916899383983573,3.0
656353,2024,0.3221659986613775,0.3207525796962274,200.0,0.0171990171990172,0.0,0.3263657498409114,28.265571526351813,True,1.0044065708418892,21.0
656354,2024,0.32493787248597866,0.32729750604599406,200.0,0.0024937655860349127,0.699999988079071,0.3263657498409114,31.4031485284052,True,0.9927905544147844,3.0
656364,2024,0.3127894249173696,0.3128684450790631,200.0,0.07192575406032482,0.13870967395843997,0.3263657498409114,29.084188911704313,True,0.999747433264887,93.0
656371,2024,0.28909382542406087,0.28752924125705637,213.0,0.4454713493530499,0.2387507424137019,0.3267146353278845,28.093086926762492,True,1.005441478439425,964.0
656388,2024,0.3227661524101067,0.3223359299163785,201.1,0.03536977491961415,0.44090908765792847,0.31798824746585497,28.777549623545518,True,1.001334702258727,44.0
656403,2024,0.3170184902895315,0.31622241496971043,216.2,0.2779783393501805,0.2909697981173883,0.3259446724578544,28.580424366872005,True,1.002517453798768,462.0
656413,2024,0.3269846901197971,0.3255927310519323,338.5,0.5954146999325691,0.32521657021257827,0.32614631442051495,28.28747433264887,True,1.0042751540041068,1766.0
656427,2024,0.3239942788249816,0.3234297710111018,200.0,0.06103286384976526,0.2782608659371086,0.3263657498409114,28.709103353867214,True,1.0017453798767968,78.0
656448,2024,0.3501142096216576,0.3492865368013931,343.9,0.584918713248011,0.36526216756086805,0.3267742104561664,28.605065023956193,True,1.0023696098562629,1691.0
656457,2024,0.31618101612359795,0.3176309000884782,200.0,0.0267639902676399,0.0,0.3263657498409114,30.521560574948666,True,0.995435318275154,33.0
656467,2024,0.31431807406018475,0.3156448193274606,200.0,0.0990990990990991,0.21818181465972553,0.3263657498409114,30.401095140314855,True,0.9957967145790554,132.0
656484,2024,0.33850402538245344,0.33703546428346065,202.5,0.02040816326530612,0.7249999940395355,0.32895286991354244,28.27378507871321,True,1.0043572895277206,25.0
656494,2024,0.32165143782224853,0.32313440578308056,200.0,0.009900990099009901,0.0,0.3263657498409114,30.529774127310063,True,0.9954106776180698,12.0
656495,2024,0.32589808308224294,0.3249625645698673,216.8,0.17355371900826447,0.3291666607062022,0.32407970438123695,28.520191649555098,True,1.0028788501026693,252.0
656509,2024,0.3201560087434126,0.3199444643542502,201.4,0.06904577191621412,0.3044381986843066,0.3210945123914377,28.889801505817932,True,1.0006611909650924,89.0
656514,2024,0.3189651211324513,0.31747228431299185,222.0,0.22978177150192555,0.2907821170056111,0.3254348508930271,28.216290212183434,True,1.0047022587268994,358.0
656529,2024,0.327601443130441,0.32555187016549764,200.0,0.0024937655860349127,0.0,0.3263657498409114,27.95071868583162,True,1.0062956878850102,3.0
656537,2024,0.29724571986383636,0.29635847007048366,234.2,0.4708994708994709,0.26520538129912297,0.3240847190769947,28.501026694045173,True,1.002993839835729,1068.0
656541,2024,0.3077612402136369,0.309016978613382,259.0,0.6134020618556701,0.29996735442144523,0.3233757156645884,30.354551676933607,True,0.9959363449691991,1904.0
656546,2024,0.31606491060927056,0.318428605493995,200.0,0.038461538461538464,0.1199999968210856,0.3263657498409114,31.474332648870636,True,0.9925770020533881,48.0
656548,2024,0.3224348046724838,0.3206007314939578,200.0,0.024390243902439025,0.0899999976158142,0.3263657498409114,28.046543463381244,True,1.0057207392197125,30.0
656555,2024,0.3475691057566374,0.34997147669419115,274.5,0.7821746233436195,0.3581588253661052,0.32057207217145955,31.288158795345655,True,0.9931355236139631,4309.0
656557,2024,0.32749983351182677,0.32555187016549764,200.0,0.0024937655860349127,0.0,0.3263657498409114,28.00273785078713,True,1.0059835728952773,3.0
656568,2024,0.3237569418646436,0.32233654305275194,200.0,0.012345679012345678,0.0,0.3263657498409114,28.265571526351813,True,1.0044065708418892,15.0
656577,2024,0.30086038439845436,0.29998691121549015,201.2,0.2945326278659612,0.23872654315002426,0.32556311488282214,28.514715947980836,True,1.002911704312115,501.0
656578,2024,0.32475472245437886,0.32313440578308056,200.0,0.009900990099009901,0.0,0.3263657498409114,28.164271047227928,True,1.0050143737166324,12.0
656582,2024,0.33336537169892777,0.33626191944445033,482.7,0.8020128691635043,0.33918957960910756,0.32440245606078466,31.871321013004792,True,0.9913860369609856,4861.0
656605,2024,0.3137415034234285,0.3123139656666033,200.0,0.07407407407407407,0.13666666348775228,0.3263657498409114,28.238193018480494,True,1.004570841889117,96.0
656627,2024,0.31652730556384645,0.31618839315885894,202.1,0.06542056074766354,0.29047618877320064,0.31798824746585497,28.82135523613963,True,1.001071868583162,84.0
656629,2024,0.3271789610319921,0.32555187016549764,200.0,0.0024937655860349127,0.0,0.3263657498409114,28.16700889801506,True,1.0049979466119097,3.0
656669,2024,0.3141413533087356,0.31580858920781835,268.4,0.6237064910630291,0.3114646206662536,0.32300871706546197,30.759753593429156,True,0.9947207392197125,1989.0
656686,2024,0.3263255210821579,0.3253621284963433,200.0,0.009900990099009901,0.22499999403953552,0.3263657498409114,28.50650239561944,True,1.0029609856262833,12.0
656695,2024,0.31200802508767095,0.3113112504204056,207.1,0.19137466307277629,0.28309858684808437,0.31798824746585497,28.62696783025325,True,1.0022381930184805,284.0
656716,2024,0.30472143405922786,0.30487856859869045,477.5,0.7621878715814506,0.2981336320446229,0.3264960902544769,29.17180013689254,True,0.9994845995893223,3846.0
656731,2024,0.3207685898073683,0.32062506565067045,200.0,0.07192575406032482,0.24655172126046543,0.3263657498409114,28.92539356605065,True,1.000447638603696,93.0
656756,2024,0.3207039307761331,0.32313440578308056,200.0,0.009900990099009901,0.0,0.3263657498409114,31.50718685831622,True,0.9924784394250513,12.0
656775,2024,0.33319702071361124,0.3339451401137428,500.7,0.8545101842870999,0.3356336753449354,0.324027809855872,29.746748802190282,True,0.9977597535934292,7048.0
656794,2024,0.32274490943996714,0.3247420396426979,200.0,0.004975124378109453,0.0,0.3263657498409114,31.04996577686516,True,0.9938501026694045,6.0
656811,2024,0.32204475853488845,0.32391976844711107,401.0,0.7277059223961879,0.3230084912990061,0.3263551566254216,30.92950034223135,True,0.994211498973306,3207.0
656818,2024,0.3258934254074559,0.32779625913347304,200.0,0.0024937655860349127,0.8999999761581421,0.3263657498409114,30.934976043805612,True,0.9941950718685831,3.0
656821,2024,0.2965731380838964,0.2947321214239954,207.4,0.15552427867698804,0.1484162877587711,0.32167862079067416,27.958932238193018,True,1.0062464065708419,221.0
656847,2024,0.30712876085937013,0.306302310682293,200.0,0.375,0.2728632454179291,0.3263657498409114,28.550308008213552,True,1.0026981519507188,720.0
656849,2024,0.3166205306097969,0.31628670849856844,200.0,0.047619047619047616,0.11470588165171006,0.3263657498409114,28.824093086926762,True,1.0010554414784394,60.0
656876,2024,0.32550242838748134,0.3253621284963433,200.0,0.009900990099009901,0.22499999403953552,0.3263657498409114,28.928131416837783,True,1.0004312114989733,12.0
656883,2024,0.3288545698402991,0.3278514923790163,200.0,0.004975124378109453,0.625,0.3263657498409114,28.490075290896645,True,1.00305954825462,6.0
656887,2024,0.3285494814120179,0.3282246266480664,200.0,0.004975124378109453,0.699999988079071,0.3263657498409114,28.83504449007529,True,1.0009897330595483,6.0
656896,2024,0.3143660595605605,0.3124962156745734,386.4,0.7294250281848929,0.30828438474000697,0.3238506099023422,28.00273785078713,True,1.0059835728952773,3235.0
656941,2024,0.3583547315081294,0.36086746575117296,662.8,0.8752209628782365,0.36603780812730996,0.3246018226012184,31.32101300479124,True,0.9930369609856263,8417.0
656954,2024,0.32868490589443194,0.326980845553539,200.0,0.004975124378109453,0.44999998807907104,0.3263657498409114,28.13141683778234,True,1.0052114989733059,6.0
656976,2024,0.31868664982442313,0.31753777598195865,347.2,0.7664460879719736,0.3153267222536554,0.32479371730034046,28.396988364134156,True,1.003618069815195,3938.0
657006,2024,0.3208683034462264,0.3208142854351264,200.0,0.031476997578692496,0.14999999602635702,0.3263657498409114,28.971937029431896,True,1.0001683778234087,39.0
657011,2024,0.32256156073600645,0.32141976158294994,200.0,0.047619047619047616,0.2224999964237213,0.3263657498409114,28.407939767282684,True,1.003552361396304,60.0
657041,2024,0.336086883767723,0.335793150949849,595.8,0.8419805109296813,0.3378425056080468,0.3248735062127519,28.854209445585216,True,1.0008747433264886,6394.0
657053,2024,0.31770128297689554,0.3158580211777433,200.0,0.0430622009569378,0.08235293977400836,0.3263657498409114,28.027378507871322,True,1.005835728952772,54.0
657061,2024,0.3052216163853861,0.30338634702535183,211.3,0.36675461741424803,0.26863308904839933,0.32351427560367013,27.991786447638603,True,1.0060492813141684,695.0
657077,2024,0.3357259883975642,0.33397450812293183,565.4,0.8626845176793684,0.3354768304073168,0.32453616837128335,28.125941136208077,True,1.0052443531827515,7539.0
657088,2024,0.34278620537709487,0.3419870651714171,208.0,0.0625,0.5374999940395355,0.3289528699135425,28.61054072553046,True,1.0023367556468172,80.0
657097,2024,0.32291561572774646,0.3247420396426979,200.0,0.004975124378109453,0.0,0.3263657498409114,30.874743326488705,True,0.9943757700205339,6.0
657108,2024,0.30167168457515864,0.3001910707109947,200.0,0.20634920634920634,0.19951922790362284,0.3263657498409114,28.177960301163587,True,1.0049322381930186,312.0
657129,2024,0.3191233598896544,0.3169819418431167,200.6,0.0196078431372549,0.2666666607062022,0.31798824746585497,27.874058863791923,True,1.0067556468172485,24.0
657136,2024,0.31348838303601856,0.3118325330759888,407.1,0.6552714737144498,0.3034173047807637,0.3278284795271626,28.11498973305955,True,1.0053100616016426,2281.0
657140,2024,0.3267281909283045,0.32622846518902116,200.0,0.009900990099009901,0.3125,0.3263657498409114,28.744695414099933,True,1.0015318275154004,12.0
657141,2024,0.3286741631972475,0.326980845553539,200.0,0.004975124378109453,0.44999998807907104,0.3263657498409114,28.136892539356605,True,1.0051786447638604,6.0
657193,2024,0.3007681173304386,0.30573457779227575,202.7,0.21568627450980393,0.2406820541609406,0.3236240217908929,34.41478439425051,True,0.9837556468172485,330.0
657228,2024,0.3234775632802337,0.32555187016549764,200.0,0.0024937655860349127,0.0,0.3263657498409114,31.123887748117728,True,0.9936283367556468,3.0
657247,2024,0.315246730680418,0.3171109785894562,210.9,0.09159727479182438,0.21404958460941786,0.32750300248244335,30.9596167008898,True,0.9941211498973306,121.0
657277,2024,0.3098121125010994,0.30725689601473455,200.0,0.12663755458515283,0.1754716972135148,0.3263657498409114,27.613963039014372,True,1.0083162217659138,174.0
657376,2024,0.3277396571008533,0.32648333314538214,200.0,0.004975124378109453,0.3499999940395355,0.3263657498409114,28.358658453114305,True,1.0038480492813142,6.0
657434,2024,0.31559425061687024,0.31857657216201735,200.0,0.13232104121475055,0.2674999972184499,0.3263657498409114,32.120465434633815,True,0.9906386036960986,183.0
657557,2024,0.28236442993332256,0.2839919897761671,423.8,0.7761611639619473,0.27196586997255173,0.32569256019520326,30.910335386721425,True,0.9942689938398357,4161.0
657656,2024,0.31743205148501086,0.31834918476267415,440.3,0.7961264016309888,0.31671207064856155,0.32474211537828407,29.960301163586585,True,0.9971190965092402,4686.0
657709,2024,0.2911278402553662,0.2899833883612587,210.3,0.2555831265508685,0.20841583757117244,0.31798824746585497,28.34223134839151,True,1.003946611909651,412.0
657746,2024,0.3265571275932264,0.3247420396426979,200.0,0.004975124378109453,0.0,0.3263657498409114,28.0684462696783,True,1.00558932238193,6.0
657757,2024,0.31118684314477413,0.30967471486561515,413.0,0.766218585622443,0.30530273646325096,0.3240038740793637,28.186173853524984,True,1.00488295687885,3933.0
658069,2024,0.3037898586382493,0.30595541989570413,200.0,0.4152046783625731,0.2772084763109052,0.3263657498409114,31.359342915811087,True,0.9929219712525668,852.0
658431,2024,0.32841966795401917,0.32555187016549764,200.0,0.0024937655860349127,0.0,0.3263657498409114,27.531827515400412,True,1.0088090349075975,3.0
658551,2024,0.3288154106791485,0.32555187016549764,200.0,0.0024937655860349127,0.0,0.3263657498409114,27.329226557152634,True,1.0100246406570843,3.0
658648,2024,0.3285640605699447,0.32555187016549764,200.0,0.0024937655860349127,0.0,0.3263657498409114,27.457905544147845,True,1.0092525667351129,3.0
658668,2024,0.33615701480967575,0.33478624730019607,409.9,0.7111218103033221,0.3383238603699217,0.3260778231268882,28.317590691307323,True,1.004094455852156,2954.0
659275,2024,0.31961790465735546,0.32247248138683937,200.0,0.0171990171990172,0.09999999829701015,0.3263657498409114,31.95071868583162,True,0.9911478439425051,21.0
660162,2024,0.3203915506339852,0.32048302320118227,421.8,0.8186215235792019,0.31958428195730415,0.3245393420152188,29.09514031485284,True,0.9997145790554415,5416.0
660271,2024,0.3978109910779643,0.39899322356586064,566.1,0.8632634457611669,0.41080165314750444,0.3244426714737493,29.987679671457904,True,0.9970369609856263,7576.0
660294,2024,0.2877531775252949,0.2908896488727919,219.3,0.564902102973169,0.266762571034551,0.3222146382661081,32.59411362080767,True,0.989217659137577,1558.0
660546,2024,0.32824318809011016,0.32555187016549764,200.0,0.0024937655860349127,0.0,0.3263657498409114,27.62217659137577,True,1.0082669404517455,3.0
660620,2024,0.29533911094788606,0.2899602588363308,237.1,0.3746743095362168,0.23040747880050036,0.32564229954113255,25.908281998631075,True,1.0185503080082134,719.0
660623,2024,0.32830722763429915,0.3226766200023082,200.0,0.07407407407407407,0.27656249701976776,0.3263657498409114,26.091718001368925,True,1.0174496919917864,96.0
660634,2024,0.2989279107861844,0.2939150596860765,216.3,0.38303341902313626,0.24291898900280812,0.3255751202352723,26.157426420260094,True,1.0170554414784394,745.0
660636,2024,0.3077921392916368,0.30355237895963794,228.8,0.4865211810012837,0.2882657448242521,0.31803646480291603,26.67214236824093,True,1.0139671457905544,1137.0
660644,2024,0.27566384300295477,0.27140934820986623,258.4,0.49022939677145283,0.21823527534025058,0.3225450816194799,26.38740588637919,True,1.0156755646817248,1154.0
660650,2024,0.31862405959258083,0.3138740559127513,212.5,0.29411764705882354,0.3039999961853027,0.31798824746585497,26.477754962354553,True,1.0151334702258727,500.0
660670,2024,0.3998610714067297,0.3940275222579012,631.0,0.8543689320388349,0.40577149690523234,0.3251295376602251,26.532511978097194,True,1.0148049281314169,7040.0
660688,2024,0.3229251056502486,0.3171154464848728,524.3,0.8009950248756219,0.3151896494605727,0.32486677950768067,25.946611909650922,True,1.0183203285420945,4830.0
660707,2024,0.32489750730835737,0.3189083174290835,372.0,0.6546762589928058,0.315491330389059,0.32538635535912985,25.869952087611225,True,1.0187802874743326,2275.0
660731,2024,0.32228681304994533,0.31689760168010017,200.0,0.0407673860911271,0.09411764495513018,0.3263657498409114,26.16563997262149,True,1.017006160164271,51.0
660757,2024,0.3221490409443505,0.3173310819708546,331.4,0.6805111821086262,0.3152099796013696,0.32184903001785764,26.469541409993155,True,1.0151827515400411,2556.0
660761,2024,0.3304572082009687,0.32555187016549764,200.0,0.0024937655860349127,0.0,0.3263657498409114,26.48870636550308,True,1.0150677618069814,3.0
660766,2024,0.32421615550951594,0.3191607024121699,260.4,0.5456266565694813,0.31807771939357726,0.32046118452032996,26.360027378507873,True,1.0158398357289529,1441.0
660813,2024,0.33006773562665503,0.3239362281299369,200.0,0.007444168734491315,0.0,0.3263657498409114,25.845311430527037,True,1.0189281314168377,9.0
660821,2024,0.3337466789442333,0.3292614217129323,437.8,0.7761194029850746,0.33052865120385183,0.3248683594777448,26.729637234770706,True,1.0136221765913758,4160.0
660829,2024,0.31388475433486523,0.31244123732463847,206.0,0.36507936507936506,0.2932923701130072,0.32345183597132654,28.229979466119097,True,1.0046201232032854,690.0
661269,2024,0.306883837918756,0.30648484122607156,200.0,0.09502262443438914,0.11714285441807339,0.3263657498409114,28.78302532511978,True,1.0013018480492812,126.0
661388,2024,0.3636046571302928,0.35826525422441835,549.0,0.8125878494455724,0.3658382355629077,0.325430069304285,26.5160848733744,True,1.0149034907597536,5203.0
661531,2024,0.2909320423802697,0.2910677146004223,232.0,0.4379391100702576,0.25478648748749794,0.3193368373925759,29.155373032169745,True,0.9995338809034907,935.0
662139,2024,0.3228175881606432,0.3208817553123727,552.7,0.8388829215896885,0.32020489022581344,0.32440596619639134,27.994524298425734,True,1.0060328542094457,6248.0
663330,2024,0.3127673506411757,0.3088844135168428,205.5,0.18422841604350781,0.22915128764191237,0.3268908111102646,26.90485968514716,True,1.012570841889117,271.0
663368,2024,0.32193149721793135,0.3196356338764532,284.0,0.4117647058823529,0.3063252966806113,0.3289528699135425,27.802874743326488,True,1.007182751540041,840.0
663372,2024,0.32784744536498084,0.32555187016549764,200.0,0.0024937655860349127,0.0,0.3263657498409114,27.824777549623544,True,1.0070513347022587,3.0
663378,2024,0.32740891964254026,0.32555187016549764,200.0,0.0024937655860349127,0.0,0.3263657498409114,28.04928131416838,True,1.0057043121149898,3.0
663399,2024,0.3245016812783724,0.32555187016549764,200.0,0.0024937655860349127,0.0,0.3263657498409114,30.075290896646134,True,0.9967741273100617,3.0
663457,2024,0.35005062582088786,0.3455086415838857,487.0,0.7820955147993462,0.35119080020894156,0.3251144272521227,26.809034907597535,True,1.0131457905544148,4307.0
663460,2024,0.3264680106127833,0.32233654305275194,200.0,0.012345679012345678,0.0,0.3263657498409114,26.863791923340177,True,1.012817248459959,15.0
663465,2024,0.3288723316212335,0.3247420396426979,200.0,0.004975124378109453,0.0,0.3263657498409114,26.88021902806297,True,1.0127186858316222,6.0
663474,2024,0.33108052736657784,0.326980845553539,200.0,0.004975124378109453,0.44999998807907104,0.3263657498409114,26.910335386721425,True,1.0125379876796714,6.0
663478,2024,0.3187005086467496,0.3147796597432535,201.1,0.03536977491961415,0.2272727218541232,0.31798824746585497,26.924024640657084,True,1.0124558521560576,44.0
663527,2024,0.3111923293150295,0.3076633610707965,273.9,0.5284872298624754,0.2941148101410482,0.3228490285712227,27.08829568788501,True,1.01147022587269,1345.0
663531,2024,0.32925393640158906,0.32555187016549764,200.0,0.0024937655860349127,0.0,0.3263657498409114,27.104722792607802,True,1.0113716632443532,3.0
663538,2024,0.3406162679491166,0.3368411569945453,595.7,0.8337489609310058,0.339209127264935,0.3249657860885409,27.132101300479125,True,1.0112073921971252,6018.0
663550,2024,0.31560492736719575,0.3121577317179572,228.0,0.1891891891891892,0.24017856802259172,0.3289528699135425,27.159479808350444,True,1.0110431211498974,280.0
663554,2024,0.3292589496812862,0.32567320080507106,200.0,0.007444168734491315,0.23333332935969034,0.3263657498409114,27.16495550992471,True,1.0110102669404517,9.0
663559,2024,0.3258484890433842,0.32233654305275194,200.0,0.012345679012345678,0.0,0.3263657498409114,27.184120465434635,True,1.0108952772073923,15.0
663567,2024,0.32824818675654044,0.3247420396426979,200.0,0.004975124378109453,0.0,0.3263657498409114,27.200547570157426,True,1.0107967145790555,6.0
663574,2024,0.3269442708028742,0.32346782197288226,200.0,0.0196078431372549,0.17857142857142858,0.3263657498409114,27.208761122518823,True,1.0107474332648871,24.0
663586,2024,0.37560709699682654,0.3716917404699054,636.9,0.8786162249645963,0.3781809603446884,0.32472060394293417,27.24435318275154,True,1.0105338809034907,8686.0
663609,2024,0.32300764484111644,0.31976014244982925,249.5,0.2920353982300885,0.2974747425377971,0.3289528699135425,27.307323750855577,True,1.0101560574948665,495.0
663611,2024,0.3133519553686458,0.31022675524293364,369.8,0.71611071682044,0.3043312818324951,0.3250980869207648,27.32101300479124,True,1.0100739219712525,3027.0
663616,2024,0.3203029728017007,0.31714455170159245,324.0,0.6909605974761782,0.3135686312258246,0.3251397138986633,27.340177960301162,True,1.009958932238193,2683.0
663624,2024,0.33340350198715635,0.33015886069905437,502.4,0.8463311563580485,0.33123659079397233,0.3242232622012937,27.362080766598222,True,1.0098275154004106,6609.0
663630,2024,0.30621042923287234,0.30325015970670055,286.7,0.6219281663516069,0.29041937724245503,0.32435679686038443,27.37303216974675,True,1.0097618069815195,1974.0
663647,2024,0.3245122303811293,0.32146393377705856,518.5,0.8345512201847511,0.32088434252980924,0.32438748862672506,27.419575633127995,True,1.009482546201232,6053.0
663656,2024,0.3694901580637988,0.3660848920250443,627.6,0.8719726875066681,0.3721497994314258,0.3247778184980811,27.449691991786448,True,1.0093018480492812,8173.0
663662,2024,0.31156557028663406,0.3087041930231708,207.0,0.3424657534246575,0.2819999963760376,0.32261262877688607,27.45516769336071,True,1.0092689938398358,625.0
663697,2024,0.34626151727092025,0.34325469076007326,507.6,0.8391852050388636,0.346723727824902,0.32515209901010844,27.540041067761805,True,1.0087597535934292,6262.0
663698,2024,0.30192869038496545,0.2993068362505815,276.6,0.5799789989499475,0.2834355770667118,0.32122239997364166,27.540041067761805,True,1.0087597535934292,1657.0
663728,2024,0.32979470227911123,0.3270320536778165,528.4,0.8078462770216173,0.3275370998776918,0.32490875527917434,27.592060232717316,True,1.008447638603696,5045.0
663731,2024,0.32626162860665225,0.3235601999149598,202.0,0.01639344262295082,0.0,0.3289528699135425,27.60848733744011,True,1.0083490759753593,20.0
663734,2024,0.32121865352912043,0.31855898039913505,200.0,0.02912621359223301,0.058333332339922585,0.3263657498409114,27.60848733744011,True,1.0083490759753593,36.0
663743,2024,0.3014583652107234,0.2990061464246453,386.5,0.6912786210445073,0.2874254448093095,0.32493726745831797,27.633127994524298,True,1.0082012320328542,2687.0
663753,2024,0.3225484913020868,0.3199664214126582,200.0,0.0196078431372549,0.0,0.3263657498409114,27.655030800821354,True,1.0080698151950718,24.0
663757,2024,0.3131356954280007,0.31063910109191495,534.5,0.8468606431852986,0.3081200833966443,0.32456926894676175,27.66050650239562,True,1.0080369609856263,6636.0
663765,2024,0.31810204742033166,0.3155864282937682,200.0,0.047619047619047616,0.09999999735090467,0.3263657498409114,27.67145790554415,True,1.007971252566735,60.0
663776,2024,0.32790222462066176,0.3253621284963433,200.0,0.009900990099009901,0.22499999403953552,0.3263657498409114,27.698836413415467,True,1.0078069815195072,12.0
663796,2024,0.31967459718717656,0.31725511974419923,220.5,0.14590747330960854,0.24878048460658003,0.3289528699135425,27.72895277207392,True,1.0076262833675564,205.0
663799,2024,0.3080099140859949,0.30568370502883496,200.0,0.10714285714285714,0.13333333159486452,0.3263657498409114,27.731690622861056,True,1.0076098562628337,144.0
663837,2024,0.3211983784351308,0.31887653817971956,502.2,0.784521458071467,0.317172203619289,0.32508173625848713,27.786447638603697,True,1.0072813141683779,4369.0
663845,2024,0.3137978161979699,0.3115447145865249,290.2,0.6141479099678456,0.3048732252784528,0.32216350173520636,27.794661190965094,True,1.0072320328542095,1910.0
663853,2024,0.29563176812060576,0.2935426126882088,259.4,0.4594594594594595,0.25769282941778415,0.32401492846806973,27.813826146475016,True,1.0071170431211498,1020.0
663886,2024,0.34366019009020493,0.34134855245978935,476.8,0.7903197623623973,0.3452910721607352,0.3264885386203078,27.871321013004792,True,1.0067720739219712,4523.0
663897,2024,0.29853641295691663,0.2965621736000147,223.1,0.44521497919556174,0.2650028796816032,0.3218885069695399,27.890485968514717,True,1.0066570841889118,963.0
663898,2024,0.3336973456651955,0.33149058493346184,354.1,0.7905393611450515,0.33384216663989563,0.32261532364309614,27.890485968514717,True,1.0066570841889118,4529.0
663905,2024,0.3174705674447344,0.3154019966494605,218.8,0.18311776718856365,0.26022304456030126,0.32777127840944703,27.906913073237508,True,1.006558521560575,269.0
663911,2024,0.3130410197133217,0.3110165383446308,203.1,0.09365558912386707,0.24354838555858982,0.31798824746585497,27.915126625598905,True,1.0065092402464066,124.0
663967,2024,0.31580779334006304,0.3144737016202531,209.5,0.07335907335907337,0.13157894423133448,0.3289528699135425,28.292950034223136,True,1.0042422997946612,95.0
663978,2024,0.30220689644268955,0.3012604314322351,200.0,0.09502262443438914,0.062162160873413086,0.3263657498409114,28.476386036960985,True,1.003141683778234,126.0
663993,2024,0.3520630186953553,0.3520268763055909,662.5,0.8761098492669833,0.35584418865225803,0.32503211582740993,28.982888432580424,True,1.0001026694045174,8486.0
664011,2024,0.32469470187135796,0.3253621284963433,200.0,0.009900990099009901,0.22499999403953552,0.3263657498409114,29.683778234086244,True,0.9979486652977413,12.0
664023,2024,0.3432365596389291,0.3441488721521702,609.6,0.8640072529465095,0.3472068124377985,0.32472075820414537,29.883641341546884,True,0.9973490759753594,7624.0
664029,2024,0.32842857367455563,0.3293286484818026,245.1,0.3762993762993763,0.33908839235648264,0.3234402696774123,29.911019849418206,True,0.9972669404517454,724.0
664034,2024,0.3366740912454525,0.3376523818219428,596.5,0.8671831765356945,0.33963210955995393,0.32472640946584486,29.965776865160848,True,0.9971026694045174,7835.0
664040,2024,0.3386904377092349,0.3396941747059533,444.6,0.8108150717326187,0.34295257670206164,0.32572920681763234,29.984941820670773,True,0.9970451745379877,5143.0
664041,2024,0.3181051734046353,0.3190610462310235,202.7,0.10112359550561797,0.3137036976990876,0.31966374794086627,29.998631074606433,True,0.9970041067761807,135.0
664045,2024,0.3245471382130156,0.32555187016549764,200.0,0.0024937655860349127,0.0,0.3263657498409114,30.028747433264886,True,0.9969137577002053,3.0
664056,2024,0.3150906391883433,0.31611037100116224,406.8,0.7828840238827574,0.3137284752545016,0.3246990900809962,30.075290896646134,True,0.9967741273100617,4327.0
664057,2024,0.3031753733485931,0.30416155630012887,220.0,0.41147621383030897,0.27152140083624676,0.3269824649952931,30.080766598220396,True,0.9967577002053388,839.0
664058,2024,0.29505040127837007,0.29601259416659537,271.3,0.7386759581881533,0.285940437519248,0.3244832236230973,30.083504449007528,True,0.9967494866529775,3392.0
664059,2024,0.31757577571128653,0.3186245542749472,274.1,0.5753715498938429,0.31533451332600704,0.323082559760761,30.09719370294319,True,0.9967084188911705,1626.0
664062,2024,0.32138540978176033,0.3224786587872176,200.0,0.047619047619047616,0.24473683771334195,0.3263657498409114,30.130047912388775,True,0.9966098562628337,60.0
664068,2024,0.3126121323295821,0.31371431960029283,200.0,0.045346062052505964,0.047368419797796955,0.3263657498409114,30.171115674195757,True,0.9964866529774127,57.0
664074,2024,0.3196151265029309,0.3207525796962274,200.0,0.0171990171990172,0.0,0.3263657498409114,30.182067077344286,True,0.9964537987679671,21.0
664076,2024,0.3274181936993083,0.32858883358899393,200.0,0.007444168734491315,0.625,0.3263657498409114,30.187542778918548,True,0.9964373716632443,9.0
664092,2024,0.324287766291816,0.32555187016549764,200.0,0.0024937655860349127,0.0,0.3263657498409114,30.2943189596167,True,0.9961170431211499,3.0
664119,2024,0.31092715574557506,0.31228852853011185,201.6,0.06832298136645963,0.20340908792885867,0.3202730208408704,30.45311430527036,True,0.9956406570841889,88.0
664123,2024,0.32408187311725545,0.32555187016549764,200.0,0.0024937655860349127,0.0,0.3263657498409114,30.50513347022587,True,0.9954845995893223,3.0
664141,2024,0.306214837062237,0.307707883734237,200.0,0.09706546275395034,0.134146338555871,0.3263657498409114,30.61738535249829,True,0.9951478439425051,129.0
664192,2024,0.3173544541721356,0.31933406307650514,200.0,0.0267639902676399,0.06363636255264282,0.3263657498409114,31.066392881587955,True,0.9938008213552362,33.0
664196,2024,0.3227022328680223,0.3247420396426979,200.0,0.004975124378109453,0.0,0.3263657498409114,31.093771389459274,True,0.9937186858316222,6.0
664199,2024,0.3240831995820415,0.32616947869112334,200.0,0.007444168734491315,0.29999999205271405,0.3263657498409114,31.132101300479125,True,0.9936036960985626,9.0
664208,2024,0.32333851853897205,0.32555187016549764,200.0,0.0024937655860349127,0.0,0.3263657498409114,31.266255989048595,True,0.9932012320328543,3.0
664238,2024,0.310889891084396,0.31362753099043367,308.9,0.7150997150997151,0.3094403955045551,0.3241372410599888,31.90965092402464,True,0.991271047227926,3012.0
664247,2024,0.32072325924039463,0.3240549701968124,231.2,0.48253557567917205,0.3264075026009315,0.3218612337299714,32.427104722792606,True,0.9897186858316221,1119.0
664285,2024,0.3207778108989753,0.32233654305275194,200.0,0.012345679012345678,0.0,0.3263657498409114,30.611909650924023,True,0.9951642710472279,15.0
664314,2024,0.31639423775649506,0.31189450309783917,239.0,0.3220338983050847,0.28236841653522693,0.32591939421508004,26.595482546201232,True,1.0144271047227926,570.0
664334,2024,0.30890400871072804,0.3067410747259051,201.1,0.03536977491961415,0.0,0.31798824746585497,27.824777549623544,True,1.0070513347022587,44.0
664337,2024,0.32944513950852444,0.3239362281299369,200.0,0.007444168734491315,0.0,0.3263657498409114,26.16563997262149,True,1.017006160164271,9.0
664353,2024,0.32519978147945494,0.3253621284963433,200.0,0.009900990099009901,0.22499999403953552,0.3263657498409114,29.166324435318277,True,0.9995010266940452,12.0
664670,2024,0.3125592950678708,0.3109794936974243,216.6,0.3694167104571729,0.2973459553663233,0.3189664749030609,28.1533196440794,True,1.0050800821355237,703.0
664702,2024,0.2926630521746531,0.29328153294330356,521.3,0.8535871156661786,0.2879542769252815,0.3243394355283719,29.702943189596166,True,0.9978911704312114,6996.0
664728,2024,0.2998263311104343,0.296845683487734,384.3,0.709161415414445,0.2854772548071651,0.3245657020871878,27.326488706365502,True,1.010041067761807,2926.0
664731,2024,0.30634462959137443,0.30832436323373974,222.9,0.45230488361478777,0.29585465213802925,0.318622266313614,31.140314852840522,True,0.9935790554414784,991.0
664761,2024,0.32594747011223746,0.32382366561944786,601.6,0.8597311513734658,0.32373574859091553,0.3243625237401606,27.906913073237508,True,1.006558521560575,7355.0
664770,2024,0.32119940402163416,0.32213538259735336,215.5,0.11439114391143912,0.26935483563330864,0.3289528699135425,29.968514715947983,True,0.9970944558521561,155.0
664774,2024,0.3387068184694741,0.3402319237869833,484.6,0.799163179916318,0.3438059529930374,0.3260102659045598,30.494182067077343,True,0.995517453798768,4775.0
664789,2024,0.30368062752172853,0.30467598582449396,200.1,0.2514036182158453,0.24033867775080833,0.32628259845257335,30.088980150581794,True,0.9967330595482546,403.0
664848,2024,0.3177697916616748,0.31610682311788013,200.4,0.013157894736842105,0.17499999701976776,0.31798824746585497,28.123203285420946,True,1.0052607802874742,16.0
664850,2024,0.2967632527015185,0.2982939231614372,207.2,0.313893653516295,0.24654076177306078,0.3219709944966195,30.71047227926078,True,0.9948685831622177,549.0
664874,2024,0.29538460413188505,0.297023417112958,317.0,0.6360327570518653,0.2814257165616394,0.3242803988263872,30.83915126625599,True,0.994482546201232,2097.0
664901,2024,0.3053978822701857,0.30701364401476444,245.1,0.5251286110011871,0.2913259656250071,0.3243616017007711,30.754277891854894,True,0.9947371663244353,1327.0
664913,2024,0.3154574146243273,0.3182880212361834,444.5,0.8074145402022147,0.3170112311083791,0.3236409638470031,31.964407939767284,True,0.9911067761806982,5031.0
664954,2024,0.3030564231472101,0.3042904552810501,243.0,0.26380368098159507,0.23546511212060617,0.3289528699135425,30.351813826146476,True,0.9959445585215606,430.0
664983,2024,0.33267664961471016,0.32857319545707175,391.4,0.7264021887824897,0.33032988731432184,0.32390917857607293,26.91854893908282,True,1.012488706365503,3186.0
665019,2024,0.29169236308960544,0.29017060594875715,286.7,0.5098039215686274,0.25717147100621307,0.32448970628900303,28.125941136208077,True,1.0052443531827515,1248.0
665066,2024,0.32213143371826014,0.3247420396426979,200.0,0.004975124378109453,0.0,0.3263657498409114,31.679671457905545,True,0.9919609856262833,6.0
665120,2024,0.31308928376722805,0.3149017470051241,303.4,0.7757428518034012,0.31254266495661964,0.32306220499124233,30.91854893908282,True,0.9942443531827515,4151.0
665154,2024,0.3122725955636227,0.3096163794784869,202.2,0.06832298136645963,0.19545454328710382,0.31798824746585497,27.57015742642026,True,1.0085790554414784,88.0
665155,2024,0.31398375646009385,0.310928105712781,355.1,0.6472663139329806,0.30229043857848686,0.32677822490421077,27.362080766598222,True,1.0098275154004106,2202.0
665161,2024,0.3318259296982377,0.3274460861556952,599.9,0.8299319727891157,0.3280873186135961,0.3243168717611391,26.770704996577688,True,1.013375770020534,5856.0
665482,2024,0.30921871825694697,0.3026401783634049,234.7,0.5674116798846431,0.2901842387495316,0.31897821915693536,25.377138945927445,True,1.0217371663244352,1574.0
665487,2024,0.36903273467850717,0.3614257250647219,517.5,0.8004323964743056,0.36974153439845836,0.3280723997953273,25.492128678986994,True,1.021047227926078,4813.0
665489,2024,0.3751540269202283,0.36698982212976855,616.5,0.8750520616409829,0.3730459373144471,0.3245768287864035,25.29226557152635,True,1.0222464065708419,8404.0
665506,2024,0.2828264596023132,0.27719267500840516,278.5,0.5958235095991916,0.24665629204200037,0.3222083928980468,25.61259411362081,True,1.0203244353182752,1769.0
665561,2024,0.3298792680500356,0.322798902794088,200.0,0.12280701754385964,0.2973214238882065,0.3263657498409114,25.34428473648186,True,1.021934291581109,168.0
665621,2024,0.33037699008101007,0.32555187016549764,200.0,0.0024937655860349127,0.0,0.3263657498409114,26.529774127310063,True,1.0148213552361396,3.0
665650,2024,0.30264837515548737,0.29905116423132494,202.8,0.08536585365853659,0.09615384386135982,0.31798824746585497,26.99520876112252,True,1.012028747433265,112.0
665665,2024,0.31842729075283727,0.31692142590776423,200.2,0.021207177814029365,0.0,0.32378805680243244,28.20807665982204,True,1.0047515400410678,26.0
665742,2024,0.4022950654513061,0.394440277341133,625.6,0.8745557181685135,0.4044590793328685,0.32459252945541683,25.68104038329911,True,1.0199137577002053,8366.0
665750,2024,0.3144124663374971,0.3085071205917954,544.6,0.8071979434447301,0.3044028791703555,0.32569021134289045,25.809719370294317,True,1.019141683778234,5024.0
665795,2024,0.3292350819483054,0.32382383276748045,200.0,0.0171990171990172,0.17857142857142858,0.3263657498409114,26.21492128678987,True,1.0167104722792608,21.0
665804,2024,0.32899120848886665,0.3218678176497918,278.0,0.3939393939393939,0.3109677372440215,0.3289528699135425,25.311430527036276,True,1.0221314168377824,780.0
665828,2024,0.2986406433757451,0.2922119798197114,385.0,0.6712328767123288,0.2759700507358159,0.3253725850326649,25.333333333333332,True,1.022,2450.0
665833,2024,0.3325992201403874,0.32621557651777067,256.1,0.5820271682340648,0.3310842464321887,0.31943595366194355,25.738535249828885,True,1.0195687885010267,1671.0
665839,2024,0.34090937785718045,0.33390894595130205,274.5,0.38303341902313626,0.3418918872201765,0.3289528699135425,25.505817932922657,True,1.020965092402464,745.0
665861,2024,0.30985289513596814,0.30369542365109964,202.9,0.1712707182320442,0.21296082519441156,0.3224472406654818,25.620807665982205,True,1.0202751540041068,248.0
665862,2024,0.3392117965919717,0.33401974430371884,419.6,0.7872340425531915,0.33627210782711947,0.3256859992671365,26.409308692676248,True,1.0155441478439424,4440.0
665877,2024,0.33016622575169163,0.32291359956676097,230.5,0.2026578073089701,0.2991525359072928,0.3289528699135425,25.256673511293634,True,1.0224599589322383,305.0
665922,2024,0.3211411346461156,0.31455169643858694,200.9,0.02912621359223301,0.19999999552965164,0.31798824746585497,25.508555783709788,True,1.0209486652977413,36.0
665923,2024,0.3140193082769426,0.307328754970581,452.1,0.6866022460172369,0.29773261549182417,0.32835229721195747,25.371663244353183,True,1.0217700205338809,2629.0
665926,2024,0.3365995838575822,0.33029881186129595,566.6,0.8345740281224152,0.331460451364598,0.3244383405671373,25.82067077344285,True,1.0190759753593428,6054.0
666018,2024,0.31704824258363207,0.3116358886893113,260.7,0.4197292069632495,0.29377271827131957,0.3245569152916586,26.105407255304584,True,1.0173675564681726,868.0
666023,2024,0.3305624568559411,0.3306867190111342,318.2,0.5006242197253433,0.3326708110610909,0.32869766673105266,29.125256673511295,True,0.9996242299794661,1203.0
666120,2024,0.3053350265065222,0.30022442994745774,200.0,0.10112359550561797,0.06785714200564794,0.3263657498409114,26.16290212183436,True,1.0170225872689937,135.0
666128,2024,0.32654007666851476,0.32003038268317685,200.5,0.018806214227309895,0.36956520961678546,0.31908096516694934,25.609856262833677,True,1.020340862422998,23.0
666129,2024,0.32606369432048427,0.32201046201625505,200.0,0.0267639902676399,0.16363635930148038,0.3263657498409114,26.902121834360027,True,1.0125872689938398,33.0
666134,2024,0.37722055442401414,0.37087680940886864,421.4,0.6753246753246753,0.39182664665243233,0.32730114794225623,26.1492128678987,True,1.0171047227926078,2496.0
666135,2024,0.3316157116953436,0.32698421859499804,380.6,0.7120230381569475,0.32736505902347524,0.3260425906355882,26.639288158795345,True,1.0141642710472278,2967.0
666137,2024,0.3243262012867118,0.318614689501601,200.2,0.0491283676703645,0.18951612903225806,0.325284781792517,26.012320328542096,True,1.0179260780287473,62.0
666139,2024,0.34519357457981376,0.3399044656664253,472.8,0.734982332155477,0.34479591854489366,0.32633883635013977,26.406570841889117,True,1.0155605749486654,3328.0
666149,2024,0.33115392032682905,0.3268200316930028,217.0,0.12408759124087591,0.3117647030774285,0.3289528699135425,26.78986995208761,True,1.0132607802874742,170.0
666150,2024,0.3377727731826003,0.333422533393722,251.0,0.2982456140350877,0.34393938864120327,0.3289528699135425,26.82546201232033,True,1.013047227926078,510.0
666152,2024,0.31766465200544913,0.3134361600718312,219.5,0.13978494623655913,0.2179487148920695,0.3289528699135425,26.751540041067763,True,1.0134907597535934,195.0
666158,2024,0.33226831404953877,0.32755342795110504,248.4,0.723055619663051,0.32999113845118455,0.32118897212048075,26.600958247775495,True,1.014394250513347,3133.0
666159,2024,0.33059090506756644,0.32555187016549764,200.0,0.0024937655860349127,0.0,0.3263657498409114,26.420260095824776,True,1.0154784394250513,3.0
666160,2024,0.3213656816062338,0.3159306366900344,372.7,0.6443390634262004,0.31006275749467277,0.3265612778322978,26.132785763175907,True,1.0172032854209445,2174.0
666163,2024,0.2941008002559145,0.2902047861048802,239.5,0.3647432503970355,0.22464168750301156,0.32784893188545317,26.76249144421629,True,1.0134250513347023,689.0
666164,2024,0.3148420959899175,0.31140829203056614,218.0,0.13043478260869565,0.1944444394773907,0.3289528699135425,27.16221765913758,True,1.0110266940451744,180.0
666165,2024,0.3320950333621617,0.32714420625720153,372.0,0.589041095890411,0.32588234789231246,0.3289528699135425,26.477754962354553,True,1.0151334702258727,1720.0
666176,2024,0.31257856331473616,0.3056631694723414,259.5,0.6091205211726385,0.29538018289422574,0.3216874902232383,25.229295003422312,True,1.0226242299794661,1870.0
666179,2024,0.30378720885534727,0.30158139177627724,212.6,0.3079584775086505,0.2636544212359995,0.3184588936667008,27.78097193702943,True,1.0073141683778235,534.0
666181,2024,0.35515903328205867,0.3489608578802836,370.7,0.612027158098933,0.36255480524933525,0.32751640590560455,26.039698836413415,True,1.0177618069815195,1893.0
666182,2024,0.3616805394432546,0.35596032283846246,575.1,0.8686946055367109,0.36073406233851935,0.32437805792933594,26.321697467488022,True,1.0160698151950718,7939.0
666185,2024,0.3302208107860288,0.32378369832769466,376.7,0.8098859315589354,0.3237831885837957,0.3237858698367043,25.686516084873375,True,1.0198809034907597,5112.0
666197,2024,0.32501692135674337,0.3208725915804781,222.5,0.15789473684210525,0.2777777738041348,0.3289528699135425,26.847364818617386,True,1.0129158110882956,225.0
666198,2024,0.3079139175289176,0.30394330701712513,247.0,0.5035167563094746,0.28084890065746587,0.32736488413354625,26.822724161533195,True,1.0130636550308008,1217.0
666200,2024,0.32442132596989365,0.3200977064361422,200.0,0.047619047619047616,0.19473683834075928,0.3263657498409114,26.748802190280628,True,1.0135071868583163,60.0
666201,2024,0.33048929544895217,0.32555187016549764,200.0,0.0024937655860349127,0.0,0.3263657498409114,26.472279260780287,True,1.0151663244353182,3.0
666205,2024,0.3246527112694173,0.3202896688400844,200.0,0.031476997578692496,0.1333333303531011,0.3263657498409114,26.729637234770706,True,1.0136221765913758,39.0
666211,2024,0.30803043835785865,0.304009029390034,239.7,0.5165189363416599,0.28541602694394735,0.32387255366993656,26.795345653661876,True,1.0132279260780288,1282.0
666213,2024,0.32090544322995546,0.31658249944897865,200.0,0.09090909090909091,0.21874999552965163,0.3263657498409114,26.72416153319644,True,1.0136550308008214,120.0
666310,2024,0.3461526859097877,0.33676879964453843,315.8,0.49622166246851385,0.34500511670189044,0.3286560273430467,24.355920602327174,True,1.027864476386037,1182.0
666397,2024,0.3654068729549551,0.35719648797268355,415.0,0.6417910447761194,0.37296036781964603,0.3289528699135425,25.169062286105408,True,1.0229856262833676,2150.0
666464,2024,0.3069453179958209,0.30274665089085817,208.1,0.2125984251968504,0.24629629320568508,0.31798824746585497,26.688569472963724,True,1.0138685831622176,324.0
666624,2024,0.3488669896196265,0.3407273149138608,457.0,0.7621407333994054,0.3459150171143611,0.32410505244642446,25.018480492813143,True,1.0238891170431212,3845.0
666703,2024,0.33779218008674516,0.32958305792527975,219.1,0.1483321504613201,0.34043061818802756,0.32769377451285114,24.84873374401095,True,1.0249075975359343,209.0
666783,2024,0.3193488198823079,0.3169318081055033,200.1,0.0033222591362126247,0.0,0.31798824746585497,27.72895277207392,True,1.0076262833675564,4.0
666801,2024,0.3156424446151186,0.30844621084184337,355.8,0.6900025833118058,0.3014054361242387,0.3241178019007785,25.111567419575632,True,1.0233305954825462,2671.0
666906,2024,0.30932481049430877,0.3060804830741267,287.5,0.42168674698795183,0.2747126382657851,0.32895286991354244,27.23340177960301,True,1.010599589322382,875.0
666915,2024,0.31472589927496575,0.3147304231208833,261.8,0.7191011235955056,0.3116023361216775,0.32273832583885004,29.00479123887748,True,0.9999856262833675,3072.0
666922,2024,0.3076831546143657,0.3084247673506441,202.6,0.07975460122699386,0.1980769198674422,0.31798824746585497,29.801505817932924,True,0.9975954825462012,104.0
666931,2024,0.31695516646218136,0.3161799736725202,200.0,0.09706546275395034,0.22142856745492845,0.3263657498409114,28.591375770020534,True,1.0024517453798767,129.0
666969,2024,0.34359555200502245,0.34601338268526466,615.7,0.8694800957145965,0.34920612624741215,0.3247443893220923,31.329226557152634,True,0.9930123203285421,7994.0
666971,2024,0.33664260292283027,0.33839014133238043,580.3,0.8519432449105491,0.34068009144336014,0.3252133867354513,30.72142368240931,True,0.9948357289527721,6905.0
667297,2024,0.3205684042707807,0.3247420396426979,200.0,0.004975124378109453,0.0,0.3263657498409114,33.28405201916495,True,0.9871478439425051,6.0
667376,2024,0.32408989492925133,0.32555187016549764,200.0,0.0024937655860349127,0.0,0.3263657498409114,30.496919917864478,True,0.9955092402464065,3.0
667452,2024,0.3110442883538878,0.30981647358178754,361.5,0.5737122557726465,0.2955974794033938,0.32895286991354256,28.33949349760438,True,1.0039630390143737,1615.0
667463,2024,0.3247770968235637,0.32555187016549764,200.0,0.0024937655860349127,0.0,0.3263657498409114,29.793292265571527,True,0.9976201232032854,3.0
667472,2024,0.32261213892428053,0.32128609160574345,235.0,0.22580645161290322,0.29499999455043246,0.3289528699135425,28.31211498973306,True,1.0041273100616017,350.0
667670,2024,0.33658767331283507,0.3372573403520968,466.6,0.739865597225233,0.3405101244115634,0.3280058803562972,29.661875427789184,True,0.9980143737166325,3413.0
667727,2024,0.31467702931030295,0.3126470703035273,201.6,0.05063291139240506,0.21249999850988388,0.31798824746585497,27.917864476386036,True,1.0064928131416837,64.0
668227,2024,0.35222600572801405,0.35258148315764526,596.5,0.8666518502055784,0.35687927528063446,0.32464941585165136,29.336071184120467,True,0.9989917864476386,7799.0
668472,2024,0.3110216965660158,0.30504236511350347,390.7,0.6715028743498495,0.2949373034879068,0.3256987952531607,25.73305954825462,True,1.0196016427104724,2453.0
668663,2024,0.308360601508993,0.3090936675995011,206.3,0.31153184165232356,0.27804625816226325,0.32314262036985125,29.790554414784395,True,0.9976283367556468,543.0
668665,2024,0.32509529536606635,0.32555187016549764,200.0,0.0024937655860349127,0.0,0.3263657498409114,29.467488021902806,True,0.9985975359342916,3.0
668670,2024,0.32181711193758816,0.32201217064465215,382.5,0.6476805637110981,0.31847969065161424,0.32850604636518693,29.201916495550993,True,0.9993942505133471,2206.0
668678,2024,0.3151060563971473,0.3149340390370162,200.0,0.09502262443438914,0.2060606028094436,0.3263657498409114,28.908966461327857,True,1.0005462012320328,126.0
668709,2024,0.30617544105079825,0.301894368142397,375.3,0.672757022088901,0.290790684979193,0.32472169011208385,26.636550308008214,True,1.0141806981519508,2467.0
668715,2024,0.35343565049692666,0.34834142538078305,543.3,0.7579180956223522,0.35493689832213726,0.32769209884689326,26.562628336755647,True,1.014624229979466,3757.0
668721,2024,0.31501692208081317,0.3113131268914719,203.5,0.13544668587896252,0.2550531863532168,0.3201271842424651,27.017111567419576,True,1.0118973305954826,188.0
668723,2024,0.32950860579590824,0.32247248138683937,200.0,0.0171990171990172,0.09999999829701015,0.3263657498409114,25.363449691991786,True,1.0218193018480493,21.0
668731,2024,0.3174579454977802,0.31161092167384674,401.0,0.7722095671981777,0.3074703310234786,0.3256475239785947,25.872689938398356,True,1.0187638603696099,4068.0
668751,2024,0.3106652101793183,0.30394350273686244,225.7,0.442638179284719,0.2858964356570312,0.31827588184276173,25.31416837782341,True,1.0221149897330595,953.0
668800,2024,0.29741767063974356,0.29777904109824266,349.8,0.7095837366892546,0.28701454420679423,0.3240802951696816,29.404517453798768,True,0.9987864476386037,2932.0
668804,2024,0.35968888261930415,0.36014664601536883,581.4,0.8635433249943143,0.36574055438867914,0.32474652919293684,29.423682409308693,True,0.998728952772074,7594.0
668820,2024,0.31922066150654743,0.31532922689943127,200.0,0.033816425120772944,0.0,0.3263657498409114,26.94318959616701,True,1.012340862422998,42.0
668843,2024,0.3373633261530546,0.3335917528650161,248.9,0.35691318327974275,0.3489507522517966,0.3250675082053529,27.11567419575633,True,1.011305954825462,666.0
668901,2024,0.3112805550312322,0.3031908988912069,320.6,0.5255041518386714,0.2811512374357678,0.32759982395310555,24.553045859000683,True,1.0266817248459958,1329.0
668904,2024,0.3751127078953803,0.3664723876590332,336.6,0.5537374488657494,0.3976830035908419,0.32774521505698057,25.07049965776865,True,1.023577002053388,1489.0
668930,2024,0.29847795979516695,0.29081408311608714,426.5,0.6536796536796536,0.2706081033558459,0.3289528699135425,24.607802874743328,True,1.02635318275154,2265.0
668939,2024,0.35566217792285304,0.3501900096003506,597.0,0.817629179331307,0.3557815285836433,0.32512136615858844,26.39561943874059,True,1.0156262833675564,5380.0
668942,2024,0.3242444303210665,0.32522143022335964,426.0,0.8192771084337349,0.325478413327755,0.3240564401501006,30.001368925393567,True,0.9969958932238193,5440.0
668952,2024,0.29491685846928983,0.2907837878744906,217.4,0.26199261992619927,0.20762624105036115,0.32030471699705654,26.63107460643395,True,1.0142135523613962,426.0
668968,2024,0.33182091624026566,0.32555187016549764,200.0,0.0024937655860349127,0.0,0.3263657498409114,25.790554414784395,True,1.0192566735112936,3.0
669003,2024,0.3442270057847197,0.33778345688439926,243.3,0.34676102340773,0.3632387120848904,0.32427095891547186,25.82067077344285,True,1.0190759753593428,637.0
669004,2024,0.3261938362074982,0.31964472920944514,554.4,0.8109045067759219,0.31853545238128333,0.3244016780075455,25.585215605749486,True,1.020488706365503,5146.0
669008,2024,0.3189267554350209,0.3190387793185188,200.3,0.024390243902439025,0.1599999964237213,0.32301474889088877,29.117043121149898,True,0.9996488706365503,30.0
669016,2024,0.33766531250855003,0.3327391335498348,507.6,0.8174627319744447,0.3345905707349061,0.3244477806893572,26.532511978097194,True,1.0148049281314169,5374.0
669023,2024,0.3163140551347696,0.3105882616782051,208.6,0.1483321504613201,0.2545454502105713,0.3203490513421513,25.927446954141,True,1.018435318275154,209.0
669060,2024,0.3160670049017385,0.3114458393268396,200.0,0.058823529411764705,0.07272727110169151,0.3263657498409114,26.527036276522928,True,1.0148377823408625,75.0
669065,2024,0.3056035634051543,0.3010720275490263,226.3,0.3170176437108708,0.2576301578345376,0.32123629540816817,26.491444216290212,True,1.0150513347022587,557.0
669087,2024,0.3254514250042203,0.3205633279339179,235.7,0.38556067588325654,0.3194458759182816,0.3212645290737297,26.458590006844627,True,1.0152484599589322,753.0
669127,2024,0.3108988831474882,0.3065120474782411,460.3,0.7184420459877991,0.29857632038735843,0.32676137777181,26.614647501711158,True,1.014312114989733,3062.0
669134,2024,0.33675216199882124,0.33031542003550113,292.0,0.4966442953020134,0.3338260078752363,0.32685164003362904,25.752224503764545,True,1.0194866529774127,1184.0
669145,2024,0.3227581897500641,0.32313440578308056,200.0,0.009900990099009901,0.0,0.3263657498409114,29.388090349075977,True,0.9988357289527721,12.0
669160,2024,0.32737164667698354,0.32313440578308056,200.0,0.009900990099009901,0.0,0.3263657498409114,26.8145106091718,True,1.0131129363449691,12.0
669200,2024,0.32734105214168263,0.3275879202458515,200.5,0.004149377593360996,0.0,0.3289528699135425,29.251197809719372,True,0.9992464065708418,5.0
669203,2024,0.30482618040432824,0.30545779436516135,200.0,0.13043478260869565,0.1660714245268277,0.3263657498409114,29.689253935660506,True,0.9979322381930185,180.0
669211,2024,0.3244999834611983,0.3247420396426979,200.0,0.004975124378109453,0.0,0.3263657498409114,29.248459958932237,True,0.9992546201232033,6.0
669212,2024,0.32643443244888504,0.3247420396426979,200.0,0.004975124378109453,0.0,0.3263657498409114,28.13141683778234,True,1.0052114989733059,6.0
669221,2024,0.34192273164210685,0.3426819798068123,483.7,0.8337259248995428,0.3464249575304967,0.3239140656706382,29.738535249828885,True,0.9977843942505134,6017.0
669222,2024,0.31622509204060806,0.31622963743580734,407.0,0.7552019583843329,0.31380259661828597,0.32371705835786074,29.00479123887748,True,0.9999856262833675,3702.0
669224,2024,0.33374992729573677,0.3258688526619534,237.5,0.23809523809523808,0.31599999745686846,0.3289528699135425,24.969199178644764,True,1.0241848049281315,375.0
669242,2024,0.3196369037486401,0.3197754512234002,527.7,0.8584237848041529,0.31901757387109714,0.32437071423619757,29.144421629021217,True,0.9995667351129364,7276.0
669256,2024,0.3223534628505966,0.3228061869279514,209.5,0.6145197558625121,0.3216171967654581,0.3247016354119927,29.467488021902806,True,0.9985975359342916,1913.0
669257,2024,0.3520963243451225,0.3523705511189913,542.5,0.8512826868261246,0.3572344190355869,0.3245289605197455,29.259411362080765,True,0.9992217659137577,6869.0
669261,2024,0.34222739202878383,0.33602168558090967,504.2,0.7760358342665173,0.33919417136412294,0.32502902234207565,25.921971252566735,True,1.0184681724845996,4158.0
669288,2024,0.31823715006557274,0.3181835750077685,200.0,0.1683991683991684,0.2777777733626189,0.3263657498409113,28.971937029431896,True,1.0001683778234087,243.0
669289,2024,0.3180257904070927,0.31862705995143636,377.5,0.7691419776837245,0.31730098361898723,0.3230451042657128,29.6290212183436,True,0.9981129363449692,3998.0
669294,2024,0.3224702432205069,0.32233654305275194,200.0,0.012345679012345678,0.0,0.3263657498409114,28.930869267624914,True,1.0004147843942506,15.0
669304,2024,0.3252845000361961,0.3195406421685503,324.3,0.6916752312435765,0.3188527749994267,0.321083757517951,26.0041067761807,True,1.0179753593429157,2692.0
669309,2024,0.3247581364921086,0.3169318081055033,200.1,0.0033222591362126247,0.0,0.31798824746585497,24.88432580424367,True,1.0246940451745379,4.0
669352,2024,0.30571233531254066,0.3004110366493688,248.1,0.460431654676259,0.2760483383495167,0.32120053919857594,26.05886379192334,True,1.01764681724846,1024.0
669357,2024,0.3467922038631012,0.3369655414011323,463.4,0.7487437185929648,0.34094667579390703,0.32510176091066345,24.139630390143736,True,1.0291622176591375,3576.0
669364,2024,0.3350200985691132,0.32696219254263137,242.5,0.26153846153846155,0.3213414564365294,0.3289528699135425,24.892539356605067,True,1.0246447638603695,425.0
669369,2024,0.30027144186339544,0.29968929387160376,225.9,0.20844327176781002,0.19857594597188732,0.32631580881852906,28.67624914442163,True,1.0019425051334703,316.0
669373,2024,0.32664079630976506,0.3239362281299369,200.0,0.007444168734491315,0.0,0.3263657498409114,27.60848733744011,True,1.0083490759753593,9.0
669374,2024,0.3192553767680455,0.3171803529395743,226.6,0.5796847635726795,0.314425429850671,0.3209798510330201,27.90965092402464,True,1.006542094455852,1655.0
669392,2024,0.32427596722410873,0.31848824450567903,234.5,0.22330097087378642,0.28208954743484954,0.3289528699135425,25.971252566735114,True,1.0181724845995894,345.0
669394,2024,0.3478474168402052,0.34623072552635115,491.8,0.749634884206134,0.3527775882004034,0.3266283275364596,28.2217659137577,True,1.0046694045174538,3593.0
669397,2024,0.27895877292509785,0.2735870292421141,397.1,0.7107736804049168,0.2530305847459357,0.3241044915914725,25.727583846680357,True,1.0196344969199178,2949.0
669432,2024,0.30709281560852664,0.3027842026225426,200.0,0.1031390134529148,0.0977272702889009,0.3263657498409114,26.628336755646817,True,1.0142299794661191,138.0
669450,2024,0.29084378536755445,0.29135769966737846,233.1,0.43767572633552015,0.2551821026927814,0.3195143726459399,29.587953456536617,True,0.9982361396303902,934.0
669456,2024,0.32146139971332155,0.3215426106807009,200.0,0.014778325123152709,0.0,0.3263657498409114,29.084188911704313,True,0.999747433264887,18.0
669477,2024,0.2980535644862798,0.2916375386362816,338.5,0.5357833655705996,0.2593065656884743,0.3289528699135425,25.333333333333332,True,1.022,1385.0
669622,2024,0.3243479481736448,0.3247420396426979,200.0,0.004975124378109453,0.0,0.3263657498409114,29.404517453798768,True,0.9987864476386037,6.0
669674,2024,0.3200777747549785,0.3200396591487555,200.0,0.0267639902676399,0.0899999976158142,0.3263657498409114,28.980150581793293,True,1.0001190965092401,33.0
669699,2024,0.3281963458595319,0.3235601999149598,202.0,0.01639344262295082,0.0,0.3289528699135425,26.611909650924023,True,1.0143285420944559,20.0
669701,2024,0.30143649536294204,0.297679740364421,341.3,0.6441281138790036,0.28322428024831947,0.32384412317456474,26.89664613278576,True,1.0126201232032854,2172.0
669707,2024,0.35197155598453533,0.34654496076726393,304.5,0.46547884187082406,0.3667464048098149,0.3289528699135425,26.390143737166323,True,1.015659137577002,1045.0
669720,2024,0.33561699850145665,0.3355935689709741,547.7,0.850187265917603,0.33753046046106294,0.3246017097647199,28.98836413415469,True,1.0000698151950718,6810.0
669742,2024,0.31018449020097794,0.31006097515132836,242.2,0.4140625,0.2937199376245097,0.32160864167028014,28.933607118412045,True,1.0003983572895276,848.0
669743,2024,0.3104503286258834,0.3111576212063257,432.6,0.6937994386323042,0.3042364724424135,0.32683979078055675,29.75770020533881,True,0.9977268993839836,2719.0
669911,2024,0.3003684100452428,0.29483614577402506,288.0,0.5081967213114754,0.2659274159419921,0.32470849993379247,25.872689938398356,True,1.0187638603696099,1240.0
669952,2024,0.31501716280781017,0.31549591327991255,200.0,0.038461538461538464,0.04374999925494194,0.3263657498409114,29.505817932922657,True,0.998482546201232,48.0
670032,2024,0.30623369102755194,0.306509990587856,379.0,0.8040816326530612,0.3023001331025261,0.3237879473505639,29.300479123887747,True,0.9990985626283367,4925.0
670042,2024,0.3356825529445613,0.3364694908296845,410.2,0.6788868075996789,0.34071922688274664,0.3274848405241691,29.779603011635867,True,0.9976611909650924,2537.0
670056,2024,0.32354776244967925,0.3247420396426979,200.0,0.004975124378109453,0.0,0.3263657498409114,30.2258726899384,True,0.9963223819301849,6.0
670084,2024,0.31421808689546915,0.3157240973227396,200.0,0.0888382687927107,0.2065789432902085,0.3263657498409114,30.590006844626966,True,0.9952299794661191,117.0
670097,2024,0.291819324670816,0.2918978433925499,327.8,0.6089931573802542,0.2687929499437694,0.3278837149390256,29.089664613278575,True,0.9997310061601643,1869.0
670128,2024,0.3182584020562866,0.31916477759512446,206.5,0.05138339920948617,0.13846153479356033,0.3289528699135425,29.946611909650922,True,0.9971601642710473,65.0
670148,2024,0.31689284324202144,0.31715007995985334,200.3,0.009900990099009901,0.23333332935969034,0.31798824746585497,29.270362765229294,True,0.9991889117043121,12.0
670156,2024,0.3102037911041023,0.30958208416710964,276.2,0.4038748137108793,0.2823441571501262,0.32803577972111597,28.6652977412731,True,1.0020082135523614,813.0
670223,2024,0.31162855410678364,0.3064918266143275,249.5,0.2920353982300885,0.2520408125556245,0.3289528699135425,26.206707734428473,True,1.0167597535934292,495.0
670242,2024,0.35674420978816745,0.3515738364480424,339.5,0.5698924731182796,0.36999943921355977,0.3271599127837319,26.548939082819988,True,1.0147063655030801,1590.0
670276,2024,0.30222685596514653,0.30006172882940424,213.1,0.22279792746113988,0.2308560795818349,0.31990068161370744,27.797399041752225,True,1.0072156057494865,344.0
670280,2024,0.32484661919419455,0.32555187016549764,200.0,0.0024937655860349127,0.0,0.3263657498409114,29.72210814510609,True,0.9978336755646817,3.0
670298,2024,0.3161931682652574,0.3169318081055033,200.1,0.0033222591362126247,0.0,0.31798824746585497,29.776865160848732,True,0.9976694045174538,4.0
670351,2024,0.2949051718240097,0.2969951148602025,205.7,0.3939393939393939,0.2555769200999658,0.3239169414543564,31.345653661875428,True,0.9929630390143738,780.0
670370,2024,0.32645074475310754,0.32757202311559974,200.0,0.20634920634920634,0.33221153571055484,0.3263657498409114,30.140999315537304,True,0.9965770020533881,312.0
670456,2024,0.32460596483431864,0.32555187016549764,200.0,0.0024937655860349127,0.0,0.3263657498409114,29.968514715947983,True,0.9970944558521561,3.0
670462,2024,0.32234346786979745,0.32406493808504594,200.0,0.012345679012345678,0.13999999761581422,0.3263657498409114,30.770704996577688,True,0.994687885010267,15.0
670541,2024,0.4093922134729144,0.40455910287633423,534.7,0.8573805562158308,0.41788408895119056,0.324453728256323,27.00889801505818,True,1.011946611909651,7214.0
670623,2024,0.35863146283634184,0.3509734668230729,528.0,0.7962648556876061,0.35756491714528404,0.3252118818137643,25.363449691991786,True,1.0218193018480493,4690.0
670712,2024,0.31768404119172516,0.31892240313078124,255.0,0.5615637559371575,0.31532205151673953,0.3235338534897663,30.2943189596167,True,0.9961170431211499,1537.0
670764,2024,0.2905950513053897,0.2888147190944625,424.6,0.777241507332467,0.2788185741427696,0.32369293485507766,27.972621492128678,True,1.0061642710472278,4187.0
670766,2024,0.32613569644527124,0.3247420396426979,200.0,0.004975124378109453,0.0,0.3263657498409114,28.28473648186174,True,1.0042915811088295,6.0
670768,2024,0.310818262232534,0.310454896132338,235.0,0.5442461071021648,0.3039848833652046,0.3181811697117565,28.804928131416837,True,1.001170431211499,1433.0
670770,2024,0.3494328676568346,0.34917904962076535,503.8,0.765625,0.3562762115157704,0.32599498743041555,28.878850102669404,True,1.0007268993839835,3920.0
670869,2024,0.34849393207161683,0.33838679785877546,211.9,0.19786096256684493,0.41207325105604375,0.3202108060701159,24.021902806297057,True,1.0298685831622176,296.0
670912,2024,0.3263455542791637,0.32119976259989397,200.0,0.052132701421800945,0.2272727218541232,0.3263657498409114,26.32991101984942,True,1.0160205338809034,66.0
670950,2024,0.32520938828154866,0.32729750604599406,200.0,0.0024937655860349127,0.699999988079071,0.3263657498409114,31.12662559890486,True,0.9936201232032854,3.0
670955,2024,0.3294811287476991,0.3245587652161054,200.0,0.012345679012345678,0.1799999952316284,0.3263657498409114,26.472279260780287,True,1.0151663244353182,15.0
670970,2024,0.33270331555981075,0.32555187016549764,200.0,0.0024937655860349127,0.0,0.3263657498409114,25.338809034907598,True,1.0219671457905544,3.0
671056,2024,0.32899264547783963,0.31955813447679776,224.2,0.20424403183023873,0.2951607857781866,0.32582012064277466,24.079397672826833,True,1.029523613963039,308.0
671083,2024,0.3133389663715684,0.30732003718336526,223.9,0.3027309703660662,0.2757197653949833,0.32103982185148777,25.73579739904175,True,1.0195852156057494,521.0
671213,2024,0.3698446751055018,0.3600314163366063,460.5,0.706601466992665,0.37353463909870577,0.3275111548512168,24.45722108145106,True,1.0272566735112936,2890.0
671218,2024,0.315450213457704,0.3077199348479909,232.2,0.24433249370277077,0.24974226429290378,0.32646604832746906,24.813141683778234,True,1.0251211498973305,388.0
671221,2024,0.3234816404531944,0.31682888445235297,379.4,0.6386630532971996,0.3112446919526204,0.3266989446956303,25.50034223134839,True,1.0209979466119097,2121.0
671277,2024,0.32127623850934783,0.3121426995592068,478.7,0.7951868919610855,0.30883304681551016,0.32499242633660913,24.123203285420946,True,1.0292607802874743,4659.0
671289,2024,0.31817196957143573,0.3109180659466195,292.6,0.4966442953020134,0.295868265303901,0.3257672025807684,25.111567419575632,True,1.0233305954825462,1184.0
671732,2024,0.3167229951894767,0.30744901962820703,264.5,0.34959349593495936,0.2674418563066527,0.3289528699135425,23.972621492128678,True,1.0301642710472279,645.0
671739,2024,0.35945363143302433,0.34759817816938277,521.5,0.7923875432525952,0.35362501545318015,0.3245957492028894,23.315537303216974,True,1.0341067761806981,4580.0
672275,2024,0.31278271856633166,0.3056124358316049,376.5,0.5952782462057336,0.2897435854642819,0.3289528699135425,25.089664613278575,True,1.0234620123203286,1765.0
672279,2024,0.3109972508538303,0.30363397118304636,205.4,0.09502262443438914,0.14206348856290182,0.32059887185816155,24.958247775496236,True,1.0242505133470226,126.0
672282,2024,0.334357816166174,0.32648333314538214,200.0,0.004975124378109453,0.3499999940395355,0.3263657498409114,24.980150581793293,True,1.0241190965092402,6.0
672284,2024,0.31110941588299507,0.30374348055375516,427.9,0.7695410024966391,0.29706486484493444,0.3260444915081257,24.958247775496236,True,1.0242505133470226,4007.0
672335,2024,0.3263170718760368,0.3247420396426979,200.0,0.004975124378109453,0.0,0.3263657498409114,28.191649555099247,True,1.0048501026694046,6.0
672356,2024,0.3126115872040245,0.30410780868518494,379.3,0.6246481076008759,0.2900757811845673,0.3274594411174629,24.33949349760438,True,1.0279630390143737,1997.0
672386,2024,0.34522116144715964,0.3384153303477231,470.0,0.803825404610103,0.3419947479189893,0.32374866684945985,25.648186173853524,True,1.0201108829568788,4917.0
672478,2024,0.3145116830877529,0.3051370216544991,351.6,0.5817357964447543,0.2889771740266717,0.32761267639686886,23.87953456536619,True,1.0307227926078029,1669.0
672515,2024,0.34845509656856266,0.3390467240254818,432.3,0.6793158738642437,0.34440629709078247,0.32769336174881997,24.3750855578371,True,1.0277494866529775,2542.0
672578,2024,0.3264214855495064,0.32313440578308056,200.0,0.009900990099009901,0.0,0.3263657498409114,27.304585900068446,True,1.0101724845995894,12.0
672580,2024,0.32323266075702833,0.3144148416457398,459.8,0.6896819239720714,0.3080437298021484,0.3285746377181217,24.32580424366872,True,1.0280451745379877,2667.0
672640,2024,0.3335684663667333,0.3271820342968647,201.0,0.03459372485921158,0.5674418460491092,0.31857272437574263,25.746748802190282,True,1.0195195071868584,43.0
672695,2024,0.3146332485754183,0.3067018259951655,529.0,0.8033109326339944,0.3023636076550288,0.3244198327326739,24.689938398357288,True,1.0258603696098563,4901.0
672701,2024,0.3300738519972399,0.3215163670892104,200.0,0.1031390134529148,0.2793478214222452,0.3263657498409114,24.56399726214921,True,1.0266160164271048,138.0
672724,2024,0.316106800584755,0.3069732435039097,301.5,0.4989561586638831,0.28711296584316875,0.32675077000773084,24.041067761806982,True,1.0297535934291582,1195.0
672744,2024,0.3427654394255151,0.3330688278420558,208.5,0.06614785992217899,0.3911764691857731,0.3289528699135425,24.147843942505133,True,1.0291129363449691,85.0
672779,2024,0.3019353795767204,0.2944938171258964,327.7,0.6200126662444585,0.2759262251757335,0.32478993799124556,24.788501026694046,True,1.0252689938398358,1958.0
672820,2024,0.29960363098987,0.29160747848936286,290.1,0.4567677682209144,0.24905377875679113,0.32738804768116686,24.42984257357974,True,1.0274209445585216,1009.0
672832,2024,0.3177265979650903,0.30890596880252774,201.4,0.044585987261146494,0.1142857117312295,0.31798824746585497,24.240930869267626,True,1.0285544147843944,56.0
672851,2024,0.3308141156447234,0.3247420396426979,200.0,0.004975124378109453,0.0,0.3263657498409114,25.883641341546884,True,1.0186981519507188,6.0
673237,2024,0.35669863088025705,0.34992573563569435,396.4,0.6239423378251332,0.3626858286996618,0.32875461456039495,25.7741273100616,True,1.0193552361396303,1991.0
673357,2024,0.3665619717297183,0.3620170594068974,537.6,0.8214551406040768,0.36999194661937485,0.32532593249015734,26.90759753593429,True,1.0125544147843943,5521.0
673451,2024,0.30063569196685236,0.307277814247307,200.0,0.313893653516295,0.2655555506547292,0.3263657498409114,36.205338809034906,True,0.9783839835728952,549.0
673490,2024,0.3249014757639622,0.32432475043772185,576.1,0.8451213216313888,0.32431586905863347,0.32437321316294754,28.70362765229295,True,1.0017782340862422,6548.0
673548,2024,0.3540671528491893,0.3549907118469513,536.1,0.79657569079505,0.3627031489690258,0.3247900934830947,29.867214236824093,True,0.9973983572895277,4699.0
673962,2024,0.34333877850298805,0.3380234123999919,502.7,0.7352746525479815,0.3417723760343563,0.3276106659055448,26.379192334017795,True,1.0157248459958932,3333.0
675649,2024,0.3244678579651086,0.3242002429801435,200.0,0.0267639902676399,0.24545453895222058,0.3263657498409114,28.862422997946613,True,1.0008254620123203,33.0
675656,2024,0.2777807692766659,0.2761059908435002,288.1,0.5457986373959122,0.2361111701044164,0.32416643376496596,27.98904859685147,True,1.006065708418891,1442.0
675911,2024,0.33122487764969233,0.3247420396426979,200.0,0.004975124378109453,0.0,0.3263657498409114,25.672826830937716,True,1.0199630390143737,6.0
675921,2024,0.3290274218878845,0.3269155607908658,200.0,0.0171990171990172,0.35833332935969037,0.3263657498409114,27.923340177960302,True,1.0064599589322383,21.0
675961,2024,0.30969167045093343,0.3029715499528017,256.0,0.3181818181818182,0.24729729289407126,0.3289528699135425,25.30321697467488,True,1.0221806981519508,560.0
675986,2024,0.3263208312532874,0.31898867674109077,219.2,0.15074309978768577,0.2709727085549647,0.3275115110941281,25.169062286105408,True,1.0229856262833676,213.0
676050,2024,0.3271040907866974,0.32555187016549764,200.0,0.0024937655860349127,0.0,0.3263657498409114,28.205338809034906,True,1.0047679671457905,3.0
676059,2024,0.3319277986484195,0.3248400162808621,318.5,0.4968553459119497,0.3206751012097934,0.3289528699135425,25.363449691991786,True,1.0218193018480493,1185.0
676070,2024,0.33047278016443,0.32429192261673284,204.5,0.03614457831325301,0.19999999470180935,0.3289528699135425,25.82340862422998,True,1.01905954825462,45.0
676116,2024,0.3439829540585697,0.34244581534738006,447.5,0.673469387755102,0.3489878494971194,0.3289528699135425,28.251882272416154,True,1.004488706365503,2475.0
676220,2024,0.32647177444933684,0.3247420396426979,200.0,0.004975124378109453,0.0,0.3263657498409114,28.112251882272417,True,1.0053264887063655,6.0
676265,2024,0.32660481783106016,0.32616947869112334,200.0,0.007444168734491315,0.29999999205271405,0.3263657498409114,28.777549623545518,True,1.001334702258727,9.0
676356,2024,0.33402195129056467,0.3280655738693072,222.5,0.15789473684210525,0.32333332830005224,0.3289528699135425,25.973990417522245,True,1.0181560574948665,225.0
676369,2024,0.34415543401387666,0.33709919340289285,310.1,0.5889003083247688,0.34645500377402977,0.3236969950462391,25.51129363449692,True,1.0209322381930186,1719.0
676391,2024,0.30018755551793214,0.2988852260524633,243.9,0.5339805825242718,0.27828246470478635,0.32249255676334315,28.27378507871321,True,1.0043572895277206,1375.0
676424,2024,0.3256173816301305,0.32555187016549764,200.0,0.0024937655860349127,0.0,0.3263657498409114,28.966461327857633,True,1.0002012320328542,3.0
676475,2024,0.3219364884391044,0.31549317203447425,378.8,0.6186844613918017,0.3079333508527784,0.32775898190177577,25.596167008898014,True,1.020422997946612,1947.0
676477,2024,0.32884067500360736,0.326980845553539,200.0,0.004975124378109453,0.44999998807907104,0.3263657498409114,28.05201916495551,True,1.0056878850102668,6.0
676480,2024,0.28100218419765693,0.2764194114501245,291.9,0.5728017087931648,0.24097846784313126,0.32393981000316796,26.236824093086927,True,1.0165790554414784,1609.0
676551,2024,0.31495502173452944,0.3138041915781463,200.4,0.013157894736842105,0.0,0.31798824746585497,28.38877481177276,True,1.0036673511293634,16.0
676596,2024,0.3272752227759425,0.32555187016549764,200.0,0.0024937655860349127,0.0,0.3263657498409114,28.11772758384668,True,1.0052936344969199,3.0
676604,2024,0.3255124295898513,0.32555187016549764,200.0,0.0024937655860349127,0.0,0.3263657498409114,29.0403832991102,True,0.9998788501026694,3.0
676609,2024,0.3204952269331113,0.318266706462807,340.0,0.5384615384615384,0.30910713779074805,0.3289528699135425,27.83299110198494,True,1.0070020533880903,1400.0
676625,2024,0.31125292511720803,0.3097455392281511,204.5,0.06976744186046512,0.15111110740237765,0.3216431216150842,28.188911704312115,True,1.0048665297741273,90.0
676628,2024,0.29780331824976497,0.2981896790042859,206.1,0.16897506925207756,0.2008196701768969,0.31798824746585497,29.43189596167009,True,0.9987043121149898,244.0
676632,2024,0.2922653236224783,0.29110211067100855,227.3,0.3485342019543974,0.23605918642887816,0.3205500751405483,28.334017796030118,True,1.0039958932238193,642.0
676646,2024,0.30589167346719637,0.3073958300648236,203.4,0.12152269399707175,0.2198795130453914,0.3195022539191784,30.63107460643395,True,0.9951067761806982,166.0
676694,2024,0.313116901603592,0.311310406309484,386.7,0.70486965076242,0.3051553649025122,0.3260106968698016,28.032854209445585,True,1.0058028747433265,2866.0
676701,2024,0.31300808497907634,0.3112988179580909,326.0,0.5979899497487438,0.3016414572233998,0.3256641420509439,28.084873374401095,True,1.0054907597535934,1785.0
676724,2024,0.3289078151703621,0.32886324643470566,225.7,0.21208141825344715,0.33962848016721175,0.3259656043550394,28.97741273100616,True,1.000135523613963,323.0
676761,2024,0.3132865176284061,0.31328844753670715,206.0,0.047619047619047616,0.0,0.3289528699135425,29.00205338809035,True,0.999993839835729,60.0
676782,2024,0.31625364945186346,0.31632834711083213,200.6,0.0196078431372549,0.23333332935969034,0.31798824746585497,29.078713210130047,True,0.9997638603696098,24.0
676801,2024,0.34731310555228107,0.3475207616953064,489.3,0.8151855844755891,0.3526967293015722,0.32469043124533564,29.19917864476386,True,0.9994024640657084,5293.0
676840,2024,0.3220742839022954,0.3233724216524609,200.0,0.0407673860911271,0.2529411701595082,0.3263657498409114,30.338124572210816,True,0.9959856262833675,51.0
676879,2024,0.3311021609862815,0.3254446367668399,200.0,0.009900990099009901,0.23333332935969034,0.3263657498409114,26.102669404517453,True,1.0173839835728953,12.0
676882,2024,0.3293489575665982,0.3275879202458515,200.5,0.004149377593360996,0.0,0.3289528699135425,28.10403832991102,True,1.005375770020534,5.0
676900,2024,0.3227439674594649,0.32247248138683937,200.0,0.0171990171990172,0.09999999829701015,0.3263657498409114,28.859685147159478,True,1.0008418891170432,21.0
676914,2024,0.374927167591064,0.36705692445922977,270.5,0.3700787401574803,0.4319148896433783,0.3289528699135425,25.426420260095824,True,1.021441478439425,705.0
676946,2024,0.3242019122410258,0.3242252138477705,271.7,0.394856278366112,0.3188683382409279,0.3277205751812353,29.023956194387406,True,0.9999281314168378,783.0
676950,2024,0.2986638989993292,0.29914978705180967,205.7,0.15966386554621848,0.1999999953989397,0.31798824746585497,29.541409993155373,True,0.9983757700205339,228.0
677008,2024,0.3364518484265199,0.3292992258172893,216.5,0.12087912087912088,0.3318181778445388,0.3289528699135425,25.37987679671458,True,1.0217207392197125,165.0
677223,2024,0.31649252890535706,0.3169318081055033,200.1,0.0033222591362126247,0.0,0.31798824746585497,29.462012320328544,True,0.9986139630390144,4.0
677347,2024,0.31961394494210543,0.30785477744709344,223.0,0.16083916083916083,0.19777777327431575,0.3289528699135425,22.633812457221083,True,1.0381971252566735,230.0
677551,2024,0.3613173898905527,0.3494337715647709,480.9,0.8017184401850628,0.3554198908687458,0.325229895845699,23.33196440793977,True,1.0340082135523614,4852.0
677587,2024,0.33072649053383896,0.32008800103734913,243.0,0.26380368098159507,0.2953488320805306,0.3289528699135425,23.460643394934976,True,1.0332361396303902,430.0
677588,2024,0.33237426476483184,0.3213455789207231,217.0,0.12408759124087591,0.26764705426552715,0.3289528699135425,23.279945242984258,True,1.0343203285420945,170.0
677592,2024,0.3042117732008933,0.2940194997019839,251.5,0.30029154518950435,0.2126213555197114,0.3289528699135425,23.222450376454482,True,1.0346652977412731,515.0
677594,2024,0.3738645950868754,0.3619247927852574,615.8,0.83150800336984,0.36948845368472677,0.32459812624637585,23.50171115674196,True,1.0329897330595483,5922.0
677595,2024,0.32894670151597255,0.31795600066346974,254.0,0.3103448275862069,0.2935185134410858,0.3289528699135425,23.238877481177276,True,1.0345667351129364,540.0
677649,2024,0.3320082876604706,0.3244337261284772,441.5,0.7192982456140351,0.32389468198680144,0.32581502674152135,25.1088295687885,True,1.023347022587269,3075.0
677651,2024,0.3235517551863895,0.3207525796962274,200.0,0.0171990171990172,0.0,0.3263657498409114,27.54551676933607,True,1.0087268993839835,21.0
677800,2024,0.3513736096507551,0.34317545113232895,242.5,0.26153846153846155,0.38333332751478466,0.3289528699135425,25.018480492813143,True,1.0238891170431212,425.0
677865,2024,0.3312022257793149,0.32729750604599406,200.0,0.0024937655860349127,0.699999988079071,0.3263657498409114,27.01163586584531,True,1.0119301848049282,3.0
677941,2024,0.31231303447173936,0.3044596021869899,220.0,0.14285714285714285,0.15749999582767488,0.32895286991354244,24.700889801505816,True,1.0257946611909652,200.0
677950,2024,0.31024057743444905,0.30150738807872324,471.6,0.7669450378714313,0.29455449187098803,0.32438821068234514,24.17248459958932,True,1.028965092402464,3949.0
677951,2024,0.34417394631939086,0.33423475191042423,610.2,0.8332870241733815,0.3362160490138507,0.3243315685551307,24.043805612594113,True,1.0297371663244352,5998.0
677954,2024,0.31964984395864254,0.3114971885875203,206.5,0.1780821917808219,0.2815384553028987,0.31798824746585497,24.637919233401778,True,1.0261724845995894,260.0
677960,2024,0.3261378057103996,0.31763154171242536,200.0,0.06542056074766354,0.1928571398769106,0.3263657498409114,24.536618754277892,True,1.0267802874743326,84.0
678009,2024,0.34028531857882655,0.33164882895098985,272.5,0.37662337662337664,0.3361111059784889,0.3289528699135425,24.659822039698838,True,1.026041067761807,725.0
678225,2024,0.3129975146524591,0.3055378733503329,389.2,0.6253512332188573,0.2919952893749178,0.32814270310262994,24.930869267624914,True,1.0244147843942506,2003.0
678246,2024,0.31368423366755793,0.30564948078659293,357.0,0.589041095890411,0.29028080658074557,0.3276779138149742,24.618754277891856,True,1.0262874743326489,1720.0
678545,2024,0.3260381737775903,0.3161637375394486,247.0,0.281437125748503,0.2835106336055918,0.3289528699135425,23.794661190965094,True,1.0312320328542095,470.0
678554,2024,0.3333212418283467,0.3230049801024464,249.5,0.2920353982300885,0.30858585328766797,0.3289528699135425,23.67693360711841,True,1.0319383983572896,495.0
678662,2024,0.32688496856784166,0.3153672639346949,511.0,0.7281993204983013,0.31047464488903914,0.3284754057945142,22.913073237508556,True,1.0365215605749487,3215.0
678882,2024,0.3311762590500273,0.321120633464138,244.5,0.270516717325228,0.2999999958477663,0.3289528699135425,23.78097193702943,True,1.0313141683778233,445.0
678894,2024,0.3184688784165247,0.30828839789308216,306.9,0.473914949583516,0.2855292673436752,0.3287905813296729,23.496235455167692,True,1.0330225872689938,1081.0
679032,2024,0.3225345730246449,0.31291578592944214,304.5,0.46547884187082406,0.2944999957084656,0.3289528699135425,23.876796714579054,True,1.0307392197125256,1045.0
679529,2024,0.33070600707950154,0.32266392349954776,582.4,0.8075689544579859,0.32200375356507366,0.32543443665789057,24.84599589322382,True,1.024924024640657,5036.0
679631,2024,0.31906980763374876,0.31553862588615217,238.3,0.3657505285412262,0.30359728366329086,0.3224247999013355,27.134839151266256,True,1.0111909650924025,692.0
679845,2024,0.34355375635794994,0.337008728525518,234.0,0.22077922077922077,0.3654411706854315,0.3289528699135425,25.763175906913073,True,1.0194209445585216,340.0
679881,2024,0.31791875502706346,0.3165446781285752,222.0,0.15492957746478872,0.2488636320287531,0.32895286991354256,28.27652292950034,True,1.004340862422998,220.0
680118,2024,0.3376166990279687,0.3398378569306592,269.7,0.3743482794577685,0.35874467044116515,0.3285252801802065,31.17864476386037,True,0.9934640657084189,718.0
680418,2024,0.3241356651222338,0.32327404354416334,203.5,0.02834008097165992,0.12857142516544887,0.3289528699135425,28.555783709787818,True,1.002665297741273,35.0
680552,2024,0.31563343058821375,0.31163907513240985,200.9,0.02912621359223301,0.09999999735090467,0.31798824746585497,26.863791923340177,True,1.012817248459959,36.0
680574,2024,0.3747603354265524,0.3657641887071795,401.5,0.6267496111975117,0.38768656218229836,0.3289528699135425,24.90075290896646,True,1.0245954825462011,2015.0
680686,2024,0.3164618567662901,0.31182987055763717,200.0,0.05660377358490566,0.06956521583640057,0.3263657498409114,26.524298425735797,True,1.0148542094455852,72.0
680700,2024,0.3234997285693387,0.3198987329755564,263.3,0.4550408719346049,0.3155031517217767,0.3235690433224624,27.123887748117728,True,1.0112566735112936,1002.0
680716,2024,0.3343501534060786,0.32479309977212667,204.0,0.03225806451612903,0.19999999552965164,0.3289528699135425,24.095824777549623,True,1.0294250513347023,40.0
680757,2024,0.33684220918208674,0.3324877799003528,626.0,0.8393574297188755,0.3340612809275607,0.3242662370331912,26.817248459958932,True,1.0130965092402464,6270.0
680776,2024,0.3332630745488369,0.3309133856625513,403.3,0.7168475696083058,0.3330724447451868,0.325447367751679,27.81656399726215,True,1.007100616016427,3038.0
680777,2024,0.33280785589157497,0.3290070475760455,402.6,0.750675254519011,0.3301855969463384,0.3254586318469885,27.07460643394935,True,1.011552361396304,3613.0
680779,2024,0.3203287315446932,0.3124088152548846,327.5,0.5151515151515151,0.2968379402820301,0.3289528699135425,24.774811772758383,True,1.0253511293634496,1275.0
680814,2024,0.3143606702915053,0.3112608446314183,228.7,0.33073061907417733,0.2907251228168481,0.32140891382811837,27.340177960301162,True,1.009958932238193,593.0
680869,2024,0.3562044668775097,0.3472417786683492,350.0,0.5555555555555556,0.36187290567219454,0.3289528699135425,24.698151950718685,True,1.025811088295688,1500.0
680911,2024,0.30126316106425743,0.2987930566574751,405.3,0.7739261492087415,0.29160080152442824,0.3234145433962721,27.62217659137577,True,1.0082669404517455,4108.0
680963,2024,0.32752657288514625,0.32555187016549764,200.0,0.0024937655860349127,0.0,0.3263657498409114,27.98904859685147,True,1.006065708418891,3.0
680977,2024,0.35199359813201153,0.34875525874790875,433.0,0.7578203834510595,0.3568565850411871,0.32340485855519197,27.45242984257358,True,1.0092854209445585,3755.0
681082,2024,0.32370283253343196,0.3193577312454801,597.2,0.821508255243195,0.3181649861709588,0.3248473404509646,26.732375085557837,True,1.013605749486653,5523.0
681146,2024,0.2897474620737499,0.28889678857310547,271.7,0.5157384987893463,0.2573112460497905,0.3225353913604359,28.50924024640657,True,1.0029445585215606,1278.0
681297,2024,0.31806265671728534,0.3093018562948397,238.5,0.24290220820189273,0.2480519437170648,0.3289528699135425,24.279260780287473,True,1.0283244353182752,385.0
681351,2024,0.3435070828590569,0.3342590211526687,301.1,0.46879150066401065,0.341022524055227,0.32829022984116096,24.38877481177276,True,1.0276673511293635,1059.0
681481,2024,0.34985863328623884,0.34535273740640254,440.8,0.6959716240182418,0.3533049853323048,0.327148716529358,26.82546201232033,True,1.013047227926078,2747.0
681526,2024,0.3187595489163757,0.31236975930206934,201.5,0.047619047619047616,0.199999996026357,0.31798824746585497,25.590691307323752,True,1.0204558521560574,60.0
681546,2024,0.34744038711126857,0.3435840616878887,488.1,0.7093727294744491,0.34967656035440103,0.3287132878593766,27.129363449691994,True,1.0112238193018481,2929.0
681584,2024,0.3141193786900355,0.31117377071672114,288.1,0.5426829268292683,0.3008891728494135,0.32337816018592613,27.422313483915126,True,1.0094661190965093,1424.0
681807,2024,0.3303698774303284,0.3295996835087003,256.5,0.32011331444759206,0.3309734468966459,0.3289528699135425,28.61054072553046,True,1.0023367556468172,565.0
681911,2024,0.3263893514527803,0.32486707902090006,200.0,0.009900990099009901,0.17499999701976776,0.3263657498409114,28.21902806297057,True,1.0046858316221765,12.0
681962,2024,0.32042908201263176,0.3184815704789841,211.2,0.09977494373593399,0.24483082281019455,0.3266445283456083,27.980835044490075,True,1.0061149897330595,133.0
681987,2024,0.29613932914705954,0.2935342876863198,240.2,0.3902439024390244,0.24907885271717203,0.32198576606657436,27.520876112251884,True,1.0088747433264886,768.0
682073,2024,0.3019375205183518,0.30059809982713026,251.3,0.3485342019543974,0.2530893004138645,0.32601530751322744,28.257357973990416,True,1.0044558521560576,642.0
682515,2024,0.32819611427676715,0.32813547322422054,219.0,0.1366906474820144,0.3229729678179767,0.3289528699135425,28.969199178644764,True,1.0001848049281314,190.0
682617,2024,0.335895539364876,0.3238550475953455,222.5,0.15789473684210525,0.2966666618982951,0.3289528699135425,22.803559206023273,True,1.0371786447638605,225.0
682622,2024,0.3527808788805904,0.3399412893996516,261.5,0.33884297520661155,0.3613821079091328,0.3289528699135425,22.704996577686515,True,1.037770020533881,615.0
682626,2024,0.33102851320654314,0.318809027958349,413.0,0.6444444444444445,0.3133793067932129,0.328650397570158,22.611909650924023,True,1.038328542094456,2175.0
682641,2024,0.33385620079251854,0.3211766479516195,326.5,0.513184584178499,0.31379999470710757,0.3289528699135425,22.420260095824776,True,1.0394784394250514,1265.0
682829,2024,0.3338577752842453,0.32126447185960494,413.5,0.6401799100449775,0.31694312400727476,0.3289528699135425,22.466803559206024,True,1.0391991786447639,2135.0
682848,2024,0.31485263799984364,0.30585290069599635,302.0,0.4594594594594595,0.27867646632241266,0.3289528699135425,24.095824777549623,True,1.0294250513347023,1020.0
682928,2024,0.32164605709353344,0.3118053024753683,537.2,0.7809419496166484,0.3078638065945086,0.3258567352906331,23.73990417522245,True,1.0315605749486654,4278.0
682985,2024,0.3413248746083331,0.33090839474898615,449.8,0.7576736672051696,0.3330965648605444,0.3240667162001807,23.753593429158112,True,1.0314784394250514,3752.0
682998,2024,0.3783200635292392,0.36699667136510755,573.0,0.7725118483412322,0.3785642372163945,0.32771514566177895,23.857631759069132,True,1.0308542094455853,4075.0
683002,2024,0.3625532970596517,0.34996185630765436,530.7,0.7552518866000408,0.3572767037347706,0.32738945628881144,23.003422313483917,True,1.0359794661190964,3703.0
683011,2024,0.318234297434808,0.30748434178147854,500.5,0.7146254458977408,0.29891121906651125,0.3289528699135425,23.173169062286107,True,1.0349609856262834,3005.0
683021,2024,0.3152941785478295,0.3140650042192016,242.4,0.3446204259967231,0.29487274543674724,0.3241569336289755,28.347707049965777,True,1.0039137577002053,631.0
683146,2024,0.30660072519450887,0.2987665389473674,398.7,0.6377905221853305,0.2821184227934566,0.32808109680837855,24.629705681040384,True,1.0262217659137578,2113.0
683232,2024,0.3280346209782177,0.32555187016549764,200.0,0.0024937655860349127,0.0,0.3263657498409114,27.72895277207392,True,1.0076262833675564,3.0
683734,2024,0.33674662986627907,0.33126544514961465,563.0,0.8484274346343312,0.3324238430003173,0.3247813131803063,26.24229979466119,True,1.0165462012320328,6717.0
683737,2024,0.3115117354082418,0.30716102341741364,240.5,0.2523364485981308,0.24259258935480943,0.32895286991354256,26.639288158795345,True,1.0141642710472278,405.0
685133,2024,0.3299721563936152,0.32071936965111386,232.0,0.21052631578947367,0.2898437436670065,0.3289528699135425,24.191649555099247,True,1.0288501026694046,320.0
685503,2024,0.3219313872872688,0.3247420396426979,200.0,0.004975124378109453,0.0,0.3263657498409114,31.88501026694045,True,0.9913449691991787,6.0
686217,2024,0.32674654218465404,0.3175943469783019,316.0,0.4915254237288136,0.3058441508383978,0.3289528699135425,24.197125256673512,True,1.028817248459959,1160.0
686452,2024,0.3388583736886788,0.33376351138147176,216.5,0.12087912087912088,0.3687499947845936,0.3289528699135425,26.455852156057496,True,1.015264887063655,165.0
686469,2024,0.3503503582805011,0.3456251584753089,359.8,0.6749729144095341,0.35617909280904175,0.32370815484225696,26.72142368240931,True,1.0136714579055441,2492.0
686490,2024,0.32994287064777555,0.3245881656723916,203.0,0.024390243902439025,0.14999999602635702,0.3289528699135425,26.250513347022586,True,1.0164969199178644,30.0
686527,2024,0.31990673321868357,0.31587366859583166,291.0,0.4312796208530806,0.2986263701548943,0.3289528699135425,26.872005475701574,True,1.0127679671457905,910.0
686531,2024,0.3348427846561775,0.32913197321134013,219.0,0.1366906474820144,0.33026315193427236,0.3289528699135425,26.10814510609172,True,1.0173511293634496,190.0
686668,2024,0.2957609597156407,0.29075425502843644,415.5,0.6423248882265276,0.2694835646051756,0.3289528699135425,26.130047912388775,True,1.0172197125256675,2155.0
686676,2024,0.28709798593735436,0.2819101446310233,237.6,0.27448609431680776,0.16420704612122758,0.326441150233896,25.932922655715263,True,1.0184024640657083,454.0
686681,2024,0.31331750836696143,0.30827745680417934,449.9,0.7196916608269096,0.30130032166386783,0.3261912512769292,26.275154004106778,True,1.0163490759753593,3081.0
686759,2024,0.3104216828133213,0.30756580484716345,222.0,0.15492957746478872,0.19090908630327744,0.32895286991354256,27.45242984257358,True,1.0092854209445585,220.0
686823,2024,0.3193996033948728,0.31450571366559577,433.1,0.67558799675588,0.3080402476644848,0.32797004661290946,26.406570841889117,True,1.0155605749486654,2499.0
686894,2024,0.31641190256624546,0.3096902878987108,405.0,0.6307692307692307,0.2984146301339312,0.3289528699135425,25.38261464750171,True,1.0217043121149898,2050.0
687093,2024,0.33178832788497536,0.3211565299867289,256.4,0.464524765729585,0.3198914086230614,0.3222540227697104,23.482546201232033,True,1.0331047227926078,1041.0
687263,2024,0.33133535316020574,0.3205855343194727,364.5,0.5782073813708261,0.3144817028830691,0.3289528699135425,23.411362080766597,True,1.0335318275154004,1645.0
687401,2024,0.3188453832557401,0.3131394298663479,217.0,0.12408759124087591,0.20151514718026825,0.3289528699135425,25.963039014373717,True,1.0182217659137578,170.0
687462,2024,0.333018124232651,0.3283404526505372,222.0,0.15492957746478872,0.3249999948523261,0.32895286991354256,26.625598904859686,True,1.0142464065708419,220.0
687799,2024,0.33332698175230524,0.32940790698217237,250.0,0.29411764705882354,0.3304999959468842,0.3289528699135425,27.017111567419576,True,1.0118973305954826,500.0
687952,2024,0.3497814208954084,0.3407457122146287,320.5,0.501039501039501,0.3524896215601086,0.3289528699135425,24.580424366872005,True,1.026517453798768,1205.0
689172,2024,0.3012261809384616,0.29442005972213353,265.5,0.353099730458221,0.23115384257756746,0.3289528699135425,25.14715947980835,True,1.0231170431211498,655.0
691016,2024,0.29943227970919106,0.28835631813420454,269.0,0.36507936507936506,0.2177536193875299,0.3289528699135425,22.598220396988363,True,1.03841067761807,690.0
691023,2024,0.35626343016627365,0.3421165254644205,432.5,0.6595744680851063,0.34891067026487366,0.3289528699135425,22.10814510609172,True,1.0413511293634496,2325.0
691026,2024,0.3060712596875486,0.29420518525474826,268.5,0.363395225464191,0.23333332891817446,0.3289528699135425,22.27789185489391,True,1.0403326488706366,685.0
691176,2024,0.3569675702446615,0.3413871379488678,216.5,0.12087912087912088,0.4318181782057791,0.3289528699135425,21.39356605065024,True,1.0456386036960985,165.0
691406,2024,0.3355281982969675,0.32013916767034967,219.0,0.1366906474820144,0.26447367981860515,0.3289528699135425,20.98836413415469,True,1.0480698151950718,190.0
691718,2024,0.32656356069100795,0.31388319522320246,209.5,0.07335907335907337,0.12352940966101254,0.3289528699135425,22.26694045174538,True,1.0403983572895277,95.0
691783,2024,0.3257047500073798,0.31249524859549704,218.0,0.13043478260869565,0.20277777314186096,0.3289528699135425,21.95482546201232,True,1.0422710472279262,180.0
693049,2024,0.2963801659797769,0.2907713244562814,331.5,0.5228628230616302,0.25592884951429407,0.3289528699135425,25.78507871321013,True,1.0192895277207392,1315.0
693304,2024,0.31570221808178955,0.30847491062745835,264.0,0.34782608695652173,0.2700787369660505,0.3289528699135425,25.09514031485284,True,1.023429158110883,640.0
694384,2024,0.3486699837819106,0.3353377269656697,266.0,0.3548387096774194,0.3469465579695374,0.3289528699135425,22.373716632443532,True,1.0397577002053389,660.0
694497,2024,0.3813521040470311,0.36563793174434306,273.5,0.3798449612403101,0.42553191024360926,0.3289528699135425,21.83709787816564,True,1.042977412731006,735.0
696100,2024,0.32240606755672896,0.3143491755461198,238.5,0.24290220820189273,0.268831167128179,0.3289528699135425,24.72826830937714,True,1.0256303901437371,385.0
696285,2024,0.3315584242215874,0.3236512325082743,260.5,0.33518005540166207,0.31313558806807307,0.3289528699135425,24.928131416837783,True,1.0244312114989733,605.0
807799,2024,0.34396975040727323,0.3460038552069808,490.0,0.7073170731707317,0.35305943532840356,0.3289528699135425,30.9596167008898,True,0.9941211498973306,2900.0
