{
  "vwr": {
    "auc": 0.5618764757969303,
    "auc_ci_95": [
      0.5215251847361986,
      0.6017730729691019
    ],
    "tpr": [
      1.0,
      0.974025974025974,
      0.935064935064935,
      0.8896103896103896,
      0.8441558441558441,
      0.7987012987012987,
      0.7727272727272727,
      0.7402597402597403,
      0.7142857142857143,
      0.6915584415584416,
      0.6590909090909091,
      0.6233766233766234,
      0.5876623376623377,
      0.5584415584415584,
      0.512987012987013,
      0.474025974025974,
      0.4512987012987013,
      0.4383116883116883,
      0.4090909090909091,
      0.3961038961038961,
      0.37987012987012986,
      0.37012987012987014,
      0.36688311688311687,
      0.3538961038961039,
      0.34415584415584416,
      0.32792207792207795,
      0.3181818181818182,
      0.3051948051948052,
      0.29545454545454547,
      0.288961038961039,
      0.288961038961039,
      0.2727272727272727,
      0.2662337662337662,
      0.262987012987013,
      0.2532467532467532,
      0.25,
      0.24025974025974026,
      0.237012987012987,
      0.23376623376623376,
      0.22402597402597402,
      0.22077922077922077,
      0.21753246753246752,
      0.21103896103896103,
      0.20454545454545456,
      0.19480519480519481,
      0.19480519480519481,
      0.18831168831168832,
      0.18181818181818182,
      0.17857142857142858,
      0.17207792207792208,
      0.16883116883116883
    ],
    "fpr": [
      1.0,
      0.9753246753246754,
      0.9363636363636364,
      0.8954545454545455,
      0.8587662337662337,
      0.8237012987012987,
      0.7847402597402597,
      0.7464285714285714,
      0.711038961038961,
      0.6756493506493506,
      0.6386363636363637,
      0.6038961038961039,
      0.5655844155844156,
      0.5318181818181819,
      0.49253246753246754,
      0.4597402597402597,
      0.42402597402597403,
      0.39090909090909093,
      0.3503246753246753,
      0.3142857142857143,
      0.2785714285714286,
      0.2396103896103896,
      0.20357142857142857,
      0.17305194805194804,
      0.1409090909090909,
      0.1198051948051948,
      0.1025974025974026,
      0.08798701298701299,
      0.07727272727272727,
      0.0698051948051948,
      0.06396103896103895,
      0.05844155844155844,
      0.05194805194805195,
      0.04707792207792208,
      0.04155844155844156,
      0.03961038961038961,
      0.03506493506493506,
      0.030844155844155844,
      0.026948051948051947,
      0.025324675324675326,
      0.023376623376623377,
      0.02077922077922078,
      0.01818181818181818,
      0.015584415584415584,
      0.01396103896103896,
      0.012337662337662338,
      0.010714285714285714,
      0.008766233766233766,
      0.006168831168831169,
      0.005844155844155844,
      0.00551948051948052
    ],
    "thresholds": [
      0,
      2,
      4,
      6,
      8,
      10,
      12,
      14,
      16,
      18,
      20,
      22,
      24,
      26,
      28,
      30,
      32,
      34,
      36,
      38,
      40,
      42,
      44,
      46,
      48,
      50,
      52,
      54,
      56,
      58,
      60,
      62,
      64,
      66,
      68,
      70,
      72,
      74,
      76,
      78,
      80,
      82,
      84,
      86,
      88,
      90,
      92,
      94,
      96,
      98,
      100
    ],
    "n_pos": 308,
    "n_neg": 3080
  },
  "velocity_drop": {
    "auc": 0.516807745825603,
    "auc_ci_95": [
      0.4828846255431801,
      0.5528836181603772
    ],
    "tpr": [
      1.0,
      0.9772727272727273,
      0.9545454545454546,
      0.8571428571428571,
      0.724025974025974,
      0.6006493506493507,
      0.5032467532467533,
      0.41883116883116883,
      0.35714285714285715,
      0.32792207792207795,
      0.2857142857142857,
      0.23376623376623376,
      0.2077922077922078,
      0.17857142857142858,
      0.15584415584415584,
      0.1461038961038961,
      0.1461038961038961,
      0.14285714285714285,
      0.1266233766233766,
      0.11038961038961038,
      0.1038961038961039,
      0.09415584415584416,
      0.08441558441558442,
      0.08116883116883117,
      0.07142857142857142,
      0.06818181818181818,
      0.06168831168831169,
      0.05194805194805195,
      0.045454545454545456,
      0.04220779220779221,
      0.04220779220779221,
      0.04220779220779221,
      0.03896103896103896,
      0.032467532467532464,
      0.025974025974025976,
      0.025974025974025976,
      0.025974025974025976,
      0.022727272727272728,
      0.01948051948051948,
      0.01948051948051948,
      0.016233766233766232,
      0.016233766233766232,
      0.012987012987012988,
      0.00974025974025974,
      0.00974025974025974,
      0.00974025974025974,
      0.006493506493506494,
      0.003246753246753247,
      0.003246753246753247,
      0.003246753246753247,
      0.003246753246753247
    ],
    "fpr": [
      1.0,
      0.9724025974025974,
      0.9474025974025974,
      0.8584415584415584,
      0.7074675324675325,
      0.587987012987013,
      0.4733766233766234,
      0.3834415584415584,
      0.32662337662337665,
      0.28084415584415584,
      0.2461038961038961,
      0.21948051948051947,
      0.19707792207792207,
      0.17467532467532468,
      0.15584415584415584,
      0.1405844155844156,
      0.1292207792207792,
      0.12045454545454545,
      0.10746753246753246,
      0.09837662337662338,
      0.09285714285714286,
      0.08733766233766234,
      0.08116883116883117,
      0.07564935064935065,
      0.06818181818181818,
      0.06363636363636363,
      0.06038961038961039,
      0.05649350649350649,
      0.05357142857142857,
      0.05097402597402598,
      0.046103896103896105,
      0.04220779220779221,
      0.03896103896103896,
      0.03571428571428571,
      0.03409090909090909,
      0.03214285714285714,
      0.02857142857142857,
      0.025974025974025976,
      0.025324675324675326,
      0.023376623376623377,
      0.02142857142857143,
      0.01948051948051948,
      0.01753246753246753,
      0.016233766233766232,
      0.014935064935064935,
      0.013636363636363636,
      0.012337662337662338,
      0.011363636363636364,
      0.01103896103896104,
      0.01103896103896104,
      0.010714285714285714
    ],
    "n_pos": 308,
    "n_neg": 3080
  },
  "delta_auc": 0.04506872997132738,
  "seasonal_control": {
    "season_day_auc": 0.2687584331253162,
    "residual_auc": 0.7520761300387924,
    "joint_auc": 0.884909449316917,
    "logistic_coef_vwr": 0.05606801299572731,
    "logistic_coef_season_day": -0.044858241463169995
  },
  "per_injury_type": {
    "forearm": {
      "auc": 0.5057977736549164,
      "n_pos": 35,
      "n_neg": 3080
    },
    "other_arm": {
      "auc": 0.5146743408107044,
      "n_pos": 99,
      "n_neg": 3080
    },
    "elbow": {
      "auc": 0.6041143578643579,
      "n_pos": 90,
      "n_neg": 3080
    },
    "shoulder": {
      "auc": 0.6151586118799234,
      "n_pos": 61,
      "n_neg": 3080
    },
    "rotator_cuff": {
      "auc": 0.6315746753246754,
      "n_pos": 18,
      "n_neg": 3080
    },
    "ucl_sprain": {
      "auc": 0.2277922077922078,
      "n_pos": 5,
      "n_neg": 3080
    }
  }
}