player_id,pa_f,woba_f,pred_ridge_1yr,pred_current_v1,pred_marcel,pred_ridge_3yr,pred_shrunk_raw,pred_naive,followup_season,pa,coef_centered,a_lo,a_hi,a_sd,b_sd,b_lo,b_hi,baseline_season,ci_a_lo,ci_a_hi,ci_b_lo,ci_b_hi,ci_ab_lo,ci_ab_hi,ci_pred_lo,ci_pred_hi
682928,602.0,0.328271808040222,0.3173930155398051,0.3231528699135425,0.3216460570935334,0.3139738021015074,0.3236910726096441,0.3289528699135425,2024,605,-0.011559854373737407,-0.036004607964960265,0.012837133755502023,0.012647295118215848,0.01662019127287895,-0.044134830684747064,0.021015121937272254,2023,0.29294826194858226,0.34179000366904455,0.28481803922879545,0.34996799185081473,0.27645909232939625,0.35832693875021393,0.2646625620200046,0.3701234690596056
547989,120.0,0.1716666638851166,0.3228751880985411,0.3208528699135425,0.3362221766794295,0.3501672596117759,0.3221637720612059,0.3289528699135425,2024,630,-0.006077681815001352,-0.030797494351682924,0.019200881796775465,0.012723333219338651,0.016312619268038862,-0.03804982807387166,0.025894464443868954,2023,0.29815537556185956,0.348153751710318,0.29090304183967086,0.35484733435741145,0.28232786001763777,0.36342251617944454,0.2246523161988866,0.4210980599981957
677800,446.0,0.3429054015123092,0.3292443028687977,0.3822528699135425,0.3513736096507551,0.3256050925274112,0.3375927557006557,0.3289528699135425,2024,84,0.0002914329552551609,-0.016822656523277767,0.01914916942279566,0.009132716058531273,0.023564865043462356,-0.04589485383047795,0.04647771974098827,2023,0.31213021339026475,0.34810203933633815,0.2830580160830646,0.3754305896545308,0.2797107210056605,0.37877788473193486,0.2625064627717695,0.3959821429658259
660670,222.0,0.3384615328516895,0.3944282958573206,0.4383528699135425,0.3998610714067297,0.3890990380254287,0.3955222304015835,0.3289528699135425,2024,741,0.06547542594377817,0.038122699883529385,0.09411959882517609,0.013949494785776898,0.015615963270481176,0.03486870034973475,0.0960821515378216,2023,0.3670755697970719,0.4230724687387186,0.36382157026327727,0.42503502145136407,0.3533883763212163,0.435468215393425,0.3196004141363893,0.469256177578252
642715,700.0,0.346987083019793,0.3262342001402444,0.3271528699135425,0.3348827813357157,0.3383662007173663,0.3264160892078993,0.3289528699135425,2024,641,-0.0027186697732980323,-0.027676592156780307,0.0218889131621652,0.012780635849628734,0.01629059277731571,-0.03464764490364516,0.029210305357049094,2023,0.3012762777567622,0.3508417830757077,0.29430522500989736,0.3581631752705916,0.28565167668639896,0.36681672359408996,0.2762530129887613,0.3762153872917276
656180,130.0,0.2910852667897247,0.3269466020423463,0.3467528699135425,0.3223179975992764,0.3158773163088031,0.3337602682607687,0.3289528699135425,2024,156,-0.0020062678711961837,-0.024197592627725042,0.022447916425711204,0.01197787443662232,0.022016680437100054,-0.04515816858703987,0.0411456328446475,2023,0.30475527728581747,0.3514007863392537,0.28379470132650264,0.37009850275819,0.2778220804716942,0.37607112361299844,0.2278300047774317,0.42606319930726094
666176,451.0,0.3070469761321475,0.3203967845138539,0.3031528699135425,0.3125785633147361,0.3078006933924845,0.3255445142930527,0.3289528699135425,2024,62,-0.008556085399688567,-0.026354901854772916,0.011953198535699684,0.0097346490949539,0.02410696750512546,-0.05580487348621187,0.03869270268683474,2023,0.3025979680587696,0.3409060684492422,0.2731479964273306,0.3676455726003772,0.26944114059121094,0.37135242843649696,0.2531101954046132,0.3876833736230947
605113,228.0,0.2595555506812201,0.2961731673511188,0.2478528699135425,0.2851213335005244,0.2932951175191897,0.3028126921657803,0.3289528699135425,2024,203,-0.032779702562423685,-0.05257100353193348,-0.01233426175900928,0.010341186347114792,0.021151169784846394,-0.07423523357161442,0.00867582844676705,2023,0.276381866381609,0.31661860815453324,0.25471763634192807,0.33762869836030956,0.25002810069834935,0.3423182340038883,0.2170637147746579,0.3752826199275797
645277,443.0,0.3098416247518893,0.3398895437413872,0.3603528699135425,0.3476542397971411,0.3362001139394776,0.3502290414675343,0.3289528699135425,2024,668,0.010936673827844738,-0.014643057139044319,0.03837885295367082,0.013755711828530413,0.016085284432750754,-0.02058990434142953,0.042463251997119006,2023,0.3143098127744982,0.36733172286721333,0.30836296557211296,0.37141612191066153,0.2984069635068374,0.3813721239759371,0.28217986002556295,0.39759922745721155
669397,105.0,0.2245098001816693,0.294644439141678,0.2556528699135425,0.2789587729250978,0.2867624424501958,0.2965949697837434,0.3289528699135425,2024,321,-0.03430843077186448,-0.05504101389082066,-0.012426531594609953,0.010962482176920476,0.019388723436217906,-0.07230963041305927,0.0036927688693302943,2023,0.27391185602272183,0.31652633831893257,0.25664323950048323,0.3326456387828728,0.25098962968305405,0.338299248600302,0.18833441163336467,0.4009544666499914
624413,753.0,0.3514056181013983,0.34588290607015,0.3571528699135425,0.3606308200612316,0.371252485892035,0.344684510484688,0.3289528699135425,2024,642,0.01693003615660748,-0.010689768888482352,0.0458156320823141,0.014717129579639542,0.016315618742438434,-0.01504798896405854,0.0489080612772735,2023,0.31826310102506017,0.3747685019958566,0.313904880949484,0.377860931190816,0.30281748316439716,0.3889483289759028,0.29692192095773134,0.39484389118256863
514888,690.0,0.3523289607254872,0.3657497608887305,0.4023528699135425,0.3715847411629723,0.3748767712819693,0.3642467496922283,0.3289528699135425,2024,460,0.036796890975188054,0.00966436630001458,0.06458114202833819,0.014067311244875157,0.017808058904976505,0.0018937368868663096,0.0717000450635098,2023,0.3386172362135571,0.3935340119418807,0.3308466068004088,0.4006529149770523,0.3212703999043934,0.41022912187306776,0.31361225393816283,0.4178872678392983
682626,389.0,0.3202319540006598,0.3195396065711699,0.3157528699135425,0.3310285132065431,0.3204283229168051,0.3214533676233851,0.3289528699135425,2024,423,-0.009413263342372582,-0.03625342498727368,0.019971463698310127,0.014256428582910366,0.018208903725306876,-0.045102058841931275,0.026275532157186116,2023,0.2926994449262688,0.3489243336118526,0.28385081107161125,0.3552284020707286,0.2742135618933885,0.3648656512489513,0.2568138766267694,0.38226533651557043
670541,643.0,0.4058213665534815,0.3906475693260354,0.4456528699135424,0.4093922134729144,0.406755552701197,0.3900779496017758,0.3289528699135425,2024,529,0.06169469941249287,0.03415496391176913,0.09130949154272466,0.014816073362926941,0.01734364469057979,0.027701780458297152,0.0956876183666886,2023,0.36310783382531164,0.42026236145626716,0.35665465037183963,0.4246404882802311,0.3459398481992227,0.4353552904528481,0.3380618598040686,0.4432332788480022
665804,363.0,0.2959383707754418,0.3187078524836824,0.3119528699135425,0.3289912084888666,0.3146272277565238,0.3243230337807945,0.3289528699135425,2024,155,-0.010245017429860122,-0.030383043504282416,0.012718376109168917,0.01091484980727232,0.022016667256258417,-0.05339689231172891,0.032906857452008664,2023,0.2985698264092601,0.34167124602271143,0.2755559776018136,0.36185972736555116,0.2705442515516765,0.3668714534156883,0.2500529616599068,0.38736274330745796
641313,241.0,0.2160416615506013,0.2888572889243501,0.2630528699135425,0.3085547381945457,0.3169195174710437,0.2920353532018508,0.3289528699135425,2024,513,-0.040095580989192386,-0.060917914531266486,-0.018418694727444986,0.01081799207518399,0.0172993795827677,-0.07400174192630463,-0.006189420052080147,2023,0.268034955382276,0.3105341751860975,0.25495112798723785,0.3227634498614623,0.2488674195634744,0.32884715828522587,0.21507050348648848,0.3626440743622118
609280,319.0,0.3203761697189187,0.326677376013502,0.3436528699135425,0.3133643247672577,0.309901269472066,0.3312570206061261,0.3289528699135425,2024,90,-0.0022754939000404744,-0.0230787423692429,0.019836349271180352,0.010723621690851661,0.02341378365788902,-0.048165666611315446,0.04361467881123449,2023,0.3058741275442996,0.34878921918472283,0.28078720330222706,0.372567548724777,0.27620302025899107,0.37715173176801303,0.25352947397099557,0.39982527805600854
666018,143.0,0.3318181775666617,0.3204276932852615,0.3106528699135425,0.317048242583632,0.3117764753401281,0.3257047680309345,0.3289528699135425,2024,103,-0.008525176628280994,-0.02766663887789664,0.011176008807438048,0.009796918601641594,0.023126111953146643,-0.05385152315888966,0.03680116990232767,2023,0.30128623103564584,0.3401288787209805,0.27510134675465286,0.3657540398158702,0.27120189288592944,0.36965349368459355,0.22402918906837047,0.41682619750215255
606115,608.0,0.2809602607362317,0.324632566974223,0.3305528699135425,0.3232780011103383,0.323943890497654,0.3272676417935135,0.3289528699135425,2024,538,-0.0043203029393194745,-0.028394293842537287,0.02194347880288209,0.012578012287069104,0.0171071604642393,-0.03784972132697601,0.029209115448337063,2023,0.3005585760710052,0.3508963487164246,0.2911031485865665,0.35816198536187954,0.2830156804778215,0.3662494534706246,0.2714665434178245,0.3777985905306216
571448,635.0,0.3230221463909632,0.3324134767445292,0.3430528699135425,0.3457772141985664,0.3522490961261773,0.3361518271110238,0.3289528699135425,2024,602,0.003460606830986676,-0.021617804244025516,0.028893847065293,0.013021090704571348,0.016571907464803363,-0.029019734955158385,0.035940948617131735,2023,0.30733506566951696,0.3578467169788355,0.29993313495838414,0.36489381853067426,0.291106245562903,0.3737207079261554,0.2805965772126876,0.3842303762763708
672356,161.0,0.2816770147092594,0.3095619408715402,0.2846528699135425,0.3126115872040245,0.3088829602156636,0.309155710805267,0.3289528699135425,2024,345,-0.019390929042002212,-0.04281931542035016,0.0040952135250018245,0.012174278685015109,0.019105965873219385,-0.05683793404336357,0.01805607595935915,2023,0.28613355449319233,0.3330480834385443,0.27211493587017893,0.34700894587290165,0.26515887165313123,0.3539650100899493,0.22106768661396967,0.39805619512911083
668227,648.0,0.3309891763757885,0.3543345467514336,0.3675528699135425,0.352226005728014,0.3583917495383485,0.3501040270323005,0.3289528699135425,2024,656,0.025381676837891144,0.0007916416141430307,0.050608902119916095,0.012625002992549001,0.01616350762650556,-0.006298215973898243,0.05706156964968053,2023,0.3297445115276855,0.3795617720334586,0.32265465393964426,0.386014439563223,0.3141361833372786,0.3945329101655887,0.30333520268507036,0.40533389081779697
650333,703.0,0.3239254952330985,0.3481682840091026,0.3743528699135425,0.3587662402529279,0.3523495529299804,0.354451149369152,0.3289528699135425,2024,605,0.019215414095560147,-0.003802158940984016,0.04355962931451791,0.012216419827427853,0.016750616018174472,-0.013615190018921548,0.052046018210041844,2023,0.3251507109725585,0.3725124992280604,0.31533767989462097,0.38099888812358434,0.30753392182990025,0.38880264618830507,0.2976687977420803,0.398667770276125
664056,446.0,0.2868539282445158,0.3054710152644131,0.2811528699135425,0.3150906391883433,0.3235627863744061,0.3076680592859953,0.3289528699135425,2024,341,-0.023481854649129406,-0.04604188597028994,-0.0008384691795708405,0.011652552179498434,0.01912796812209258,-0.06097198326586112,0.014008273967602305,2023,0.28291098394325254,0.32811440073397163,0.2679808866476814,0.3429611438811448,0.2615721474103722,0.349369883118454,0.2444277850299178,0.36651424549890843
595879,289.0,0.2292682894015561,0.2984805313005162,0.2831528699135425,0.3106040587887687,0.3235264969962865,0.3021765058827249,0.3289528699135425,2024,539,-0.030472338613026218,-0.05270266101175721,-0.006482262434782258,0.011688014631741973,0.0170803832931736,-0.06394927470978612,0.0030045974837336863,2023,0.2762502089017853,0.3224706074787602,0.2650035952037564,0.33195746739727616,0.25791594411137164,0.3390451184896609,0.22990769606260852,0.367053366538424
672275,448.0,0.2894381974520308,0.3079870361260693,0.2842528699135425,0.3127827185663316,0.3030563710498123,0.3117164098754491,0.3289528699135425,2024,351,-0.020965833787473104,-0.04512650316903699,0.004571158772855302,0.012392614399223493,0.018966059436329445,-0.05813862721132485,0.016206959636378644,2023,0.2838263667445055,0.3335240286863978,0.27081424270221766,0.34515982954992114,0.2635823530846632,0.3523917191674755,0.24722337740442413,0.3687506948477146
605131,156.0,0.2938311626384784,0.2953792261454342,0.2418528699135425,0.2911247161705551,0.3004672276325726,0.3012565907626961,0.3289528699135425,2024,200,-0.033573643768108265,-0.053246892874059,-0.013121330655073973,0.01014480654536232,0.02118825506529058,-0.07510186059132617,0.007954573055109646,2023,0.2757059770394835,0.3158315392584685,0.2538510093222163,0.33690744296865216,0.24933637009253845,0.34142208219833,0.2039483566820126,0.3868100956088558
663698,282.0,0.3533928522041866,0.3077282900163335,0.2419528699135425,0.3019286903849654,0.3048223276533379,0.3135390661792724,0.3289528699135425,2024,95,-0.02122457989720893,-0.036998033222965396,-0.005043856361519285,0.008171432343523135,0.02330494138293393,-0.0669014256695765,0.02445226587515865,2023,0.2919548366905771,0.32390901355202323,0.262051444243966,0.35340513578870114,0.25932501217622056,0.35613156785644656,0.23185467199844612,0.383601908034221
683146,171.0,0.2902366811707175,0.3034513450907129,0.2876528699135425,0.3066007251945088,0.3024802052054099,0.3077616651574771,0.3289528699135425,2024,388,-0.025501524822829594,-0.04909841978266738,0.00051543715773638,0.012146746332047108,0.018602939135222003,-0.061962615534455416,0.010959565888796229,2023,0.2798544501308751,0.3294683070712789,0.2669902543790871,0.3399124358023387,0.25990604442919535,0.3469966457522305,0.2175304296113847,0.38937226057004115
641343,352.0,0.298433044527331,0.3137426427261171,0.3053528699135425,0.3039894923629912,0.3055168104717677,0.3203307348573745,0.3289528699135425,2024,272,-0.015210227187425367,-0.041551875025120484,0.01031394813650505,0.013136668313371475,0.020123071981283734,-0.05465072352904855,0.02423026915419782,2023,0.287400994888422,0.33926681805004755,0.27430214638449396,0.35318313906774035,0.2666418869767684,0.36084339847546587,0.24668990949410002,0.38079537595813423
605137,603.0,0.3338063389112635,0.3307105124244023,0.3326528699135425,0.3454518222714081,0.3454686558175966,0.3346131314994683,0.3289528699135425,2024,610,0.0017576425108598555,-0.023546805822025094,0.027939294393015193,0.013091916883728206,0.01637863949844576,-0.03034390102185901,0.03385918604357872,2023,0.3054060640915174,0.3568921643065577,0.2986089688916835,0.36281205595712124,0.28961393639569427,0.37180708845311045,0.2782984014067587,0.383122623442046
641355,569.0,0.3349644078266578,0.3574976347238517,0.3934528699135425,0.3293116758929231,0.3234733658163516,0.3620169059916023,0.3289528699135425,2024,548,0.028544764810309188,0.0021095417829590296,0.05577557175614886,0.01392995865690919,0.017152509576061105,-0.00507353620324897,0.062163065823867346,2023,0.3310624116965015,0.38472844166969133,0.32387933371029354,0.3911159357374098,0.31418942267235844,0.400805846775345,0.3031903670536346,0.4118049023940688
643217,522.0,0.3030769188816731,0.3180729126358374,0.3143528699135425,0.3304773012103815,0.3358711036916237,0.3188259475809143,0.3289528699135425,2024,604,-0.010879957277705053,-0.033716535236736074,0.011258532823915084,0.011543386296929992,0.016672620114424195,-0.04355769222989454,0.02179777767448444,2023,0.29523633467680643,0.3402114027374576,0.28539517768364797,0.35075064758802693,0.27832737382741257,0.3578184514442623,0.2628396686467002,0.3733061566249746
666181,388.0,0.285400513838736,0.3449657125740377,0.3838528699135425,0.3551590332820586,0.3344308117115557,0.3518763967932825,0.3289528699135425,2024,325,0.016012842660495206,-0.010400478158205322,0.042975664884620936,0.013721535059600401,0.019372805089359277,-0.021957157594163237,0.05398284291515365,2023,0.31855239175533717,0.37192853479816346,0.3069957123193793,0.38293571282869615,0.29843622944206294,0.39149519570601243,0.28086106536401517,0.4090703597840602
542194,147.0,0.2781249963574939,0.3119008171312734,0.2900528699135425,0.3003440620223749,0.3117314550408719,0.311612825010474,0.3289528699135425,2024,328,-0.017052052782269105,-0.042893489855610485,0.008917694900966368,0.013106291428972834,0.019290587236168635,-0.05486090900578769,0.020756803441249482,2023,0.286059380057932,0.3378705648145089,0.2740919609077548,0.34970967335479197,0.26619112759224467,0.3576105066703021,0.21986416206093357,0.4039374722016132
605141,591.0,0.3780716673912855,0.3857358232712825,0.4226528699135425,0.3849799219430427,0.3854836493114797,0.3844035997394832,0.3289528699135425,2024,692,0.05678295335774001,0.02796468579572047,0.08453993462378781,0.014096493678046986,0.01592333441919215,0.025573791382336373,0.08799211533314365,2023,0.356917555709263,0.4134928045373303,0.3545266612958789,0.41694498524668616,0.3440542634427459,0.42741738309981914,0.33353060055277783,0.4379410459897872
666182,336.0,0.2691842857804543,0.353000988700429,0.3668528699135425,0.3616805394432546,0.3571895706606818,0.3476808121494565,0.3289528699135425,2024,598,0.02404811878688648,-0.0012389327787478074,0.05032549472580181,0.013175184226372675,0.016607409059774182,-0.008501804846795122,0.05659804242056808,2023,0.3277139371347947,0.37927836463934433,0.32045106506674736,0.3855509123341106,0.3114519935315964,0.3945499838692615,0.28865785856491155,0.41734411883594635
624415,224.0,0.2898648601394515,0.3203459433846141,0.3183528699135425,0.3133099703308994,0.3137539871890856,0.32342339401447,0.3289528699135425,2024,345,-0.008606926528928378,-0.03227501823589929,0.01633710287707013,0.012400941158337434,0.01913615317671296,-0.04611309755792753,0.02889924450007077,2023,0.2966778516776432,0.34528997279061263,0.28283977235561497,0.35785211441361325,0.27565293230491766,0.3650389544643106,0.2427088120242079,0.39798307474502037
453568,499.0,0.3335353488873954,0.3260962466420073,0.3535528699135425,0.3285050413847436,0.3307829560370428,0.3387877481930593,0.3289528699135425,2024,403,-0.002856623271535151,-0.027496741967770535,0.021302928488522544,0.012422491760495839,0.018577811633127522,-0.039268464984034336,0.033555218440964034,2023,0.301456127945772,0.35025579840206505,0.28968440492950814,0.36250808835450654,0.2822940821117027,0.36989841117231204,0.2677859197385708,0.38440657354544394
680118,132.0,0.3175572466304284,0.3326874028062009,0.3625528699135425,0.3376166990279687,0.3267718296267815,0.3369124594805993,0.3289528699135425,2024,136,0.0037345328926584173,-0.01908957078540452,0.026688876458491093,0.011759524516886262,0.022395385103987156,-0.04015961533106122,0.04762868111637806,2023,0.309863299128138,0.3556417463720336,0.2887932545824813,0.3765815510299206,0.28311001053787577,0.38226479507452604,0.23385384068863324,0.43152096492376857
668709,642.0,0.3399843465367766,0.3171791758450462,0.3082528699135425,0.3061754410507982,0.3036821889655131,0.3197674847557849,0.3289528699135425,2024,302,-0.011773694068496335,-0.036090815365124256,0.014989186743436828,0.01244742018434631,0.0196696024145836,-0.05032540639130228,0.02677801825430961,2023,0.29286205454841824,0.3439420566569793,0.2786274635222402,0.3557308881678521,0.27155655531446665,0.3628017963756257,0.2615151820028605,0.37284316968723186
593428,489.0,0.3094262242561481,0.3397464703403183,0.3514528699135425,0.3562116788736562,0.3587488348623356,0.3409593072297587,0.3289528699135425,2024,655,0.010793600426775865,-0.01314216090803013,0.03629663358110698,0.012465728585817857,0.0161754623456455,-0.0209097232039731,0.04249692405752483,2023,0.3158107090055124,0.36524950349464946,0.3080431467095694,0.3714497939710673,0.29972095502546264,0.37977198565517406,0.2838734769860233,0.3956194636946134
664761,620.0,0.340422073258208,0.3324295772054602,0.3344528699135425,0.3259474701122374,0.3247146837711143,0.3302825010912287,0.3289528699135425,2024,659,0.0034767072919176583,-0.021779175056817136,0.029106780725332376,0.012666937750104674,0.016167493205346117,-0.028210997110856763,0.03516441169469208,2023,0.30717369485672535,0.3580596506388749,0.3007418728026857,0.3641172816082346,0.2921744195488616,0.3726847348620588,0.2807230494192936,0.38413610499162676
656248,108.0,0.3014018647024564,0.335913920717883,0.4774528699135425,0.3650703624486812,0.3467853673804328,0.3418433899040072,0.3289528699135425,2024,43,0.006961050804340564,-0.010716897733530425,0.025359659337996346,0.009346825874421415,0.024618764839664416,-0.04129084162526269,0.055212943233943816,2023,0.3182359721800121,0.35431252925153883,0.2876620282882798,0.3841658131474863,0.2843014505067646,0.38752639092900154,0.22677112414919026,0.44505671728657586
608324,642.0,0.3379687454551458,0.3508543187949597,0.3654528699135425,0.353618682002362,0.3542097180534224,0.3504045965927007,0.3289528699135425,2024,764,0.021901448881417283,-0.003492160684239586,0.04802978561577925,0.012865477130920068,0.01540769136447369,-0.008297071277859953,0.05209996904069452,2023,0.3254607092293029,0.37698265552932175,0.32065579863568255,0.381052838954237,0.31151234615149,0.39019629143842954,0.3006129383675395,0.40109569922238003
686823,365.0,0.3092286452117374,0.317515087476776,0.3054528699135425,0.3193996033948728,0.3179359620933436,0.3164075016598937,0.3289528699135425,2024,450,-0.011437782436766538,-0.0346052820386704,0.011485992802385162,0.011728864752518912,0.01794432895131021,-0.04660802090807395,0.02373245603454087,2023,0.2943475878748721,0.34043886271592766,0.2823448490054685,0.3526853259480834,0.27549841424771104,0.3595317607058409,0.25369713358103874,0.3813330413725132
681146,272.0,0.3627306218516782,0.3082373617350121,0.2445528699135425,0.2897474620737499,0.2958966371126622,0.313355996087813,0.3289528699135425,2024,105,-0.02071550817853035,-0.035496351236130215,-0.004404577419167343,0.007821727863257685,0.023070307229021356,-0.06593247945968626,0.024501463102625562,2023,0.2934565186774123,0.32454829249437517,0.2630203904538562,0.3534543330161681,0.2604922809366781,0.3559824425333462,0.2317524056710041,0.3847223177990202
664913,400.0,0.2958646572024601,0.3152436692453127,0.3046528699135425,0.3154574146243273,0.3267958551505258,0.3165943000033451,0.3289528699135425,2024,371,-0.013709200668229756,-0.038960994850985343,0.010053098395735077,0.01266341499206931,0.018873613732833673,-0.050700803842704326,0.023282402506244818,2023,0.28999187506255714,0.3390059683092776,0.2782520660708382,0.3522352724197873,0.27069703043494653,0.3597903080556789,0.2523466658686573,0.37814067262196815
660644,278.0,0.2824175781382745,0.3046499422663475,0.2193528699135425,0.2756638430029547,0.2755202811240035,0.3121211489167722,0.3289528699135425,2024,82,-0.024302927647194966,-0.03792841124821838,-0.010116940065350489,0.007154281620048695,0.02360166137471628,-0.07056133391694897,0.02195547862255904,2023,0.2910244586653241,0.31883592984819203,0.25839153599659354,0.35090834853610153,0.25631299572189997,0.35298688881079515,0.22807916593147953,0.3812207186012156
592178,155.0,0.2945161238793404,0.3115240571367948,0.3171528699135425,0.3435151730701623,0.3482238534944724,0.3223090903429732,0.3289528699135425,2024,324,-0.017428812776747665,-0.04130968387681619,0.00854302641646167,0.012449022054952207,0.019371443747543102,-0.055396144850475754,0.020538519296980428,2023,0.28764318603672634,0.33749589633000415,0.2735567250630667,0.3494913892105229,0.2663924663537515,0.3566556479198381,0.221416699355464,0.40163141491812565
669394,579.0,0.3308159680002265,0.3471258801865299,0.3615528699135425,0.3478474168402052,0.3469369361270599,0.344763078598807,0.3289528699135425,2024,547,0.01817301027298744,-0.008905297146697804,0.045987433989201784,0.014333005888277465,0.016911252297950895,-0.014972435164466537,0.05131845571044142,2023,0.3200475727668447,0.3749403039027443,0.31398043474907594,0.3802713256239839,0.30367716480750534,0.39057459556555457,0.29340165904512266,0.40085010132793725
676475,595.0,0.3288851298794553,0.3109530055123658,0.3079528699135425,0.3219364884391044,0.3152117668778043,0.3203739504662291,0.3289528699135425,2024,346,-0.017999864401176693,-0.043102170675401154,0.006895558032981578,0.012687382875977447,0.0191424487574646,-0.05551837454171082,0.01951864573935743,2023,0.2858506992381413,0.3358484279465241,0.2734344953718317,0.3484715156528999,0.26594192891382423,0.3559640821109074,0.2548527546071094,0.36705325641762226
683737,567.0,0.3431858362349789,0.3108610625379802,0.2464528699135424,0.3115117354082418,0.3049067967724795,0.3157792677944137,0.3289528699135425,2024,81,-0.018091807375562294,-0.03432573321596791,0.0003119147526855432,0.008688778832628618,0.023635006070895814,-0.06441556804890362,0.02823195329777903,2023,0.29462713669757457,0.32926478466622805,0.26453730186463886,0.35718482321132156,0.26150621205290914,0.3602159130230512,0.24784204555159767,0.3738800795243627
671732,451.0,0.3467705973272599,0.3096416464908504,0.2684528699135425,0.3167229951894767,0.3059555978144432,0.3152483435658935,0.3289528699135425,2024,129,-0.019311223422692057,-0.03925830649571616,0.0018374900712280493,0.01053117829670753,0.022555778129300246,-0.06351973619939677,0.024897289354012662,2023,0.28969456341782635,0.3307903599847706,0.26543313371414573,0.35385015926755514,0.26085197192604553,0.3584313210556554,0.24445399658506947,0.37482929639663143
621439,388.0,0.3701550347552435,0.3187455851343236,0.3189528699135425,0.3455694225656522,0.3509264058392776,0.3226571468779249,0.3289528699135425,2024,341,-0.010207284779218914,-0.038181375170115064,0.016264987649127587,0.013906028909022294,0.019156299975106046,-0.0477529428074723,0.027338373249034466,2023,0.29077149474342745,0.3452178575626701,0.2811999271060702,0.356291243162577,0.27235023323621993,0.3651409370324273,0.25489136592089,0.3825998043477572
676609,483.0,0.293081756532817,0.3230812034735775,0.3084528699135425,0.3204952269331113,0.3167276309989885,0.3213408082774022,0.3289528699135425,2024,279,-0.005871666439964991,-0.0276276461656852,0.015866944261276703,0.011029308868684199,0.019956939214877102,-0.04498654854277918,0.03324321566284919,2023,0.3013252237478573,0.3448198141748192,0.28396632137076333,0.3621960855763917,0.27839036802671385,0.36777203892044114,0.2624762618192241,0.38368614512793087
665828,335.0,0.3051050999859074,0.2939980782388213,0.2620528699135425,0.2986406433757451,0.2964195422320073,0.3016593819498953,0.3289528699135425,2024,322,-0.0349547916747212,-0.055710792362393034,-0.013026845769005785,0.011016667094860115,0.01935584050453948,-0.07289154195412018,0.002981958604677766,2023,0.2732420775511495,0.31592602414453674,0.2560613279594223,0.33193482851822026,0.2503469250205999,0.3376492314570427,0.2267007266325475,0.3612954298450951
641432,254.0,0.310276675365659,0.3191998557525707,0.3085528699135424,0.3108025551718107,0.313766113474035,0.3241879601374177,0.3289528699135425,2024,148,-0.00975301416097182,-0.031668286097559374,0.014021350950633199,0.011699671267281905,0.022188162328384067,-0.05324101320773297,0.03373498488578934,2023,0.2972845838159831,0.3429742208641757,0.27571185670580955,0.36268785479933185,0.27003651768809245,0.36836319381704896,0.24195833681708173,0.3964413746880597
669743,113.0,0.4305309669106407,0.307153546396354,0.3012528699135425,0.3104503286258834,0.3115491573644071,0.3135124698106327,0.3289528699135425,2024,432,-0.021799323517188426,-0.043803484832118364,0.002353520278955772,0.01156445078853959,0.018110233324622714,-0.05729472858506603,0.01369608155068918,2023,0.2851493850814241,0.33130639019249825,0.2716581413284765,0.3426489514642317,0.2650386188388436,0.3492684739538645,0.20507631038676072,0.4092307824059474
691406,177.0,0.3175287315215187,0.3183993856722223,0.2681528699135425,0.3355281982969675,0.3113020007902573,0.3239319493733629,0.3289528699135425,2024,38,-0.010553484241320188,-0.022771733229549916,0.004287272220895291,0.0069457165439010945,0.02475768971039154,-0.05907766441410549,0.03797069593146511,2023,0.3061811366839926,0.3332401421344378,0.269875205499437,0.3669235658450076,0.26800177187950786,0.36879699946493677,0.2278322699337739,0.4089665014106707
669134,299.0,0.2944444399891477,0.3384006609370953,0.3762528699135425,0.3367521619988212,0.3222278707990308,0.3411519077116224,0.3289528699135425,2024,173,0.009447791023552813,-0.014260872159119801,0.03430545074361479,0.012510040293453626,0.021685839121403313,-0.033055672628927404,0.05195125467603304,2023,0.3146919977544227,0.3632583206571573,0.2958971972846151,0.38090412458957557,0.2893319643497063,0.3874693575244843,0.2658176784734292,0.41098364340076143
600869,463.0,0.308134486773526,0.3376340731013228,0.3568528699135425,0.3357250620700319,0.3313822457936267,0.3471820213785529,0.3289528699135425,2024,569,0.0086812031877803,-0.017612534151900828,0.035362216810133004,0.013448900834086714,0.01672815162994556,-0.024105371534838004,0.0414677779103986,2023,0.31134033576164166,0.3643150867236755,0.3048474983787045,0.37042064782394113,0.2955653744238308,0.37970277177881484,0.2800970069841452,0.39517113921850044
592192,462.0,0.3239130380360976,0.3348058075707901,0.3442528699135425,0.3376468364481465,0.3525431688246827,0.3353922026805558,0.3289528699135425,2024,503,0.0058529376572476555,-0.018141148776366967,0.03054764599184767,0.012270494318830802,0.01732349038201051,-0.02810047957801897,0.03980635489251428,2023,0.31081172113717553,0.35950051590539017,0.3008523903355235,0.3687592248060568,0.2931978286759175,0.3764137864656628,0.2765543878470895,0.3930572272944908
686527,188.0,0.2948924694010006,0.3132762938084606,0.2975528699135425,0.3199067332186835,0.312606425759005,0.3202196057425394,0.3289528699135425,2024,182,-0.015676576105081875,-0.0387308684715312,0.0081913915349822,0.011980886116592373,0.02150737951619919,-0.05783026535866678,0.02647711314850303,2023,0.2902220014420113,0.3371442614485247,0.2711226045548757,0.35542998306204554,0.2650233893714834,0.36152919824543783,0.22793825407936172,0.3986143335375595
605170,282.0,0.3352313111685349,0.3226929415269201,0.3248528699135425,0.3061515547683418,0.3039305737860618,0.3284449558428874,0.3289528699135425,2024,226,-0.006259928386622449,-0.02943271591170218,0.017846475440655676,0.012172376955062387,0.02074432339542821,-0.046918055125313385,0.03439819835206849,2023,0.29952015400184034,0.34679934535419815,0.2820348147882291,0.363351068265611,0.2755520910905634,0.36983379196327676,0.2497305200943011,0.39565536295953907
666185,265.0,0.2628301838658891,0.3102064055264557,0.2992528699135425,0.3302208107860288,0.3233961755052637,0.3193316173521112,0.3289528699135425,2024,255,-0.018746464387086777,-0.04063306903426867,0.004301704660940336,0.011514346851264514,0.020317752080340003,-0.05856852671136694,0.021075597937193387,2023,0.28831980087927384,0.3332545745744828,0.2703843432021756,0.3500284678507359,0.26443416543736736,0.3559786456155441,0.2361004680209971,0.38431234303191436
681481,316.0,0.3884983988234791,0.3409452684989118,0.3587528699135425,0.3498586332862388,0.3432250301922004,0.3425902648575598,0.3289528699135425,2024,451,0.011992398585369341,-0.01366469159693284,0.038806720917516094,0.013440935636494549,0.018022379857487263,-0.023330816851005808,0.04731561402174449,2023,0.31528817831660966,0.3677595908310586,0.3056220530625367,0.376268483935287,0.2968802857972149,0.3850102512006087,0.2736902214258744,0.40820031557194925
572761,157.0,0.3170967694251768,0.314435771882383,0.2995528699135425,0.3201361907539938,0.3293377451235493,0.31926344301164,0.3289528699135425,2024,231,-0.014517098031159498,-0.03525963055197848,0.006846331347347224,0.011257920749990467,0.02071882626350708,-0.055125251309575955,0.02609105524725696,2023,0.293693239361564,0.33579920126088975,0.27382761860396654,0.35504392516079947,0.2682200646123474,0.3606514791524187,0.2236515662416569,0.4052199775231091
682998,684.0,0.3351988178816389,0.3597790670650291,0.3838528699135425,0.3783200635292392,0.3630732191212276,0.360680856868856,0.3289528699135425,2024,700,0.030826197151486615,0.0039268752567694675,0.05781277787851253,0.013792008517446202,0.015931155292032217,-0.0003982934530112163,0.06205068775598445,2023,0.332879745170312,0.386765647792055,0.32855457646053127,0.39100355766952694,0.3184790769245721,0.4010790572054861,0.3098970366458342,0.409661097484224
694497,162.0,0.2901234534787543,0.3506076945014244,0.4329528699135425,0.3813521040470311,0.3488801980863791,0.3527336386380313,0.3289528699135425,2024,141,0.021654824587881927,-0.0023932646097353225,0.04497977984488807,0.012192255662892835,0.02230589475273165,-0.022063925770413086,0.06537357494617693,2023,0.3265596053038072,0.37393264975843055,0.3068889441431294,0.39432644485971946,0.3007843445028286,0.40043104450002026,0.2595000708938344,0.44171531810901443
592200,125.0,0.2711382062454534,0.3063334433481673,0.2452528699135425,0.2960715168200704,0.3048334844609548,0.3134640506427708,0.3289528699135425,2024,93,-0.02261942656537518,-0.03675172947785979,-0.007930240729680862,0.007404456122811743,0.023340554088761945,-0.06836607195855769,0.02312721882780733,2023,0.2922011404356827,0.32102262918386165,0.2605867979549848,0.35208008874134983,0.2583400347110167,0.35432685198531794,0.20448429305502913,0.4081825936413055
671213,240.0,0.3464435102051771,0.3400332625050656,0.3750528699135425,0.3698446751055018,0.3463836389624181,0.3534998038252266,0.3289528699135425,2024,495,0.011080392591523092,-0.014923543689514252,0.03867208997103431,0.013734724140220575,0.017556866841947714,-0.023330434100059905,0.045491219283106094,2023,0.31402932622402824,0.36762495988457683,0.3056224358134826,0.3744440891966486,0.29634381349647476,0.38372271151365644,0.26589243564491494,0.41417408936521627
592206,676.0,0.3338038587463912,0.3414233296785714,0.3487528699135425,0.3403202579582734,0.3457804706492906,0.3396874418899722,0.3289528699135425,2024,715,0.012470459765028911,-0.01290292915370448,0.03921149916202433,0.013440930473986494,0.01578989771509213,-0.018477171076122952,0.04341809060618078,2023,0.316049940759838,0.3681643690755668,0.31047569883741954,0.3723709605197233,0.30078162113541235,0.3820650382217305,0.2915343302700338,0.39131232908710906
650489,635.0,0.3355221469191056,0.3221354756934559,0.3284528699135425,0.3117236898834215,0.3011181957265877,0.3298184794951371,0.3289528699135425,2024,422,-0.006817394220086613,-0.030274034260999685,0.01902826503710346,0.012416113379974917,0.01814763295792387,-0.04238610122226948,0.028751312782096257,2023,0.29867883565254283,0.347981134950646,0.286566768691273,0.35770418269563875,0.27903870416888465,0.36523224721802716,0.26832886464652883,0.375942086740383
595909,346.0,0.3017543819215562,0.3058467756746044,0.2823528699135424,0.2965966329546357,0.299382998289628,0.3140022974040953,0.3289528699135425,2024,201,-0.023106094238938075,-0.04474769353755679,2.5346057449324687e-05,0.011585016701213865,0.021192045225791527,-0.06464173964023347,0.018429551162357314,2023,0.2842051763759857,0.3289782159709918,0.26431113027330905,0.34738242107589984,0.25850987610362774,0.35318367524558114,0.23716841130166053,0.37452514004754833
656305,647.0,0.3499218708835542,0.3371975824635217,0.3396528699135425,0.3283926058240568,0.3353062714422505,0.3327858549969961,0.3289528699135425,2024,581,0.008244712549979272,-0.016442563617061656,0.03399739568269312,0.012759311390929505,0.016709975943009724,-0.024506238480850512,0.040995663580809055,2023,0.31251030629648086,0.3629502655962356,0.304446631432692,0.36994853349435153,0.29599061225449097,0.3784045526725526,0.2855022143338352,0.38889295059320833
665862,682.0,0.3297176773799652,0.3245413318222637,0.3359528699135425,0.3392117965919717,0.3341189880845615,0.3304620455462025,0.3289528699135425,2024,382,-0.004411538091278732,-0.030863776412721994,0.02256111192865114,0.01354666134505703,0.018723757023862458,-0.04110942751332802,0.032286351330770555,2023,0.2980890935008205,0.3515139818421936,0.2878434424002145,0.36123922124431307,0.2792457579965552,0.3698369056479723,0.2710210467790269,0.3780616168655006
665019,125.0,0.3055999975204467,0.3106808010727899,0.2836528699135425,0.2916923630896054,0.2930860492019059,0.3176902857075698,0.3289528699135425,2024,148,-0.01827206884075253,-0.03863538744457779,0.003568434887395806,0.010761405957101096,0.022162527643181915,-0.06170982482776245,0.02516568714625739,2023,0.2903174824689647,0.33252130480093833,0.26724304508578006,0.3541185570597999,0.2623930203878856,0.3589685817576943,0.20984760963320653,0.41151399251237336
676391,452.0,0.3199776737019419,0.3280474322626496,0.3797528699135425,0.3001875555179321,0.2981209998624908,0.3346191057600504,0.3289528699135425,2024,52,-0.0009054376508928763,-0.015831944769974782,0.015595064371791836,0.008259535296914538,0.02437017716508526,-0.04867010719132042,0.04685923188953467,2023,0.3131209251435677,0.3445479342853343,0.2802827627222221,0.37581210180307717,0.2776140337801491,0.3784808307451502,0.2604351313188671,0.3956597332064322
624424,488.0,0.334123707555004,0.3289825578061263,0.3253528699135425,0.3245292222130299,0.3307983745526393,0.3267949442738103,0.3289528699135425,2024,461,2.9687892583825023e-05,-0.024219904456022154,0.024773451362212342,0.012534997500102653,0.017854510822012015,-0.03496451028014036,0.03502388606530801,2023,0.3047329654575203,0.3537263212757548,0.29398835963340214,0.3639767559788505,0.286225247460561,0.3717398681516917,0.2711412054382938,0.3868239101739589
661388,691.0,0.3667883159470384,0.3510933764444196,0.3712528699135425,0.3636046571302928,0.3549368773594582,0.3519630564317829,0.3289528699135425,2024,609,0.02214050653087712,-0.0034165127052795817,0.047207180935452044,0.01279284317533456,0.016529397450761804,-0.0102565171587642,0.05453753022051844,2023,0.3255363572082629,0.37616005084899456,0.3186963527547783,0.38349040013406094,0.3101269494325305,0.39205980345630875,0.3006207530414559,0.40156599984738334
575929,358.0,0.3728932534041029,0.3468748965924245,0.3725528699135425,0.3551654688543953,0.3580004148884931,0.3501538131647598,0.3289528699135425,2024,488,0.017922026678882007,-0.007312946030824887,0.04524088203235583,0.013345864130806547,0.01753105329751549,-0.016438206395300504,0.05228225975306452,2023,0.3216399238827176,0.3741937519458983,0.312514663518242,0.381235129666607,0.30369115111102657,0.3900586420738224,0.2830637729278833,0.41068602025696566
643265,116.0,0.2633620649576187,0.3184504165073814,0.3172528699135425,0.3268055003066552,0.3385079915281219,0.3209855698527677,0.3289528699135425,2024,449,-0.010502453406161117,-0.03521987449814774,0.013439507187959006,0.012744415814682568,0.017855223090224553,-0.04549804759892921,0.024493140786606974,2023,0.29373299541539477,0.3423923771015015,0.2834548223146133,0.35344601070014947,0.27545481358016205,0.3614460194346007,0.21771493332138597,0.4191858996933768
621043,367.0,0.4030302973161387,0.3251118899803555,0.3263528699135425,0.3477842029903059,0.3535159343278182,0.3253324578069982,0.3289528699135425,2024,591,-0.003840979933186967,-0.02809728374344998,0.020090952087668708,0.01261129303320159,0.016656446102354453,-0.036487014404234255,0.028805054537860322,2023,0.3008555861700925,0.3490438220012112,0.29246585550930826,0.3577579244514028,0.2841640294945627,0.3660597504661483,0.26277333642235173,0.3874504435383593
681297,568.0,0.3296819747336761,0.3100878860226922,0.2411528699135425,0.3180626567172853,0.3045152278802304,0.3171324309816093,0.3289528699135425,2024,76,-0.01886498389085027,-0.03185834732412336,-0.004716687479840432,0.006953342180422369,0.023754445761569043,-0.06542284205623573,0.027692874274535192,2023,0.29709452258941915,0.32423618243370206,0.2635300278573068,0.3566457441880777,0.26157639537832916,0.35859937666705527,0.2469220254849544,0.37325374656043003
641487,451.0,0.2944320668621955,0.3531499663811861,0.3748528699135425,0.3379470890089772,0.3534779606997942,0.3523014960479428,0.3289528699135425,2024,626,0.024197096467643602,0.00027978544777418693,0.049651154418439813,0.01248144432152701,0.016543461834942652,-0.008227492908456913,0.05662168584374412,2023,0.3292326553613167,0.3786040243319823,0.3207253770050856,0.3855745557572866,0.31253222102600203,0.3937677117363702,0.2953019664631307,0.4109979662992415
630105,681.0,0.3268094487169116,0.3185435663655921,0.3152528699135425,0.3277123010854461,0.3429863174080631,0.3195356295124709,0.3289528699135425,2024,508,-0.010409303547950336,-0.03351658798452754,0.013781452661877757,0.012097397248307351,0.01749237325542308,-0.044693725132711234,0.02387511803681056,2023,0.29543628192901494,0.34273432257542025,0.28425914478083125,0.3528279879503531,0.27685894552088175,0.3602281872103026,0.26662694089723743,0.3704601918339469
691718,410.0,0.2956249959766864,0.3136842178586347,0.1327528699135425,0.3265635606910079,0.3068083401383,0.3206308107561905,0.3289528699135425,2024,17,-0.015268652054907725,-0.0202852911797557,-0.00986754628630756,0.002710686233570333,0.02537070147133721,-0.06499431320124602,0.03445700909143057,2023,0.3086675787337868,0.31908532362723496,0.2639585567122965,0.36340987900497307,0.26367554137302385,0.3636928943442457,0.24299346751191597,0.38437496820535355
665833,599.0,0.3364864822376419,0.3211029407905006,0.3308528699135425,0.3325992201403874,0.3247477222447757,0.3286301861114822,0.3289528699135425,2024,34,-0.007849929123041853,-0.019165394316060028,0.0030671039423809934,0.00572778238015486,0.02487234698955121,-0.05659883343354546,0.04089897518746175,2023,0.3097874755974825,0.33201997385592347,0.27235403647999706,0.3698518451010043,0.2710781039877687,0.3711277775932326,0.2570370487069089,0.3851688328740924
518595,346.0,0.3251453447480534,0.311640399984768,0.3023528699135425,0.3169857998344787,0.3283290027214449,0.3158751218003072,0.3289528699135425,2024,293,-0.01731246992877452,-0.04184671033345379,0.008797056562720403,0.013032290233416741,0.01974400657267,-0.05601001172172983,0.021385071864180788,2023,0.2871061595800887,0.3377499264762629,0.2729428581918127,0.35033794177772326,0.2652730044519303,0.3580077955176057,0.24464034300823834,0.37864045696129767
680779,122.0,0.2338842936783782,0.3166048195197665,0.2973528699135425,0.3203287315446932,0.3126394045403275,0.3173368315361869,0.3289528699135425,2024,253,-0.01234805039377598,-0.034992665530587316,0.01176526528526287,0.012182407302891173,0.02034111786174767,-0.0522159088080858,0.027519808020533842,2023,0.29396020438295517,0.3407181351988054,0.2767369611054567,0.35647267793407633,0.2701337418176705,0.36307589722186256,0.21623769997110684,0.4169719390684262
605204,157.0,0.291346149184765,0.3311973940872261,0.3342528699135425,0.3348585177238716,0.3414471941497403,0.330363293497355,0.3289528699135425,2024,542,0.002244524173683665,-0.02226681639715819,0.027839945544832774,0.012674459670833582,0.017078031125483756,-0.031227801759118542,0.03571685010648587,2023,0.30668605351638434,0.35679281545837527,0.29772506815442396,0.3646697200200284,0.28951411261324295,0.37288067556120935,0.2433728731122386,0.4190219150622137
650559,622.0,0.2936290279511482,0.3232433364333358,0.3246528699135425,0.3262528084723798,0.3273826340962434,0.3247081551070894,0.3289528699135425,2024,627,-0.005709533480206655,-0.029133899009067935,0.01916933636603499,0.012627090185542122,0.01635374536808114,-0.03776228541398442,0.026343218453571113,2023,0.29981897090447457,0.34812220627957746,0.2911905844995581,0.3552960883671136,0.28274797636534826,0.36373869650132346,0.2713640024812099,0.3751226703854618
682829,696.0,0.3588405755119047,0.3111475128877518,0.3130528699135425,0.3338577752842453,0.3073228413417069,0.3231054793753711,0.3289528699135425,2024,422,-0.017805357025790686,-0.042761584400210204,0.007443014137020002,0.012878696755075237,0.01817903559116442,-0.05343561205814476,0.017824898006563384,2023,0.2861912855133323,0.3363958840505625,0.2755172578553977,0.3467777679201059,0.2674821648128633,0.35481286096264036,0.2586434870074529,0.3636515387680508
657557,482.0,0.3096472989474095,0.2975244321919088,0.2728528699135425,0.2823644299333225,0.2901430015169071,0.3016221058061356,0.3289528699135425,2024,400,-0.031428437721633645,-0.054578386079125504,-0.0063152857708353655,0.012293172651693088,0.01836767367786295,-0.06742841661002938,0.004571541166762096,2023,0.274374483834417,0.32263758414270716,0.26152445330351315,0.3335244110803046,0.2542055243067252,0.34084334007709244,0.2388436903949208,0.35620517398889684
676356,362.0,0.2885793827702408,0.3214476690792941,0.3207528699135425,0.3340219512905646,0.3150083594753922,0.3284420024941343,0.3289528699135425,2024,45,-0.007505200834248396,-0.021142543060344972,0.008381800011560348,0.007718399446117008,0.024559837083872778,-0.05564159698481027,0.04063119531631348,2023,0.30781032685319754,0.33733466992510286,0.27331127292873225,0.369584065229856,0.27099013731907673,0.3719052008395115,0.24950047187869767,0.39339486627989056
646240,598.0,0.3705982864412487,0.3402870153175719,0.3735528699135425,0.3741975413899445,0.3649218901429745,0.3533454234807407,0.3289528699135425,2024,640,0.01133414540402938,-0.014231371062236233,0.039362578864058716,0.013540087580606859,0.01638070398217708,-0.02077144444244954,0.0434397352505083,2023,0.3147214988513063,0.3683154487776012,0.30818142547109295,0.3723926051640508,0.298633218346903,0.3819408122882408,0.28773569411798733,0.39283833651715644
553869,352.0,0.3109195352285758,0.3167427627751841,0.3306528699135425,0.3187366611311353,0.3118654201261236,0.3289195506111319,0.3289528699135425,2024,513,-0.012210107138358343,-0.03760651434523599,0.012722252859545993,0.01295661129295416,0.01730566169490851,-0.04612858078901341,0.021708366512296726,2023,0.2913463555683065,0.3416751227730885,0.28282428912452906,0.35066123642583924,0.2743712740932384,0.3591142514571299,0.2527820002953587,0.3807035252550096
673237,627.0,0.346159994316101,0.3450334915143557,0.3681528699135425,0.356698630880257,0.3415346795659805,0.3458861931734081,0.3289528699135425,2024,387,0.01608062160081318,-0.011117629894862924,0.04554263407561132,0.014781584673843922,0.018580399258844034,-0.02033629176489584,0.0524975349665222,2023,0.3178352400186796,0.3744955039891538,0.3086165781486467,0.3814504048800647,0.2984982138523917,0.39156876917631966,0.29047152914569174,0.39959545388301965
650490,621.0,0.3436084086840978,0.3794013116230224,0.4117528699135425,0.3667491966849291,0.3699241747417484,0.3744988964905893,0.3289528699135425,2024,602,0.050448441709479847,0.025132246025557727,0.07862126032942156,0.013520911718705286,0.01658175117861676,0.017948806598786407,0.08294807682017329,2023,0.35408511593910025,0.40757413024296407,0.3469016765123289,0.4119009467337158,0.33746680574851556,0.4213358174975292,0.3272190123699576,0.43158361087608715
680977,652.0,0.338863281976609,0.3336873298106723,0.3582528699135425,0.3519935981320115,0.3483085550619085,0.3409604298971758,0.3289528699135425,2024,362,0.004734459897129783,-0.018612951107872908,0.030055803835464683,0.012331412125458302,0.018975257412986325,-0.03245636122970009,0.041925281023959655,2023,0.3103399188056696,0.3590086737490072,0.2964965086838424,0.37087815093750215,0.2893330322305385,0.37804162739080605,0.2791834293177931,0.38819123030355146
686668,603.0,0.3345058581337857,0.2862405438583094,0.2724528699135425,0.2957609597156407,0.2847955327937394,0.2998594867263618,0.3289528699135425,2024,426,-0.04271232605523312,-0.06603518862151035,-0.018874522195108115,0.012280562086820811,0.018150065454468917,-0.07828580066303681,-0.007138851447429435,2023,0.26291768129203213,0.3100783477184344,0.2506670692505057,0.32181401846611307,0.2432892811122154,0.32919180660440334,0.23163292186453627,0.3408481658520825
592273,360.0,0.2394150372667232,0.340515665236768,0.3548528699135425,0.3430522244973155,0.34529877180911,0.3406298574703265,0.3289528699135425,2024,516,0.01156279532322554,-0.015501212209247675,0.038528366141992273,0.014182841730775761,0.01728556483952064,-0.02231628921466679,0.045441879861117876,2023,0.31345165770429484,0.3674812360555348,0.3066365806988757,0.37439474977466036,0.29669200343637303,0.384339327037163,0.2770888267134365,0.40394250376009955
643289,433.0,0.30198597601641,0.3307896291260565,0.3344528699135425,0.3116788267387489,0.3130477041176601,0.3302866327996789,0.3289528699135425,2024,512,0.0018367592125139972,-0.020932857161846292,0.02720054312765685,0.012596813620160217,0.017277755416978104,-0.032027019138454904,0.035700537563482904,2023,0.3080200127516962,0.35615341304119935,0.2969258507750876,0.3646534074770254,0.28888119239982657,0.3726980658522864,0.2713152793460792,0.39026397890603376
677649,285.0,0.285438591137267,0.3269490435031753,0.3424528699135425,0.3320082876604706,0.322292098491107,0.3340916848739607,0.3289528699135425,2024,437,-0.002003826410367209,-0.027306190917130563,0.02467724261941261,0.0131177430800951,0.01803944746956361,-0.0373604937517141,0.03335284093097968,2023,0.30164667899641195,0.3536301125329551,0.2915923761618284,0.3623057108445222,0.2832327575558948,0.37066532945045577,0.25707852415458776,0.3968195628517628
680776,732.0,0.3721311431927759,0.3318800099024321,0.3645528699135425,0.3332630745488369,0.3151983816310654,0.3449428691871368,0.3289528699135425,2024,360,0.00292713998888964,-0.022194801351514824,0.029058144595942186,0.013073861398835047,0.0189484148834414,-0.03421107074677823,0.04006535072455751,2023,0.3067580685620277,0.3580110145094847,0.29474179916676424,0.3690182206381,0.2867596007950183,0.37700041900984604,0.27902865745705513,0.3847313623478092
594807,330.0,0.27090908704382,0.3372535515052764,0.3542528699135425,0.3212254216413189,0.327878047185234,0.3396027954550601,0.3289528699135425,2024,346,0.008300681591733895,-0.019186170408020203,0.0387053105861111,0.014972845609625004,0.019072649383788234,-0.029081024290251098,0.04568238747371889,2023,0.30976669950552227,0.3676581804996536,0.2998718456232914,0.3746352573872614,0.28972888814326814,0.3847782148672847,0.26991899399078967,0.40458810901976316
669242,220.0,0.3348623806730323,0.313073492049655,0.3156528699135425,0.3196369037486401,0.3170192283463717,0.3229811836626188,0.3289528699135425,2024,517,-0.015879377863887517,-0.040788030327300155,0.008606487031920924,0.012627260070984624,0.017243288321279988,-0.04967560194863642,0.017916846220861385,2023,0.28816483958624234,0.3375593569454634,0.2792772679649061,0.34686971613440387,0.27118439413523915,0.35496258996407076,0.23660774276330257,0.38953924133600737
669364,303.0,0.3709999934832255,0.3211358906793223,0.3210528699135425,0.3350200985691132,0.3159914812492457,0.3277435799218675,0.3289528699135425,2024,82,-0.007816979234220135,-0.023472677139792616,0.00854015995905058,0.008241595700450426,0.02360212167805149,-0.05407628768193312,0.038442329213492846,2023,0.3054801927737499,0.3374930298725931,0.2748765822316094,0.36739519912703533,0.27213741640042743,0.3701343649582173,0.2465975184405344,0.3956742629181103
687952,123.0,0.2262295049722077,0.3316156541597614,0.3553528699135425,0.3497814208954084,0.3261623512172488,0.3371617804009845,0.3289528699135425,2024,241,0.002662784246218914,-0.022765990703897558,0.028803224485158083,0.01340169716039398,0.020529938881108847,-0.037575156565562956,0.042900725058000785,2023,0.30618687920964494,0.3577560943987006,0.29137771334797957,0.3718535949715433,0.283563193637907,0.3796681146816158,0.23144466081382647,0.43178664750569634
669289,391.0,0.2917098395256181,0.3181029422719728,0.3059528699135425,0.3180257904070927,0.3219684008103011,0.3198876031411164,0.3289528699135425,2024,253,-0.010849927641569671,-0.03303827847351148,0.010903631514131241,0.01114546504277096,0.020356311049197287,-0.05074756415609111,0.02904770887295177,2023,0.295914591440031,0.33985650142767376,0.2782053057574514,0.3580005787864943,0.27261654037320615,0.3635893441707395,0.25299504640953274,0.3832108381344129
642731,381.0,0.2724999959531583,0.329949676256856,0.3328528699135425,0.3335828439351341,0.3356138781157957,0.3299431391582548,0.3289528699135425,2024,523,0.0009968063433135436,-0.02269545714785692,0.02611942693052228,0.012632711248437086,0.017222828194568936,-0.03275931662996258,0.03475292931658966,2023,0.3062574127656856,0.35507229684406477,0.29619355328357994,0.36370579923013213,0.28808660714278883,0.3718127453709233,0.26785158211728355,0.3920477703964286
656413,233.0,0.3034934453568604,0.3176840405308705,0.3209528699135425,0.3269846901197971,0.3152736750192018,0.3253975666380049,0.3289528699135425,2024,251,-0.011268829382671961,-0.03271543850125519,0.013662373906773717,0.0119070143074458,0.02036399285830947,-0.05118152196638939,0.028643863201045474,2023,0.2962374314122873,0.3426152438203162,0.2777713479471531,0.35759673311458795,0.27144927550491926,0.36391880555682177,0.2399965379549452,0.39537154310679584
571657,242.0,0.2898340210380395,0.3261950416661874,0.3350528699135425,0.3194097095327073,0.31897968730715,0.3306523666227359,0.3289528699135425,2024,370,-0.00275782824735506,-0.0262679246165296,0.021972161966591866,0.012671300633938502,0.018783802704133514,-0.03957340504016282,0.03405774854545271,2023,0.3026849452970129,0.35092503188013435,0.2893794648733797,0.3630106184589952,0.28178582565180005,0.37060425768057487,0.2511450497481782,0.4012450335841967
666023,368.0,0.3117808162349544,0.3269764684686452,0.3414528699135425,0.3305624568559411,0.3202948948515391,0.3329480125582373,0.3289528699135425,2024,234,-0.001976401444897257,-0.02662466558485257,0.024070960378418414,0.01296985491193887,0.020648537629866993,-0.04244679153285662,0.038493988643062096,2023,0.30232820432868995,0.35302383029196094,0.28650607838068587,0.3674468585566046,0.27918471524250343,0.3747682216947871,0.26026424903267603,0.3936886879046145
666149,341.0,0.3703539775887773,0.3228770247972205,0.3188528699135425,0.331153920326829,0.3164272749669165,0.3277454367060469,0.3289528699135425,2024,34,-0.006075845116321992,-0.019827750876538736,0.010033584747768505,0.0076715197110889515,0.02487280494682446,-0.054825647006587624,0.042673956773943644,2023,0.3091251190370038,0.338986454661311,0.2741272229069549,0.37162682668748614,0.271861129788597,0.37389291980584405,0.24931130703077117,0.39644274256366985
666150,241.0,0.2344537770547786,0.3263919297120605,0.3481528699135425,0.3377727731826003,0.3215312093400911,0.3317221179393059,0.3289528699135425,2024,99,-0.002560940201482023,-0.02133892797340273,0.017585322000817097,0.010226596789302593,0.023205748581007404,-0.048043371654548,0.042921491251583954,2023,0.30761394194013975,0.3465381919143596,0.28090949825899447,0.37187436116512645,0.2766887714462111,0.37609508797790986,0.24662029611563396,0.406163563308487
527038,242.0,0.2762499958276748,0.3542062754815054,0.3804528699135425,0.3386574791605245,0.3427138020919781,0.3543203261947664,0.3289528699135425,2024,448,0.025253405567962912,-0.0019092846191826893,0.052381263298363914,0.014060146328315145,0.01795085954439678,-0.009929632630591864,0.06043644376651769,2023,0.3270435852943598,0.3813341332119064,0.3190232372829506,0.3893893136800602,0.3095156121104946,0.3988969388525162,0.2799434936241908,0.42846905733882
664314,111.0,0.2854545430703596,0.3158640534718406,0.2913528699135425,0.316394237756495,0.3088306459211903,0.3237596758910346,0.3289528699135425,2024,71,-0.013088816441701847,-0.027714179440649026,0.003703162587431517,0.008024774482090173,0.02388115975743904,-0.05989502947532966,0.03371739659192597,2023,0.3012386904728935,0.33265603250097403,0.26905784043821285,0.36267026650546846,0.2664859204238094,0.3652421865198719,0.2085528143537753,0.42317529258990605
663743,335.0,0.2628048736511207,0.2978050185720299,0.2670528699135425,0.3014583652107234,0.3075626476571077,0.3012503762526285,0.3289528699135425,2024,318,-0.031147851341512593,-0.05228109346545582,-0.00923771461544894,0.011079835086944479,0.019422278134683064,-0.06921481698321118,0.006919114300185991,2023,0.27667177644808666,0.3197151552980936,0.2597380529303313,0.3358719842137285,0.2539794335225766,0.3416306036214832,0.2304341763283469,0.3651758608157129
641584,382.0,0.3230263104564265,0.3257133326936377,0.3402528699135425,0.3393909540457516,0.335364946945644,0.3350197880917663,0.3289528699135425,2024,372,-0.003239537219904774,-0.02998342578069723,0.02279463027558073,0.013442313667141784,0.018874594582625165,-0.040233062824644915,0.033753988384835364,2023,0.29896944413284526,0.3517475001891232,0.2887198070888976,0.36270685829837784,0.28029685552000233,0.3711298098672731,0.26185327772341654,0.3895733876638589
664034,535.0,0.3042990607635997,0.3311222805324659,0.3198528699135425,0.3366740912454525,0.350389536389429,0.3217466280842501,0.3289528699135425,2024,655,0.0021694106189234274,-0.020093270289830253,0.02387478299014041,0.01138434079817011,0.016192393706092104,-0.02956709786851015,0.033905919106357006,2023,0.30885959962371223,0.3528276529036829,0.29938577204503236,0.3628587890198995,0.2923270310037452,0.3699175300611867,0.27688298853944726,0.38536157252548464
624428,297.0,0.2697278867367984,0.314713447276095,0.3065528699135425,0.3074683637401125,0.3238861418663371,0.3171818199222893,0.3289528699135425,2024,450,-0.014239422637447409,-0.03873830238524551,0.012783365341115599,0.012889304844844834,0.017968865458515965,-0.0494577517791845,0.020978906504289685,2023,0.290214567528297,0.3417362352546581,0.279495118134358,0.3499317764178322,0.2713714547475248,0.35805543980466537,0.2459719965930655,0.38345489795912463
518692,693.0,0.3703947318227668,0.3901619711152321,0.4262528699135425,0.3933400309332854,0.4005842479424168,0.3877869283605563,0.3289528699135425,2024,717,0.06120910120168966,0.03579656009104078,0.08744556828012992,0.013238006368155728,0.01588607601433332,0.03007296435793074,0.09234523804544859,2023,0.36474943000458326,0.4163984381936724,0.3590258342714732,0.4212981079589911,0.3496322937329825,0.4306916484974818,0.3405328003638514,0.4397911418666129
671289,383.0,0.2910290192173779,0.3168069725777169,0.2924528699135425,0.3181719695714357,0.3116973768174211,0.3190351625372148,0.3289528699135425,2024,166,-0.012145897335825547,-0.03338527516436275,0.010922022832657186,0.011219952214919265,0.021808318805485102,-0.054889416757943926,0.03059762208629283,2023,0.29556759474917976,0.3398748927461997,0.27406345315559855,0.35955049199983535,0.26873827758799135,0.36487566756744255,0.24950526754382407,0.38410867761160983
686217,535.0,0.3104323254043895,0.3153155316768532,0.3047528699135425,0.326746542184654,0.3126058555447061,0.3210918393777161,0.3289528699135425,2024,231,-0.013637338236689308,-0.03393305372534899,0.009739041997055314,0.011022959142854798,0.020713563246619993,-0.054235176191557044,0.026960499718178432,2023,0.2950198161881935,0.33869191191059783,0.27471769372198546,0.35591336963172093,0.26932701882774657,0.36130404452595977,0.2554583744478242,0.3751726889058821
670770,341.0,0.3146449655470763,0.3425115690433453,0.3702528699135425,0.3494328676568346,0.3355838894233601,0.3504764832909347,0.3289528699135425,2024,542,0.013558699129802832,-0.011472502108536708,0.040111955196334495,0.013205532013260676,0.01715393213803751,-0.020062390053994853,0.04717978831360052,2023,0.31748036780500577,0.369064825109877,0.30889047985954765,0.37613265822714304,0.30008192649461013,0.38494121159208056,0.27796895301286817,0.4070541850738225
681807,423.0,0.3625598035075448,0.3256825114205286,0.3308528699135425,0.3303698774303284,0.3198344781066707,0.3293584208888367,0.3289528699135425,2024,113,-0.0032703584930139076,-0.02378762801366764,0.018612803006759673,0.010955556857963105,0.022894275267698005,-0.048142313469848104,0.04160159648382029,2023,0.3051652418998749,0.34756567292030216,0.2808105564436944,0.3705544663973628,0.27593755725059116,0.3754274655904661,0.25889593499194685,0.3924690878491104
608336,260.0,0.2828846119917356,0.322851214239409,0.3284528699135425,0.3217999191640737,0.3303627339899109,0.3273069288875598,0.3289528699135425,2024,329,-0.006101655674133446,-0.032631601676797836,0.021680844561699986,0.01400966983312714,0.01932099487495014,-0.04397010977451869,0.0317667984262518,2023,0.29632126823674465,0.3506337144752425,0.2849827601390238,0.3607196683397943,0.27607529950277854,0.36962712897603955,0.24926435077217318,0.3964380777066449
666969,637.0,0.3054416362983571,0.3537724853003086,0.3799528699135425,0.3435955520050224,0.3441290447754014,0.3575937491306066,0.3289528699135425,2024,696,0.02481961538676614,-0.0038158718872373858,0.053394710268989946,0.014464067834427136,0.015887234124221376,-0.006318791310663506,0.055958022084195785,2023,0.32513699802630514,0.38234758018253245,0.322634078602879,0.3849108919977383,0.3116622831825963,0.39588268741802096,0.3028362403582796,0.40470873024233767
671277,528.0,0.3341904711723327,0.3144653429044754,0.3147528699135425,0.3212762385093478,0.3127559174432364,0.3201984887811912,0.3289528699135425,2024,474,-0.014487527009067067,-0.03929060857623376,0.009473266981018295,0.012434090379110765,0.017748494295362533,-0.04927393660779224,0.020298882589658104,2023,0.28966226133730877,0.3384261368945608,0.2796789333057503,0.3492517525032006,0.2719917135123734,0.35693897229657745,0.25815869604186614,0.3707719897670847
672580,649.0,0.2796123986096345,0.3126203077183325,0.3090528699135425,0.3232326607570283,0.3118799562750792,0.3175744218254277,0.3289528699135425,2024,511,-0.01633256219521,-0.037803762373803104,0.006994216191436768,0.011379738263487217,0.017363222498879696,-0.050363852948569765,0.017698728558149763,2023,0.2911491075397394,0.33594708610497925,0.27858901696497274,0.34665159847169225,0.2719313450102619,0.3533092704264031,0.26015141179897633,0.36508920363768865
641598,430.0,0.2865967330954847,0.3485630529350986,0.3813528699135425,0.3508131505345077,0.3534947870037294,0.3521626227683205,0.3289528699135425,2024,397,0.01961018302155616,-0.008755576598927358,0.046362043821381586,0.014160884407725607,0.018485283486277513,-0.01662030685556078,0.0558406728986731,2023,0.32019729331461516,0.3753149137349241,0.31233256305798174,0.3847935428122156,0.3029233923286014,0.3942027135415959,0.2875731463752975,0.4095529594948998
680869,547.0,0.2797421693362803,0.3397892554565914,0.3629528699135425,0.3562044668775097,0.3399735186036164,0.3421208842170033,0.3289528699135425,2024,298,0.010836385543048936,-0.016097631475908654,0.038620092197005226,0.013912097695882612,0.019702692983417883,-0.02778018310290014,0.04945295418899801,2023,0.31285523843763385,0.36757296211054774,0.30117268681064235,0.37840582410254053,0.2925162172762191,0.38706229363696376,0.2816214708329356,0.3979570400802473
665926,673.0,0.2926756299486431,0.3264772855453524,0.3231528699135425,0.3365995838575822,0.3366519135923654,0.3227857003985191,0.3289528699135425,2024,599,-0.002475584368190148,-0.02649029527542863,0.022491988217972884,0.012571656026501466,0.01664549259473533,-0.03510015035879956,0.030148981622419267,2023,0.3024625746381139,0.3514448581315154,0.29385271955474296,0.35910185153596175,0.2855934065343439,0.36736116455636086,0.27546411002896304,0.3774904610617417
502671,654.0,0.3297692261292384,0.3431054149595009,0.3603528699135425,0.3712741390174987,0.3837965923483176,0.3460497111829435,0.3289528699135425,2024,676,0.014152545045958403,-0.0108724023822332,0.039744527364856105,0.012817164900822846,0.01602350151593149,-0.017252940831490277,0.045558030923407086,2023,0.3180804675313093,0.3686973972783986,0.31169992908205224,0.3745109008369496,0.30288877278673304,0.3833220571322688,0.2924204295993049,0.3937904003196969
693304,387.0,0.3228459479603381,0.3130478689115973,0.2698528699135425,0.3157022180817895,0.3070576254106317,0.3159149996414335,0.3289528699135425,2024,127,-0.015905001001945158,-0.035429588241082305,0.00537694725089496,0.010337217161644449,0.022590775343265392,-0.0601821070575808,0.028372105053690488,2023,0.2935232816724602,0.33432981716443744,0.2687707628559617,0.357324974967233,0.2643554367212276,0.36174030110196714,0.24496673908978348,0.3811289987334112
663853,214.0,0.3254629580510987,0.3085684012267634,0.2449528699135424,0.2956317681206057,0.2949454163195142,0.3136315372273178,0.3289528699135425,2024,94,-0.020384468686779095,-0.03953827309317934,0.0008696525354975407,0.010212096719344062,0.023316028064684774,-0.06608304395608638,0.025314106582528202,2023,0.2894145968203632,0.32982252244904003,0.2628698259574561,0.3542669764960707,0.2586787861944061,0.35845801625912077,0.22535123446429767,0.3917855679892292
696100,224.0,0.2770089259637253,0.3120426706051279,0.2722528699135425,0.3224060675567289,0.3062046164642191,0.3201684844970852,0.3289528699135425,2024,77,-0.016910199308414572,-0.034986189045704705,0.00178028209618395,0.009379968246090099,0.023730856819786015,-0.06342182399747189,0.02960142538064274,2023,0.2939666808678378,0.33073315200972647,0.26553104591607063,0.35855429529418525,0.26202949841706136,0.36205584279319447,0.22967676423706707,0.39440857697318876
624503,275.0,0.273443219644246,0.3064861599196725,0.2417528699135425,0.3140281879427872,0.3152638646313182,0.3136226971646038,0.3289528699135425,2024,90,-0.022466709993869995,-0.04007854130225003,-0.002746919194688989,0.00955326503743819,0.023424517745319548,-0.0683779211299157,0.023444501142175708,2023,0.2888743286112925,0.3262059507188535,0.2605749487836268,0.3523973710557182,0.25690360695085257,0.3560687128884924,0.22985914021247028,0.3831131796268747
669357,402.0,0.2913749966025352,0.334432519490338,0.3527528699135425,0.3467922038631012,0.3354071322586773,0.3409123140250161,0.3289528699135425,2024,457,0.0054796495767955025,-0.021854063089432905,0.03269342384536037,0.01382243276168836,0.017926495749833415,-0.02965563646188834,0.040614935615479346,2023,0.3070988068241096,0.3616462937589029,0.29929723345165415,0.36956780552902185,0.29006545858924826,0.3787995803914277,0.27271324574838385,0.3961517932322921
518735,243.0,0.3320833285649617,0.3095882863115877,0.2944528699135424,0.3117635542065705,0.321913991633855,0.3145206467984209,0.3289528699135425,2024,396,-0.019364583601954796,-0.04295469545375841,0.0033327302012262873,0.011900601672338185,0.01846205608543232,-0.055549548609960676,0.016820381406051084,2023,0.2859981744597841,0.33228560011476876,0.2734033213035818,0.3457732513195936,0.2665372040191748,0.3526393686040006,0.23496345806844737,0.384213114554728
682985,615.0,0.3613114708759745,0.3387717825255933,0.3566528699135425,0.3413248746083331,0.3336640872407281,0.3398248285396461,0.3289528699135425,2024,408,0.00981891261205084,-0.014853780218941664,0.036672321748504655,0.013103121731709,0.018480044387788597,-0.02640130882071636,0.04603913404481804,2023,0.3140990896946008,0.36562519166204716,0.30255156109282616,0.3749920039583605,0.2943707530691311,0.38317281198205566,0.28404581386293315,0.3934977511882536
545341,279.0,0.3802867339503381,0.3274211377944985,0.3434528699135425,0.3226947946239349,0.3170473111114971,0.3352457170785419,0.3289528699135425,2024,469,-0.0015317321190439475,-0.026504995844228843,0.02437348873182857,0.013043838398225873,0.017635988926406238,-0.03609763524654739,0.03303417100845949,2023,0.30244787406931367,0.3533263586453711,0.2928552346669951,0.361987040922002,0.28442818406143977,0.37041409152755733,0.25738757200172263,0.39745470358727447
663757,209.0,0.3101449237353559,0.3179805972134553,0.3155528699135425,0.3131356954280007,0.3222937932900526,0.319281092240913,0.3289528699135425,2024,542,-0.010972272700087226,-0.03363415793679194,0.013224423004323041,0.012060190833396569,0.01713956363928866,-0.044565200143825257,0.022620654743650808,2023,0.2953187119767506,0.3421772929178655,0.28438766976971724,0.3515735246571933,0.27690483725249637,0.3590563571744142,0.24000025834818695,0.3959609360787236
687093,114.0,0.2320175390494497,0.316663213413784,0.2940528699135425,0.3317883278849753,0.321070097694239,0.3229355763313384,0.3289528699135425,2024,81,-0.012289656499758453,-0.028714900140530904,0.0034843898536227125,0.008253705443031873,0.023630496200094702,-0.05860457798875467,0.03402526498923777,2023,0.3002379697730116,0.3324372597671652,0.2703482919247878,0.36297813490278025,0.267604410306469,0.36572201652109915,0.21071718553204338,0.42260924129552474
543257,245.0,0.29755101520188,0.3158148731133947,0.3177528699135425,0.3161161053607981,0.3199596664155875,0.3255245649961014,0.3289528699135425,2024,434,-0.01313799680014777,-0.037375866668693025,0.01136727882628516,0.012432973489804856,0.018017324402751157,-0.04845130372731468,0.02217531012701914,2023,0.2915770032448495,0.34032014873982763,0.2805015661862278,0.3511281800405616,0.27290988674405614,0.3587198594827333,0.2418434502076814,0.3897862960191081
665489,694.0,0.4046852067658353,0.3449443185232797,0.3529528699135425,0.3751540269202283,0.3727727611300194,0.3408896559153453,0.3289528699135425,2024,678,0.015991448609737207,-0.008807505545440936,0.04071878681709799,0.012623392261472266,0.016009620416347667,-0.015386830812461363,0.04736972803193577,2023,0.3201453643681016,0.3696716567306405,0.31356603910108116,0.3763225979454783,0.30498517681302517,0.3849034602335343,0.29518449701625227,0.3947041400303072
641645,187.0,0.271774189126107,0.3152870456847991,0.2865528699135425,0.3162129734385817,0.3240410345088055,0.3190462757234716,0.3289528699135425,2024,115,-0.013665824228743361,-0.032291095227495556,0.005051914852461105,0.00939022037209324,0.022840488102082588,-0.05843235829814085,0.031100709840654123,2023,0.29666177468604693,0.3340047847660036,0.27052051161540164,0.3600535797541966,0.26688489736189674,0.36368919400770156,0.22845887027507,0.4021152210945283
666971,553.0,0.3302536181349685,0.3358794699957936,0.3403528699135425,0.3366426029228302,0.3404754585484585,0.333557361165897,0.3289528699135425,2024,646,0.0069266000822511475,-0.018481031965695845,0.032992122868358925,0.012940796815246685,0.01625679132459119,-0.024936125418130783,0.03878932558263308,2023,0.31047183794784666,0.3619449927819014,0.3040167444954117,0.3677421954961756,0.29515429117623027,0.37660464881535705,0.28214908464938304,0.38960985534220427
666152,316.0,0.3152996799923268,0.3113942113938627,0.2153528699135425,0.3176646520054491,0.305504829592385,0.3200997777952655,0.3289528699135425,2024,39,-0.017558658519679724,-0.027779112603202323,-0.006217345519414797,0.005514971670951944,0.024729926790184046,-0.06602842436875267,0.030911107329393225,2023,0.3011737573103402,0.3227355243941277,0.26292444554478983,0.35986397724293573,0.2617338062858861,0.3610546165018394,0.23639534467245246,0.386393078115273
641658,235.0,0.2723175919107101,0.3321233463974896,0.3503528699135425,0.3113098486918036,0.3024573223287564,0.3350762854378009,0.3289528699135425,2024,248,0.003170476483947092,-0.019516700478786262,0.026616758299404915,0.011808578497195334,0.020395666682354558,-0.03680429565415137,0.04314524862204555,2023,0.3094361694347562,0.3555696282129474,0.2921485742593911,0.37209811853558805,0.2859319496936289,0.37831474310135027,0.2546475410568101,0.4095991517381691
571745,423.0,0.2857819860580408,0.3091560802901191,0.2839528699135425,0.3252662166110655,0.3389567908209905,0.3126344487278847,0.3289528699135425,2024,229,-0.019796789623423336,-0.04247526401481454,0.004911286784538835,0.012146120563059389,0.020724805944971374,-0.060416662862148834,0.020823083615302163,2023,0.28647760589872795,0.33386415669808134,0.2685362070513937,0.34977595352884466,0.2620742602428989,0.3562379003373394,0.24514882640793884,0.37316333417229947
664023,657.0,0.3468702246214597,0.3329930895260222,0.3479528699135425,0.3432365596389291,0.3324945622292369,0.3435612494351384,0.3289528699135425,2024,683,0.004040219612479687,-0.020991842977834265,0.028276874838533632,0.012480353090187635,0.01595680662424431,-0.02723454667930932,0.035314985904268695,2023,0.30796102693570826,0.35722974475207614,0.3017183232342332,0.3642678558178112,0.29328851031566255,0.3726976687363818,0.2824604522330989,0.3835257268189455
547180,648.0,0.3889589858732012,0.3631462307695438,0.4009528699135425,0.3921159459906479,0.398063793835674,0.3674999135769455,0.3289528699135425,2024,591,0.034193360856001255,0.009229314366719713,0.06029127799805251,0.013081472285182708,0.016796152178945613,0.001273507506413897,0.0671132142055886,2023,0.3381821842802622,0.389244147911595,0.3302263774199564,0.39606608411913113,0.3214199073396382,0.40487255419944934,0.3113675263516928,0.41492493518739476
671739,478.0,0.3361635168143538,0.3322575911251556,0.3492528699135425,0.3594536314330243,0.3480250567375478,0.3381678942604492,0.3289528699135425,2024,544,0.003304721211613108,-0.022800897692190788,0.028785450757776332,0.013024398989098936,0.017105198601881418,-0.030220851996479354,0.03683029441970557,2023,0.3061519722213517,0.35773832067131883,0.29873201791706316,0.3657831643332481,0.29011960580313245,0.3743955764471788,0.2749046036657642,0.38961057858454706
663647,396.0,0.2693384169925563,0.333795017435564,0.3397528699135425,0.3245122303811293,0.3217122411464634,0.333516111794077,0.3289528699135425,2024,517,0.004842147522021484,-0.018818349004381348,0.03185414710127355,0.013017214103532524,0.01727628757711137,-0.029018753915673556,0.038703048959716525,2023,0.31013452090916116,0.36080701701481604,0.29993411599786896,0.36765591887325905,0.2913982294179734,0.3761918054531546,0.27247330107808554,0.39511673379304246
669720,259.0,0.3078124956227839,0.3440870410282292,0.3468528699135424,0.3356169985014566,0.3352961971340156,0.3378937680146991,0.3289528699135425,2024,572,0.015134171114686713,-0.009886347768640153,0.03946706405069774,0.012666314859891956,0.01684585507184012,-0.017883098114901325,0.04815144034427475,2023,0.31906652214490233,0.3684199339642402,0.31106977179864115,0.37710431025781727,0.3027778827527047,0.3853961993037538,0.27276721623558986,0.4154068658208686
595978,160.0,0.1980891687095544,0.2895077203392361,0.2188528699135425,0.2501904779896006,0.2602562128073282,0.29341715607053,0.3289528699135425,2024,199,-0.039445149574306365,-0.05814448134295473,-0.020033242695602995,0.009506464471804775,0.021193603112001823,-0.08098384837646594,0.0020935492278532156,2023,0.27080838857058775,0.30891962721793953,0.24796902153707656,0.3310464191413957,0.24398160536860747,0.33503383530986475,0.19898369414154898,0.38003174653692323
641680,491.0,0.269387750722924,0.3180816156098582,0.3234528699135425,0.3138815824213495,0.3078673009029873,0.3274638009258989,0.3289528699135425,2024,561,-0.010871254303684293,-0.036231631896920996,0.01565169371915858,0.013154348668117394,0.01690149407659937,-0.04399757397873612,0.022255065371367528,2023,0.29272123801662153,0.3446045636327011,0.2849552959348064,0.35120793528491,0.27610463217468867,0.36005859904502774,0.2614651714043394,0.374698059815377
683002,728.0,0.3850550917554493,0.3461944395952855,0.3628528699135425,0.3625532970596517,0.3466709450401852,0.3461634175577226,0.3289528699135425,2024,627,0.017241569681742994,-0.009474202816599317,0.044710970815872046,0.013986418083335603,0.01647882216935765,-0.015056328277838205,0.04953946764132419,2023,0.31947866709694317,0.37366384072941455,0.3138965416357043,0.37849233755486666,0.30383148446192004,0.388557394728651,0.2965462542799602,0.39584262491061084
571771,450.0,0.3053571382271392,0.3075973349587705,0.2939528699135425,0.311749085965626,0.3170368197221957,0.3092620584319834,0.3289528699135425,2024,511,-0.021355534954772017,-0.04399827470028606,0.0017601149267040565,0.011806293100243047,0.017255357373103266,-0.0551754139464221,0.012464344036878062,2023,0.28495459521325645,0.3307129848402466,0.2737774559671204,0.3414172139504206,0.26661880868081167,0.34857586123672935,0.2489124016644304,0.3662822682531106
606192,723.0,0.3680806628354567,0.3402917644718946,0.3335528699135425,0.3479417100889177,0.3580043792633409,0.3299161835185112,0.3289528699135425,2024,666,0.011338894558352075,-0.013227107646205463,0.03720999700905319,0.012731309887236596,0.01609485791226769,-0.020206447285982122,0.04288423640268627,2023,0.31572576226733706,0.3661628669225957,0.30874642262756036,0.3718371063162288,0.30007042371351156,0.3805131052302776,0.2910299207792779,0.38955360816451123
671056,259.0,0.3639534822730131,0.3259557172600171,0.3532528699135425,0.3289926454778396,0.3126766376779566,0.3310299416256496,0.3289528699135425,2024,44,-0.002997152653525416,-0.01584514423845502,0.010222445876737714,0.006581731731177809,0.024587113256301737,-0.05118700911968416,0.04519270381263332,2023,0.3131077256750875,0.3391753157902802,0.27776586079385834,0.37414557372617585,0.27606913428748475,0.37584230023254944,0.24646584616122452,0.40544558835880967
645444,114.0,0.2803738273192789,0.3069893970874418,0.2608528699135425,0.2874910290026853,0.2855068597997976,0.3148014246613304,0.3289528699135425,2024,119,-0.021963472826100682,-0.03847888950117349,-0.0048292058438769506,0.0085302615186262,0.02275253010415781,-0.06655761238741335,0.022630666735211993,2023,0.290473980412369,0.32412366406966553,0.26239525752612913,0.35158353664875447,0.2593641682346421,0.35461462594024157,0.201784234882346,0.4121945592925377
518792,261.0,0.2996123999126198,0.3401234759785594,0.3555528699135425,0.3183880625588123,0.3186802805482182,0.3423703640757313,0.3289528699135425,2024,383,0.011170606065016932,-0.014584757264599936,0.03804818112243933,0.013633169006980791,0.018702083647879036,-0.02548480432068145,0.04782601645071531,2023,0.31436811264894254,0.36700105103598185,0.30346806559286105,0.3767788863642578,0.2947626414082817,0.38548431054883714,0.26725803238243495,0.41298891957468387
543309,285.0,0.3294014053445467,0.3174481271941325,0.3063528699135425,0.2968896251241738,0.3039030123251483,0.319410825612439,0.3289528699135425,2024,259,-0.011504742719409943,-0.03598351446230669,0.01526407947015343,0.013066112741947265,0.02022701650365076,-0.05114896658126272,0.028139481142442833,2023,0.2929693554512358,0.34421694938369596,0.2778039033322798,0.35709235105598536,0.27025182415367865,0.3646444302345865,0.24531311465401184,0.3895831397342533
656537,172.0,0.318235289699891,0.3120644614117377,0.2128528699135425,0.2972457198638363,0.2985093347931395,0.3171575824691929,0.3289528699135425,2024,50,-0.01688840850180476,-0.027379258110215625,-0.004555467780903263,0.0059703186229103054,0.024423500365365135,-0.06475758959432128,0.03098077259071175,2023,0.30157361180332687,0.32439740213263923,0.26419528031922124,0.35993364250425425,0.2627858031221346,0.3613431197013408,0.22090932298245528,0.4032195998410202
656541,158.0,0.3496710489455022,0.3197134066735708,0.3133528699135425,0.3077612402136369,0.3064766446023582,0.3261146428846443,0.3289528699135425,2024,77,-0.009239463239971674,-0.02676412890541254,0.010268184684108353,0.009685377543000211,0.023751908918931357,-0.05579234928515282,0.03731342280520948,2023,0.30218874100813,0.33922105459765084,0.2731605206283897,0.366266292718752,0.26943890863975195,0.36998790470738974,0.22634213263706948,0.4130846807100722
663538,641.0,0.3320031241631844,0.3327892392644254,0.3434528699135425,0.3406162679491166,0.337994045687095,0.3362255551426798,0.3289528699135425,2024,682,0.003836369350882941,-0.01948924453643691,0.02595645023413857,0.01167460200043054,0.016015267698979305,-0.02755297854188416,0.03522571724365004,2023,0.3094636253771056,0.35490932014768106,0.30139989137165835,0.36417858715719253,0.29394509031741545,0.37163338821143543,0.2817985337147253,0.3837799448141256
687462,378.0,0.350527699358545,0.3227199055821269,0.3279528699135425,0.333018124232651,0.3168961683862555,0.3286007919728673,0.3289528699135425,2024,44,-0.006232964331415579,-0.019269857989877646,0.008566547500669715,0.007242422110628437,0.024588184028507373,-0.054424919472533,0.04195899080970185,2023,0.3096830119236649,0.3375194174142122,0.2745279504410095,0.37091186072324434,0.27248088346778676,0.3729589276964671,0.2515811461830699,0.39385866498118394
628451,253.0,0.2958497977539485,0.3245156750054229,0.3319528699135425,0.3188855797478698,0.3207725614083356,0.3290964225151822,0.3289528699135425,2024,380,-0.004437194908119544,-0.029602490076700242,0.02115181430545389,0.013037967464155203,0.018683256860276453,-0.04105570546817228,0.03218131565193319,2023,0.29935037983684226,0.3501046842189964,0.2878971644453702,0.3611341855654757,0.27986234919862807,0.3691690008122178,0.2508131078592949,0.398218242151551
663697,637.0,0.3402208150937354,0.3286857324328935,0.3397528699135425,0.3462615172709202,0.338141136184853,0.3332866201226757,0.3289528699135425,2024,522,-0.00026713748064900733,-0.02423288303271255,0.023268927020011026,0.01246800033611603,0.017222494300609893,-0.034022606033790745,0.03348833107249273,2023,0.30471998688082996,0.35222179693355354,0.29493026387975174,0.3624412009860352,0.2870133147352168,0.3703581501305702,0.27610881416658595,0.38126265069920107
664728,443.0,0.2986143146045764,0.3065522899179534,0.2900528699135425,0.2998263311104343,0.3006402379676661,0.312362825160208,0.3289528699135425,2024,309,-0.02240057999558911,-0.044767600681817614,0.0008855447269195222,0.011851902795512048,0.01957430658339547,-0.06076551592138951,0.015964355930211286,2023,0.2841852692317249,0.32983841464046204,0.268187353992153,0.3449172258437538,0.26170288848215384,0.351401691353753,0.24484045335390447,0.36826412648200235
608671,207.0,0.2538647291740933,0.3255003553144867,0.3385528699135425,0.3229839811430808,0.3220470600691129,0.3327596072185571,0.3289528699135425,2024,292,-0.003452514599055816,-0.02549615544612163,0.01840857187737239,0.011077605770024031,0.019822693244793885,-0.04230427943543725,0.03539925023732562,2023,0.3034567144674209,0.3473614417909149,0.28664859047810526,0.3643521201508681,0.2809935253877863,0.37000718524118703,0.24481728490980986,0.4061834257191635
643376,320.0,0.3023219771060412,0.3380299367508187,0.3514528699135425,0.3461151770510555,0.342763877303725,0.3369177986887232,0.3289528699135425,2024,298,0.009077066837276195,-0.018252883102429347,0.03708800863112388,0.014337282805589949,0.019682122598796137,-0.029499184595666125,0.047653318270218514,2023,0.31069998681111316,0.3660408785446664,0.29945368531787636,0.376606188183761,0.2903039634146707,0.38575591008696675,0.26930806916087985,0.4067518043407576
680777,465.0,0.3219827547155577,0.3417261566690506,0.3673528699135425,0.3328078558915749,0.3250265292380681,0.3439263973971983,0.3289528699135425,2024,353,0.01277328675550814,-0.012419555798443088,0.0406419438713421,0.013362615776639886,0.01898112389540517,-0.02442903246557861,0.049975605976594895,2023,0.31653331411509944,0.3695948137848846,0.3045238374479639,0.3789284758901374,0.29622954664989304,0.38722276668820826,0.28164328254833043,0.40180903078977087
650391,349.0,0.2844380355018703,0.3346761897912627,0.3414528699135425,0.3444067804364178,0.3398870865135964,0.3336227381894872,0.3289528699135425,2024,476,0.005723319877720213,-0.02074832445361843,0.033026969005907805,0.013442115319475487,0.017695310179338883,-0.028958850769049,0.040405490524489426,2023,0.3082045454599241,0.3619798389194503,0.29999401914449353,0.36935836043803194,0.29112199437306574,0.37823038520945973,0.27011113819799154,0.39924124138453393
656582,416.0,0.3205313963302668,0.3335649930560253,0.3401528699135425,0.3333653716989277,0.329678109954079,0.3344017202613784,0.3289528699135425,2024,470,0.004612123142482852,-0.019012938427894623,0.030542978979947684,0.012654115508817346,0.01772048489166732,-0.030119389033771263,0.03934363531873697,2023,0.30993993148564786,0.3594958488934902,0.29883348087977124,0.36829650523227947,0.29088715537583487,0.3762428307362158,0.27278335849492064,0.39434662761713
666134,297.0,0.2991496549577129,0.3557156284773221,0.4110528699135425,0.3772205544240141,0.3528540311819686,0.3666615585969551,0.3289528699135425,2024,417,0.026762758563779555,-0.0007583287530223632,0.05414574754165281,0.014130477485963449,0.018350170931240042,-0.009202915571604756,0.06272843269916387,2023,0.32819454116052016,0.3830986174551953,0.31974995434193776,0.3916813026127064,0.31032228852305493,0.4011089684315892,0.2865883107911547,0.42484294616348944
592450,768.0,0.4736912699353774,0.3830247551082459,0.4293528699135425,0.406005023948859,0.4080486919700652,0.3773995477514746,0.3289528699135425,2024,444,0.054071885194703455,0.02484339636000236,0.08479655204553191,0.015119046405089851,0.017979935882318724,0.018831858421019358,0.08931191196838756,2023,0.3537962662735449,0.4137494219590744,0.34778472833456187,0.41826478188193006,0.33698171525544557,0.42906779496104636,0.3321366807061188,0.43391282951037313
666397,301.0,0.285548168361385,0.3450570328039654,0.3728528699135425,0.3654068729549551,0.3457463442783457,0.3504565336631158,0.3289528699135425,2024,429,0.016104162890422914,-0.008750159338810978,0.04243654184362635,0.01306060236828411,0.018187611564294645,-0.019542900740398786,0.051751226521244614,2023,0.32020271057473154,0.37138941175716883,0.30940996917314373,0.3807040964347871,0.301170968574227,0.3889430970337039,0.2764315532866473,0.41368251232128356
667452,189.0,0.2621693078172269,0.3125882218952343,0.3004528699135425,0.3110442883538878,0.3109047670768634,0.3150152358452656,0.3289528699135425,2024,318,-0.016364648018308236,-0.03973692272848158,0.007622958853891692,0.01220206641123805,0.019399153492190825,-0.054386290193566666,0.021656994156950198,2023,0.28921594718506094,0.3365758287674342,0.27456657971997583,0.3506098640704927,0.2676705003479376,0.35750594344253095,0.22938868841859583,0.3957877553718727
673962,188.0,0.3268616969915146,0.3362328290554504,0.3562528699135425,0.343338778502988,0.3349814526959845,0.3411925193578786,0.3289528699135425,2024,576,0.007279959141907909,-0.018655803731013686,0.033876507437910985,0.013485240297665603,0.016778995120183895,-0.025606266990425845,0.040166185274241664,2023,0.31029706618252884,0.3628293773514535,0.30334660292311666,0.36911905518778415,0.2940418382059787,0.3784238199049222,0.2550715613451414,0.41739409676575945
672284,449.0,0.3015659914187403,0.3325779100250047,0.3400528699135425,0.311109415882995,0.3169099735089271,0.3324046800659103,0.3289528699135425,2024,403,0.003625040111462194,-0.021632091398840883,0.028241642401146662,0.012764374560912322,0.01849713472577321,-0.03262867776823847,0.03987875799116286,2023,0.30732077851470163,0.3571945123146892,0.29632419214530403,0.36883162790470536,0.28853000320606337,0.376625816843946,0.2724148645501507,0.3927409554998587
608348,313.0,0.3068910208650124,0.3067857804456309,0.2596528699135425,0.3009961859750831,0.3093629181381514,0.3111127966614344,0.3289528699135425,2024,151,-0.02216708946791156,-0.0412362134704303,-0.0026375645864657876,0.009868244017183758,0.02208231112501482,-0.06544762396834877,0.021113445032525654,2023,0.2877166564431122,0.3263153053270767,0.26350524594519376,0.35006631494606816,0.25938014226403944,0.3541914186272224,0.2348127913695785,0.37875876952168336
596146,399.0,0.3185138489197123,0.3409501161825069,0.3598528699135425,0.3300243461745795,0.3307122562718083,0.3444756323484248,0.3289528699135425,2024,510,0.011997246268964451,-0.014075749803820774,0.03851305264792652,0.013561080853629299,0.017403334717469573,-0.022112662988171466,0.04610715552610037,2023,0.31487712010972174,0.36746592256146904,0.30684020692537106,0.3750600254396429,0.2977072973526217,0.38419293501239216,0.27965064157571196,0.4022495907893019
595281,283.0,0.26127272345803,0.3300092804670862,0.3383528699135425,0.3199474849291645,0.3313093302756637,0.3319039558599571,0.3289528699135425,2024,403,0.0010564105535437393,-0.022238896905622692,0.02606214983637721,0.012413855227830181,0.01848144607391099,-0.035166558133540984,0.03727937924062846,2023,0.3067139730079198,0.3550150197499197,0.29378631178000153,0.36623224915417096,0.28637343661674153,0.3736451243174309,0.2595141358917566,0.40050442504241585
673490,470.0,0.3219565168670986,0.3358032452888845,0.3457528699135425,0.3249014757639622,0.3268391334645717,0.3376329029730691,0.3289528699135425,2024,611,0.0068503753753419985,-0.017054675289873228,0.030869644973813275,0.01213661024814808,0.01649985337247134,-0.025488742984893578,0.03918949373557758,2023,0.3118981946236693,0.3598225148873558,0.30346412692864894,0.36814236364912006,0.29565782063537976,0.37594866994238924,0.27881133727411184,0.39279515330365716
643396,496.0,0.3099796279141956,0.3134781065582246,0.2982528699135425,0.3058073493382079,0.3114838203566198,0.3134685034657784,0.3289528699135425,2024,360,-0.015474763355317809,-0.03840989173108833,0.009587667563754808,0.012024256453937036,0.018870337953350382,-0.052459946119983836,0.021510419409348214,2023,0.29054297818245417,0.3385405374772973,0.27649292379355866,0.3504632893228907,0.2696225208411165,0.35733369227533285,0.2547012254665424,0.37225498764990694
666135,178.0,0.2932584238856026,0.3294998603345666,0.3404528699135425,0.3316157116953436,0.3244611302023534,0.3329065227322753,0.3289528699135425,2024,327,0.0005469904210241528,-0.02347990861274327,0.027615816392405,0.013040286400668361,0.019351292792005977,-0.037380846505597115,0.038474827347645416,2023,0.3054729613007992,0.3565686863059475,0.2915720234079454,0.3674276972611879,0.28376412691338004,0.3752355937557532,0.24433252879966683,0.41466719186946643
672386,386.0,0.3100260365754366,0.325204157080962,0.3203528699135425,0.3452211614471596,0.341908992637636,0.3236055283754734,0.3289528699135425,2024,422,-0.0037487128325804104,-0.026614413132820043,0.020870108178738644,0.012000901581402882,0.018196798492795544,-0.039413782512392415,0.0319163568472316,2023,0.30233845678072246,0.34982297809228113,0.2895390874011501,0.3608692267607741,0.2824812078630498,0.3679271062988743,0.2623272593261329,0.38808105483579125
677008,116.0,0.3377192924942886,0.3238053377117958,0.3335528699135425,0.3364518484265199,0.3178189672332604,0.3291486362939211,0.3289528699135425,2024,33,-0.0051475322017466955,-0.018859124530267862,0.010020665947149576,0.007440136401214583,0.024899569766723046,-0.05394979217506626,0.043654727771572865,2023,0.3100937453832746,0.33897353586069207,0.2750030777384762,0.37260759768511537,0.2728709981129624,0.37473967731062924,0.21748221445859878,0.43012846096499285
680757,588.0,0.3606655227446312,0.3286764402404429,0.3262528699135425,0.3368422091820867,0.3398486646514734,0.3241904636172009,0.3289528699135425,2024,705,-0.0002764296730996176,-0.022436236598091543,0.02050814246067788,0.011256202957652759,0.01593243986677663,-0.03150343799783195,0.030950578651632712,2023,0.306516633315451,0.3494610123742204,0.29744943191571055,0.3599034485651752,0.2904423328511319,0.3669105476297539,0.27637505291836123,0.3809778275625246
669127,534.0,0.3234962368369999,0.3146215504703866,0.3028528699135425,0.3108988831474882,0.3149079271678603,0.3136988621277642,0.3289528699135425,2024,484,-0.014331319443155886,-0.040204356639337094,0.012484679692169938,0.01353853803522526,0.017560143666116437,-0.048748568592093255,0.02008592970578148,2023,0.2887485132742054,0.34143754960571243,0.28020430132144925,0.349038799619324,0.27116288325952564,0.35808021768124754,0.2587389513188819,0.37050414962189127
663616,400.0,0.3428391910078537,0.3199144922303845,0.3217528699135425,0.3203029728017007,0.316231521186515,0.326132423714721,0.3289528699135425,2024,206,-0.00903837768315799,-0.031550479435712674,0.01557054185682039,0.012363254166920109,0.02111128334401246,-0.050415732704842724,0.032338977338526746,2023,0.29740239047782985,0.3445234117703629,0.27853713720869977,0.36129184725206925,0.2719639688211457,0.36786501563962326,0.2543420907421383,0.38548689371863065
657656,317.0,0.3337539385545893,0.3215089142271841,0.3155528699135425,0.3174320514850108,0.3269713943434396,0.3214214902276085,0.3289528699135425,2024,399,-0.00744395568635838,-0.03263399499985768,0.01631975091129145,0.012504060398976856,0.018385370645080803,-0.043478619993136694,0.02859070862041993,2023,0.2963188749136848,0.34527262082483395,0.2854742499204058,0.35754357853396246,0.2779300778251437,0.3650877506292246,0.2539539292526183,0.38906389920175
686676,394.0,0.2704834566468198,0.2969974380132871,0.1513528699135425,0.2870979859373543,0.2862070028283704,0.3045745986656193,0.3289528699135425,2024,70,-0.031955431900255356,-0.04356222093268329,-0.017508920614816428,0.006646068793098115,0.023906069115474396,-0.07881046637851047,0.014899602577999764,2023,0.2853906489808592,0.3114439492987261,0.25014240353503203,0.34385247249154227,0.24836542821366436,0.34562944781290994,0.22755354348121887,0.36644133254535544
518934,228.0,0.249559466534249,0.3289293826334435,0.3268528699135425,0.3230556062135748,0.3318296452437573,0.3257588907423243,0.3289528699135425,2024,555,-2.348728009896571e-05,-0.023748504476262623,0.02424374872955881,0.01253047275528726,0.01695361899445075,-0.033251969916836606,0.03320499535663867,2023,0.30520436543727986,0.3531966186431013,0.2957008999967059,0.3621578652701812,0.2876100159626697,0.3702487493042173,0.25380364474000705,0.40405512052688
668904,325.0,0.3204334328418176,0.35599630419403,0.4045528699135425,0.3751127078953803,0.3544191178214425,0.3557745315446496,0.3289528699135425,2024,265,0.027043434280487506,-0.0005547389260483118,0.057457774730143525,0.014536311242571261,0.020179699338463274,-0.012508049641747267,0.06659491820272229,2023,0.3283981309874942,0.386410644643686,0.3164448202717952,0.3955477881162648,0.3072516960959189,0.4047409122921411,0.2870824071365794,0.4249102012514806
596019,751.0,0.3679144339446715,0.3361141248057218,0.3460528699135425,0.343459466200308,0.3414866002244608,0.3427409971254399,0.3289528699135425,2024,676,0.007161254892179332,-0.01834606592580272,0.032556955651646895,0.012898806748383295,0.015961333147369302,-0.024122383221909845,0.03844489300626851,2023,0.31060680398773977,0.3615098255651894,0.30483048669163265,0.367397762919811,0.29589217907034754,0.37633607054109613,0.2875661005145915,0.38466214909685215
679845,171.0,0.2611764655393712,0.3276581733750385,0.3659528699135425,0.3435537563579499,0.3224839927311617,0.3337428398990414,0.3289528699135425,2024,68,-0.0012946965385039876,-0.01713705069162754,0.015455994515155079,0.008296275101604796,0.023958763700315674,-0.04825301050522831,0.04566361742822033,2023,0.311815819221915,0.34440886442869756,0.2806998594083142,0.37461648734176284,0.2779642716170985,0.37735207513297847,0.23678421763676377,0.4185321291133132
670032,445.0,0.2961187157184566,0.311997563152225,0.3033528699135425,0.3062336910275519,0.3122285973626106,0.3181556806165567,0.3289528699135425,2024,257,-0.016955306761317533,-0.03717862683865468,0.0039018306400848283,0.010621710970535448,0.02026872189187107,-0.05668127168204338,0.022770658159408312,2023,0.2917742430748878,0.3328547005536273,0.2722715982314991,0.3517235280729508,0.2671472729541176,0.35684785335033237,0.24951449578497736,0.3744806305194726
664040,425.0,0.3412529511936449,0.3342967129065861,0.3405528699135425,0.3386904377092349,0.349345662504871,0.3356733844964388,0.3289528699135425,2024,433,0.005343842993043575,-0.022197300435287195,0.033224198923818456,0.014041756518439325,0.018176915347332245,-0.03028225643776099,0.04096994242384814,2023,0.30675556947825533,0.36217706883736095,0.2986706134757815,0.36992281233739066,0.28927846156345066,0.3793149642497215,0.27343080842379797,0.3951626173893742
666139,387.0,0.3053524761847354,0.3461117756607352,0.3622528699135425,0.3451935745798137,0.3401557393366161,0.3464717534406957,0.3289528699135425,2024,502,0.017158905747192775,-0.009174523011024498,0.043802529753663944,0.013666802911270058,0.01747558671269291,-0.017092614818392048,0.0514104263127776,2023,0.319778346902518,0.37275539966720644,0.3118602550951505,0.3803632962263201,0.302629824132011,0.3895937271894595,0.2840815831879777,0.4081419681334928
663993,565.0,0.3460854035255323,0.3349563229284459,0.3479528699135425,0.3520630186953553,0.3576521479620417,0.3391841389772708,0.3289528699135425,2024,785,0.006003453014903474,-0.018970040980290082,0.028465312455579143,0.012168564704196043,0.015422674657214936,-0.024224433858516425,0.036231339888323374,2023,0.3099828289332524,0.35741818236912165,0.3047284360550261,0.3651842098018659,0.29645248946570196,0.37346015639118996,0.2825569640495687,0.3873556818073232
592518,671.0,0.3418551989090748,0.3366744371852168,0.3454528699135425,0.3559371667882186,0.3658442234072226,0.3372148418773066,0.3289528699135425,2024,590,0.007721567271674257,-0.01686449105893666,0.034275423277829675,0.013465900268568835,0.01669224162603629,-0.024994625136597177,0.040437759679945694,2023,0.31208837885460583,0.3632282931913722,0.30395824477694533,0.3693906295934882,0.29463965659458574,0.3787092177758478,0.28555775532663297,0.3877911190438006
571912,154.0,0.2483660087865941,0.3215303651346158,0.3250528699135425,0.3127454014390065,0.3150675541287644,0.327043941157587,0.3289528699135425,2024,198,-0.007422504778926697,-0.03012322729674195,0.01613621487724836,0.012090475857730865,0.02122809668886044,-0.04902880974942713,0.034183800191573736,2023,0.29882964261680056,0.34508908479079087,0.27992406016411536,0.36313667010511624,0.2736489746789896,0.36941175559024203,0.2295941661326873,0.4134665641365443
455117,147.0,0.181597219987048,0.2965236145837366,0.2691528699135425,0.2674207853158111,0.280723514554991,0.2971054448882201,0.3289528699135425,2024,421,-0.03242925532980581,-0.05561856382653188,-0.007248844520224942,0.012215427367575504,0.018185112415141425,-0.0680714207182952,0.003212910058683578,2023,0.2733343060870106,0.32170402539331755,0.2608814491952473,0.33216577997222607,0.25358675826533794,0.3394604709021354,0.2053556365366919,0.38769159263078146
622534,343.0,0.2830882307361154,0.3208013934693545,0.3118528699135425,0.3136880273614496,0.3197712603400054,0.3202048283038143,0.3289528699135425,2024,338,-0.008151476444188037,-0.031843725840694205,0.0132503905803926,0.011688779421812134,0.01915782482149887,-0.045700123116453314,0.029397170228077238,2023,0.2971091440728483,0.3422032604939351,0.28325274679708917,0.35835004014161975,0.276815599976176,0.364787186962533,0.2542613787937063,0.3873414081450027
669016,489.0,0.3281762248179952,0.3465009422776411,0.3730528699135425,0.33766531250855,0.3337016679074636,0.3508179176762755,0.3289528699135425,2024,505,0.01754807236409864,-0.007974442469658826,0.041359074190336666,0.012784924563536994,0.017456138519686665,-0.016665330443629552,0.05176147517182683,2023,0.32097842744388366,0.3703119441038792,0.31228753946991294,0.38071434508536933,0.304092689788301,0.3889091947669813,0.2891664187441107,0.40383546581117163
606466,583.0,0.397999995065772,0.3527518123291214,0.3719528699135425,0.3550563621966701,0.3498318641913223,0.3591567470213061,0.3289528699135425,2024,714,0.023798942415578922,-0.0013663985064700243,0.050129038536432004,0.013254596270017372,0.015681755569404297,-0.0069367337148139065,0.05453461854597175,2023,0.3275864714070725,0.3790819084499745,0.3220161361987286,0.38348748845951425,0.3125079820358079,0.392995642622435,0.30059735092478834,0.40490627373345456
682622,242.0,0.2481404917299255,0.3307432508791302,0.3637528699135425,0.3527808788805904,0.3246776719622404,0.3359141199544807,0.3289528699135425,2024,123,0.0017903809655877333,-0.019376669922991717,0.024095011908160945,0.01113126235282416,0.022669326591642,-0.04264068270780672,0.046221444638982194,2023,0.3095761999905508,0.35304788182170344,0.28631218720573576,0.3751743145525247,0.28124481271843227,0.38024168903982825,0.2516785051864047,0.4098079965718558
516782,425.0,0.3243467879974927,0.3065719260088257,0.2830528699135425,0.3315591655280748,0.3518869090178343,0.3074681362503221,0.3289528699135425,2024,328,-0.02238094390471673,-0.04369521024795754,-6.641120930493682e-05,0.011301752388588306,0.019280869380667618,-0.06017075348144636,0.015408865672012901,2023,0.285257659665585,0.32888645870423755,0.26878211643209615,0.3443617355855554,0.2627685273561769,0.35037532466147464,0.24441479387019024,0.36872905814746126
502110,519.0,0.3270270224933919,0.3570674397633209,0.3860528699135425,0.3561367070838444,0.3597062366788237,0.3569849912479832,0.3289528699135425,2024,481,0.02811456984977842,0.0009736580946285867,0.05756131489491082,0.014670655083113928,0.01761036667396275,-0.006401114585732989,0.06263025428528983,2023,0.32992652800817107,0.38651418480845334,0.3225517553278095,0.39158312419883234,0.3121439221554131,0.4019909573712287,0.3006256904275771,0.4135091890990647
605361,163.0,0.3042944742858044,0.331135303649421,0.3831528699135424,0.3331416445258662,0.3224990579789678,0.3371999833400997,0.3289528699135425,2024,79,0.0021824337358785162,-0.0199266476916376,0.025083419367453827,0.011668879949821503,0.02368359818867203,-0.04423656573823672,0.04860143320999375,2023,0.3090262222219049,0.35403628928099634,0.2847163041753058,0.3775543031235363,0.27938796415378153,0.3828826431450605,0.23891385558240574,0.4233567517164363
686681,381.0,0.3314814770978594,0.3034193475950722,0.2977528699135425,0.3133175083669614,0.3084261304214365,0.312193146185944,0.3289528699135425,2024,455,-0.025533522318470298,-0.051142640807526514,-0.0007279009956049206,0.012941731574975978,0.017928359909695595,-0.060672462043345435,0.009605417406404842,2023,0.277810229106016,0.32822496891793757,0.2682804078701971,0.33855828731994736,0.2600817779977188,0.34675691719242563,0.24055884694029955,0.3662798482498449
670156,106.0,0.2325471650879338,0.3110797713301497,0.2896528699135425,0.3102037911041023,0.3042062883282356,0.3192286335233086,0.3289528699135425,2024,143,-0.01787309858339281,-0.035757044424686676,0.0010217863736129047,0.009606233229766805,0.02228098863300212,-0.0615430338440233,0.02579683667723768,2023,0.2931958254888558,0.3299746562871554,0.2674098360695192,0.3547497065907802,0.26352399378431807,0.3586355488759813,0.20304368217389657,0.4191158604864028
622761,208.0,0.2926829236309702,0.3116846025696668,0.2888528699135425,0.2975819727893101,0.3022920846169067,0.3103219090707466,0.3289528699135425,2024,346,-0.017268267343875644,-0.04061055876491808,0.007384276491127369,0.012126358413406658,0.0190536920223764,-0.05461281748025153,0.020076282792500243,2023,0.2883423111486244,0.3363371464046699,0.27434005243329096,0.34902915270604273,0.26741840276750173,0.35595080237183196,0.23186684922726142,0.3915023559120723
682641,156.0,0.2738709634350192,0.3215219207403263,0.3144528699135425,0.3338562007925185,0.3167253246963071,0.323499559206248,0.3289528699135425,2024,250,-0.0074309491732162045,-0.028726729456379982,0.014575948896694356,0.01120672311292731,0.020407047147884088,-0.04742802661387985,0.03256612826744744,2023,0.3002261404571625,0.34352881881023684,0.28152484329966265,0.3615189981809899,0.2758905994042764,0.36715324207637623,0.2307762470025911,0.4122675944780615
543510,235.0,0.2972102960803478,0.3166729496817265,0.2996528699135425,0.2938104347475946,0.3040373172582146,0.3188215756769902,0.3289528699135425,2024,222,-0.012279920231816012,-0.03583138288997424,0.011753875510139573,0.012068302194092514,0.02083612025491473,-0.05311796550899441,0.02855812504536239,2023,0.2931214870235683,0.34070674542368207,0.2758349044045481,0.35751099495890487,0.26947940081158656,0.3638664985518664,0.2387482171011469,0.39459768226230607
664983,495.0,0.3398565516852941,0.3174402691759435,0.3111528699135425,0.3326766496147101,0.3326171269290084,0.3201792859822985,0.3289528699135425,2024,298,-0.01151260073759897,-0.03344197953547052,0.01088311447673302,0.011340887721948283,0.01974005104303474,-0.05020238983492939,0.027177188359731447,2023,0.295510890378072,0.3398359843902755,0.27875048007861314,0.35613005827327393,0.2728199618317916,0.3620605765200955,0.25754090706682836,0.3773396312850587
676801,270.0,0.275464679228772,0.3512563878313458,0.3750528699135425,0.347313105552281,0.3455343188924885,0.3513334330290347,0.3289528699135425,2024,487,0.02230351791780333,-0.003935858994377003,0.04974753796309233,0.013574194375588315,0.017529043407217025,-0.012052775843781314,0.05665981167938798,2023,0.3250170109191655,0.37870040787663484,0.31690009406976116,0.3856126815929305,0.30780322531320703,0.39470955034948463,0.2804473708282047,0.42206540483448696
457705,515.0,0.3379377384130129,0.338888434229613,0.3510528699135425,0.3242172054744736,0.3322791985264201,0.3389138925128643,0.3289528699135425,2024,466,0.009935564316070518,-0.013353667149102251,0.03404991029588227,0.012116074172562784,0.01777711279046446,-0.024906936502346162,0.0447780651344872,2023,0.31559920276444026,0.3630027802094248,0.30404593341119635,0.3737309350480297,0.29672300822733705,0.381053860231889,0.2821096664742158,0.3956672019850102
624512,158.0,0.2624999953386111,0.3119956317916534,0.3133528699135425,0.3117276644996871,0.3086745415704309,0.3237474014356316,0.3289528699135425,2024,202,-0.01695723812188905,-0.03781865224584109,0.003923262752032672,0.01069135364430146,0.02117699069073245,-0.05846337717666465,0.024548900932886555,2023,0.2911342176677014,0.3328761326655752,0.27048949273687783,0.35350177084642903,0.26549985032766854,0.3584914132556384,0.22103529320775095,0.40295597037555597
656716,334.0,0.2931137686361096,0.3095237819093074,0.3027528699135425,0.3047214340592278,0.3077298683198006,0.3138245872106396,0.3289528699135425,2024,510,-0.019429088004235057,-0.0431016173129473,0.0038178087531899616,0.012033367857689324,0.01748842177810797,-0.05370576483577261,0.014847588827302496,2023,0.2858512526005952,0.3327706786667325,0.2752471050777699,0.34380045874084497,0.26791679605407726,0.35113076776453767,0.24414888004178065,0.3748986837768343
641857,645.0,0.3213166097488523,0.3207146752605461,0.3420528699135425,0.3342958777827307,0.3291639711592932,0.3347793502058437,0.3289528699135425,2024,616,-0.008238194652996416,-0.033044467995367546,0.01695409739797765,0.01297731699613455,0.016615734643454835,-0.04080443613084237,0.024328046824849535,2023,0.29590840191817497,0.34590696731152015,0.2881484337827001,0.353280916738392,0.27939273109360624,0.36203661942748594,0.2690880643482949,0.37234128617279727
643446,485.0,0.3074534117064861,0.3260068476504341,0.3315528699135425,0.3324857873742433,0.3424842664649282,0.3272231803764142,0.3289528699135425,2024,636,-0.00294602226310841,-0.025467392787421425,0.020524224648029672,0.011603039413031719,0.016377508468389854,-0.035045349017652265,0.029153304491435446,2023,0.30348547712612106,0.34947709456157217,0.29390752089589023,0.35810617440497794,0.2866680069126708,0.36534568838819736,0.2697528284361493,0.3822608668647189
678554,132.0,0.2617424189141302,0.3209738417432464,0.3105528699135425,0.3333212418283467,0.3157118577114776,0.3252801292105159,0.3289528699135425,2024,99,-0.0079790281702961,-0.026109271363963953,0.009871206250821704,0.009054443155070053,0.02320500003975797,-0.05345999250947224,0.03750193616888005,2023,0.30284359854957854,0.3388240761643642,0.27549287740407025,0.36645480608242254,0.2721532292062255,0.3697944542802673,0.22142538685929228,0.42052229662720053
678009,327.0,0.3319999960752633,0.3281393167387663,0.3380528699135425,0.3402853185788265,0.3251736351372079,0.3306973139965967,0.3289528699135425,2024,144,-0.0008135531747762385,-0.022042179869187065,0.021900336698896447,0.01107215739768268,0.02230079117268935,-0.04452230069999612,0.042895194350443644,2023,0.30691069004435545,0.35085320661243896,0.28443056921354637,0.37184806426398614,0.2793398361924272,0.3769387972851054,0.2568948011199994,0.39938383235753316
669004,471.0,0.2932835789377501,0.3191319237423625,0.3265528699135425,0.3261938362074982,0.3196292498151716,0.3253946751828397,0.3289528699135425,2024,596,-0.00982094617117996,-0.033234802947722485,0.01463301897332923,0.012301329566116083,0.0167547133373344,-0.04265958088364828,0.02301768854128836,2023,0.29571806696582004,0.34358588888687175,0.2862932890298942,0.3519705584548309,0.27839280390159793,0.35987104358312716,0.26189592787009386,0.37636791961463123
664901,141.0,0.248214282308306,0.3100946742409771,0.2384528699135425,0.3053978822701857,0.305941160656152,0.3173001757202961,0.3289528699135425,2024,69,-0.018858195672565387,-0.03359098742492669,-0.002582751567810156,0.007959354258511851,0.023929816914244097,-0.06575977498112123,0.028043383635990453,2023,0.29536188248861583,0.3263701183457323,0.26319309493242127,0.35699625354953296,0.26066675066057937,0.3595225978213749,0.21241856925894975,0.40777077922300453
608841,313.0,0.2811897053979217,0.3262200568865357,0.3322528699135425,0.3374524288881243,0.3407273561828898,0.3294286910421395,0.3289528699135425,2024,652,-0.002732813027006761,-0.02633402377455036,0.021976571294073273,0.012246054782341526,0.016233654006310657,-0.034550190216860004,0.029084564162846483,2023,0.30261884613899215,0.35092944120761577,0.2944026796966825,0.358037434076389,0.2863649046696721,0.3660752091033993,0.26049904060453183,0.3919410731685396
593160,335.0,0.3034848433552366,0.3246739418502981,0.3218528699135425,0.3077758256860631,0.313271147453546,0.3231901914756205,0.3289528699135425,2024,587,-0.004278928063244359,-0.02689390915239379,0.019600199074738554,0.01165462902347756,0.01667481309439339,-0.03696096117719229,0.028403105050703575,2023,0.3020589607611487,0.34855306898828103,0.2919919087363502,0.3573559749642461,0.28480036550080834,0.3645475181997879,0.26019253522855834,0.3891553484720379
676694,515.0,0.2884540077291589,0.3200350016988781,0.3149528699135425,0.313116901603592,0.314008361815988,0.3213760186082993,0.3289528699135425,2024,334,-0.00891786821466441,-0.03509669230285063,0.01590110767051398,0.012971689794992964,0.019200077081691167,-0.046549327795172,0.028713591365843182,2023,0.2938561776106919,0.3448539775840565,0.2824035421183705,0.3576664612793857,0.27462014944758656,0.36544985395016966,0.26150334056834684,0.3785666628294094
669304,429.0,0.3362149486196375,0.3096735303487164,0.2794528699135425,0.3252845000361961,0.3230726039191798,0.3146002241514901,0.3289528699135425,2024,147,-0.019279339564826106,-0.03922631893651534,0.001160919599137047,0.010328176879525856,0.022189623992722174,-0.06277020342104744,0.02421152429139523,2023,0.28972655097702715,0.33011378951267956,0.26618266649249506,0.3531643942049377,0.26170240980975396,0.3576446508876789,0.24406723074691936,0.37527982995051345
669003,229.0,0.3584070756899572,0.3288541758932261,0.3636528699135425,0.3442270057847197,0.3288353635499639,0.3334077808440531,0.3289528699135425,2024,69,-9.869402031635697e-05,-0.01818290808160317,0.0195669088504959,0.009748785558743756,0.02393288256693048,-0.04700628189772662,0.04680889385709391,2023,0.31076996183193933,0.3485197787640384,0.2819465880158159,0.3757617637706364,0.27820430409302943,0.37950404769342283,0.24687709357956525,0.41083125820688704
655316,142.0,0.2749999950469379,0.3196688957285848,0.3182528699135425,0.3253652155219734,0.3167203744758436,0.3236668272959759,0.3289528699135425,2024,316,-0.00928397418495763,-0.030843851330309178,0.014575369854521143,0.01144285229950862,0.019440401396281663,-0.04738646076667187,0.028818512396756608,2023,0.2981090185832333,0.3435282397680636,0.28156640914687064,0.3577713823102991,0.2754558234983626,0.3638819679588071,0.226175759051025,0.41316203240614474
666160,418.0,0.2864508355835931,0.3343042600468181,0.3451528699135425,0.3213656816062338,0.3128191290595321,0.3350537613005346,0.3289528699135425,2024,318,0.005351390133275608,-0.02232145922043192,0.033574535554541346,0.013903152127771717,0.019509900687048207,-0.032887312555292134,0.043590092821843354,2023,0.30663141069311056,0.3625274054680838,0.29606555735825035,0.37254296273538584,0.2873495658832046,0.38125895421043166,0.2715474068676187,0.39706111322601756
660707,247.0,0.2672064733891352,0.3130188146787132,0.3226528699135425,0.3248975073083573,0.3080275180146387,0.3243558087918314,0.3289528699135425,2024,296,-0.015934055234829315,-0.0400119493492498,0.011798058734707722,0.013372991145067908,0.019733948953521506,-0.05461188445648335,0.022743773986824724,2023,0.2889409205642927,0.34075092864825024,0.27434098545705915,0.3516966439003672,0.266296560557403,0.3597410688000234,0.23760987755217075,0.38842775180525557
664238,441.0,0.3149202695468563,0.3261774913655771,0.3212528699135425,0.310889891084396,0.3143269222238047,0.3276077901020022,0.3289528699135425,2024,165,-0.0027753785479654137,-0.025864702330538548,0.022413099540580867,0.012226161303127061,0.02182725711354591,-0.045556016371811094,0.04000525927588027,2023,0.30308816758300394,0.35136596945412335,0.2833968535417314,0.3689581291894228,0.27714280493535925,0.37521217779579497,0.26154575203818686,0.39080923069296736
666624,611.0,0.2893739661824762,0.3416762134352409,0.3630528699135425,0.3488669896196265,0.3381762848200968,0.3439795393999132,0.3289528699135425,2024,424,0.012723343521698433,-0.014758036162507236,0.04312122364144706,0.014791368273585674,0.01817869578624147,-0.022906245505244886,0.04835293254864175,2023,0.31419483375103524,0.37207409355498955,0.3060466244082976,0.37730580246218426,0.29574235281750477,0.38761007405297704,0.287238055852216,0.3961143710182658
672515,351.0,0.3331428517614092,0.3392385682664721,0.3506528699135425,0.3484550965685626,0.3359502830450773,0.3376499481351829,0.3289528699135425,2024,438,0.010285698352929654,-0.013980136895754012,0.03500832270987631,0.012525989703898469,0.018050899097669357,-0.025093413767068848,0.045664810472928155,2023,0.3149727330177885,0.3639611926234188,0.30385945614647364,0.37461768038647064,0.29617572965433525,0.38230140687860903,0.27442672215887043,0.40405041437407385
663624,514.0,0.3296296247961925,0.3352127897528786,0.3382528699135425,0.3334035019871563,0.3308804502968594,0.3327645396288962,0.3289528699135425,2024,474,0.0062599198393361215,-0.018857511977027504,0.032688571879636745,0.013118968457300068,0.017689344618717164,-0.028410558523466935,0.04093039820213918,2023,0.310095357936515,0.36164144179317925,0.3005423113900756,0.3698832681156817,0.29204815951192437,0.37837741999383284,0.27850493450488023,0.391920645000877
656775,506.0,0.3278769796329831,0.314172379178514,0.3083528699135425,0.3331970207136112,0.3438767651678605,0.3163810898059669,0.3289528699135425,2024,457,-0.014780490735028455,-0.040291153943082365,0.011403539778293205,0.013205362367518075,0.017895032247135147,-0.04985410944159622,0.02029312797153931,2023,0.28866171597046014,0.3403564096918357,0.27909876047194626,0.3492459978850818,0.2705829487344007,0.3577618096226274,0.25693833971492114,0.37140641864210694
571970,360.0,0.3593837495277576,0.3432951903463163,0.3557528699135425,0.3438260832959893,0.3551115040610146,0.3432180471100568,0.3289528699135425,2024,576,0.014342320432773847,-0.013913836734618629,0.04139214836839362,0.014147990115084422,0.01687754990741727,-0.018737069533041325,0.047421710398589015,2023,0.3150390331789239,0.3703450182819361,0.31021580038050117,0.3763745803121315,0.3001306905395989,0.3864596901530338,0.28029187681083956,0.4062985038817931
669221,267.0,0.2960526273214727,0.3497959258734871,0.3798528699135425,0.3419227316421068,0.3453601751321197,0.3524693176569827,0.3289528699135425,2024,440,0.02084305595994464,-0.004921060882251069,0.04805757467651882,0.013677137217924497,0.018031373908697895,-0.014497787492878455,0.05618389941276773,2023,0.3240318090312914,0.37701044459006133,0.31445508242066406,0.38513676932631025,0.30543857940611074,0.3941532723408635,0.27820255387682535,0.4213892978701489
667472,108.0,0.3444444399189066,0.3194326764896385,0.2977528699135425,0.3226121389242805,0.3136146752518756,0.3243822905377392,0.3289528699135425,2024,70,-0.009520193423903953,-0.025657007567673328,0.007504494996329746,0.008466233628812696,0.023904325925742882,-0.056371811313067094,0.03733142446525918,2023,0.3032958623458692,0.33645736490987227,0.27258105860047543,0.36628429437880167,0.2697293690300785,0.36913598394919855,0.21090167161716344,0.4279636813621136
666310,411.0,0.2781326742957206,0.3379953196390799,0.3560528699135425,0.3461526859097877,0.3293760599366682,0.3376294133079721,0.3289528699135425,2024,228,0.009042449725537444,-0.016313068019077618,0.035240936452581625,0.013025820329482875,0.020740165410261448,-0.03160752751197839,0.049692426963053274,2023,0.3126398018944649,0.36419380636612414,0.29734534240156413,0.37864529687659576,0.2899931464360741,0.38599749284208573,0.2734134412017356,0.4025771980764242
647304,676.0,0.332260474741102,0.3538212869231453,0.3699528699135425,0.348034612131616,0.3480701968333297,0.3496064058481118,0.3289528699135425,2024,476,0.024868417009602843,-0.0021010244918588895,0.05057339236048284,0.013392748956052056,0.017717967216385588,-0.0098581606137743,0.059594994632979986,2023,0.3268518454216836,0.37952626227402536,0.3190947092997682,0.38854786454652246,0.31029013441914355,0.39735243942714715,0.30150406604189733,0.40613850780439337
687263,602.0,0.3338926132493371,0.3220429311804304,0.3190528699135425,0.3313353531602057,0.3194474108193134,0.3228411703589523,0.3289528699135425,2024,328,-0.006909938733112089,-0.030453455175495376,0.01724880187635547,0.012317370614075574,0.019295350627510848,-0.044728131032105684,0.030908253565881505,2023,0.29849941473804714,0.34620167178989797,0.28422473888143684,0.359861123479424,0.27717609873230076,0.3669097636285601,0.2659217469849356,0.37816411537592526
663527,278.0,0.2807272685657848,0.3160063616092655,0.2981528699135425,0.3111923293150295,0.3080943453250005,0.3217090748169983,0.3289528699135425,2024,111,-0.012946508304276946,-0.03147490750655562,0.006943465508832754,0.009771105664106185,0.02292350548100546,-0.05787575344645418,0.03198273683790029,2023,0.2974779624069869,0.33589633542237524,0.2710771164670883,0.36093560675144276,0.2671658205405645,0.3648469026779666,0.24023116311429207,0.39178156010423903
621028,311.0,0.3136513103779993,0.3148982293540735,0.3105528699135425,0.2986165214346314,0.2967651723160931,0.3218308917733739,0.3289528699135425,2024,251,-0.014054640559468964,-0.03557719510974536,0.008856708328838829,0.011293574399061574,0.020371243343193932,-0.053981543832430395,0.025872262713492467,2023,0.2933756748037971,0.33780957824238134,0.2749713260811121,0.35482513262703497,0.26924611232549944,0.3605503463826476,0.2447389079880266,0.38505755072012043
621512,140.0,0.2518248136026145,0.3012563029381017,0.1383528699135425,0.277420655089409,0.2920852775409591,0.3058104542743001,0.3289528699135425,2024,57,-0.027696566975440762,-0.03694765715137197,-0.017035968541307338,0.005143477482955331,0.024240159757981758,-0.07520640708058215,0.01981327312970064,2023,0.2920052127621705,0.31191690137223516,0.2537464628329603,0.34876614304324316,0.25268869969050994,0.34982390618569353,0.2030194311037319,0.3994931747724716
607043,721.0,0.3255215531761689,0.3522059541509265,0.3746528699135425,0.3604971517052818,0.3697617223278524,0.3525261409970822,0.3289528699135425,2024,670,0.023253084237383967,-0.0027533623491643035,0.049112661843505,0.013205577505477429,0.016155384101353802,-0.008410886757680473,0.05491705523244841,2023,0.3261995075643782,0.3780655317570475,0.320541983155862,0.3838699251459909,0.31130963886950647,0.3931022694323465,0.30282783227937315,0.4015840760224798
676116,111.0,0.2330275194360575,0.3406698767026115,0.3522528699135425,0.3439829540585697,0.3406610348385833,0.3394473830287494,0.3289528699135425,2024,494,0.011717006789069073,-0.011550566367350863,0.036782962010477364,0.0125203321393316,0.017592860501446102,-0.02276436617880256,0.0461983797569407,2023,0.31740230354619164,0.36573583192401987,0.30618850373473994,0.3751512496704832,0.2983479292353023,0.38299182416992084,0.2381328319614317,0.4432069214437914
663457,405.0,0.3395522342095921,0.3373239901360662,0.3592528699135425,0.3500506258208878,0.3462259018300567,0.3433204150893922,0.3289528699135425,2024,494,0.008371120222523676,-0.015445356406177384,0.03240530303758018,0.012355091944271143,0.01759827488636195,-0.02612086474478146,0.04286310518982881,2023,0.3135075135073651,0.36135817295112266,0.302832005168761,0.37181597510337133,0.2951803171379438,0.37946766313418856,0.2761242760387164,0.39852370423341593
656811,497.0,0.3468623430381419,0.3355814162629463,0.3492528699135425,0.3220447585348884,0.3179431460866893,0.3382468627568071,0.3289528699135425,2024,370,0.006628546349403811,-0.019971353876789243,0.0350060944996166,0.013720761578640304,0.01880823544155938,-0.030234917728802373,0.043492010427609994,2023,0.3089815160367533,0.3639589644131591,0.2987179521847401,0.3724448803411525,0.28995132393486395,0.38121150859102865,0.27691682590736794,0.39424600661852466
681351,522.0,0.3190978839850471,0.3313037351242411,0.3471528699135425,0.3435070828590569,0.3268844501469882,0.333216274501323,0.3289528699135425,2024,196,0.002350865210698677,-0.023564495230735234,0.03112508880215064,0.013638333303046193,0.021266064225908893,-0.03932985476499842,0.04403158518639577,2023,0.3053883746828073,0.36007795871569315,0.28962301514854405,0.3729844550999383,0.28178798365192137,0.38081948659656095,0.2703106265163788,0.3922968437321035
641933,471.0,0.3647435856425864,0.3203695099875609,0.3234528699135425,0.3409484060427669,0.3470855080687358,0.3253410264215868,0.3289528699135425,2024,260,-0.008583359925981603,-0.032183807451253515,0.016121001080514043,0.012435602208784629,0.020229675821276383,-0.04823279595460405,0.031066076102640845,2023,0.29676906246228896,0.34507387099405656,0.28072007395893844,0.36001894601618334,0.2738277318483057,0.3669112881268161,0.2589719443102537,0.3817670756648681
660271,807.0,0.4301756541133675,0.3970138506760756,0.4450528699135425,0.3978109910779643,0.4015225264138694,0.3940939683824897,0.3289528699135425,2024,570,0.06806098076253307,0.04017553125434668,0.09860190274100215,0.014928575962061269,0.016942310716338085,0.034854661943623425,0.10126729958144272,2023,0.3691284011678892,0.42755477265454467,0.3638075318571659,0.4302201694949852,0.35275578625912823,0.44127191509302294,0.3481746862136619,0.4458530151384893
658668,196.0,0.2877550970534889,0.3306209409261499,0.3473528699135425,0.3361570148096757,0.3283676277443884,0.335994841554395,0.3289528699135425,2024,381,0.0016680710126074838,-0.0240808260013078,0.02879557020727635,0.013501298624182942,0.018653559262095144,-0.03489223332458254,0.03822837534979751,2023,0.3048720439122347,0.35774844012081886,0.29406063658896,0.36718124526334,0.28548895202378166,0.37575292982851827,0.24927241264239758,0.41196946920990235
621566,693.0,0.3454744482562489,0.3794396067597978,0.4210528699135425,0.3785419474346167,0.3821548209608198,0.383628443362848,0.3289528699135425,2024,722,0.050486736846255306,0.023189633118191545,0.07882078134216725,0.014321243008736042,0.01583826909745338,0.019444299837792972,0.08152917385471764,2023,0.35214250303173406,0.40777365125570975,0.3483971697513355,0.41048204376826014,0.337588580228975,0.42129063329062066,0.32986916730904475,0.4290100462105509
687401,522.0,0.3221469976915843,0.314331961814168,0.2003528699135425,0.3188453832557401,0.3068152425316046,0.32000063319261,0.3289528699135425,2024,33,-0.014620908099374472,-0.023900976339744535,-0.003758641513462232,0.005119219214250741,0.02489717815445566,-0.06341848059878498,0.03417666440003603,2023,0.30505189357379797,0.3251942284000803,0.26553438931475754,0.36312953431357853,0.2645135524770792,0.3641503711512568,0.24827077834162312,0.38039314528671286
681546,156.0,0.2480769195617773,0.3387616650463274,0.3474528699135425,0.3474403871112685,0.3429708563797614,0.3376630699927008,0.3289528699135425,2024,564,0.009808795132784865,-0.014710838943996968,0.035562590760989554,0.01259168666768539,0.016958980263425124,-0.023430195398053976,0.0430477856636237,2023,0.3142420309695455,0.36451546067453205,0.30552267451548853,0.3720006555771662,0.2973624381306823,0.38016089196197245,0.2507852955495686,0.4267380345430862
542303,696.0,0.3945887393249578,0.3645483168479105,0.3978528699135425,0.3391112071975602,0.3384934150650938,0.3667379741829826,0.3289528699135425,2024,600,0.03559544693436807,0.008335506733342646,0.06513852096655424,0.014838274512208453,0.01661969798657658,0.003021437446745122,0.06816945642199101,2023,0.33728837664688516,0.39409139088009676,0.3319743073602876,0.3971223263355335,0.32088074365480074,0.4082158900410204,0.3140683826753281,0.415028251020493
665506,183.0,0.2524590124197996,0.3239195343004278,0.3307528699135425,0.2828264596023132,0.2822940337948755,0.3290236359692373,0.3289528699135425,2024,104,-0.005033335613114714,-0.024009294109563685,0.014890813473070797,0.009873883122660122,0.02308681643251042,-0.05028266433852263,0.04021599311229321,2023,0.3049435758039788,0.3438436833866133,0.27867020557501987,0.36916886302583574,0.2747055192585003,0.3731335493423553,0.236149512170236,0.4116895564306196
680700,316.0,0.3108626145143478,0.3301661564577872,0.3679528699135425,0.3234997285693387,0.316967532140999,0.3358607385387572,0.3289528699135425,2024,101,0.0012132865442446693,-0.02123943927321169,0.02500303989411163,0.011975642655069311,0.023174442338640865,-0.04420778580129161,0.04663435888978095,2023,0.3077134306403308,0.3539559098076541,0.2847450841122509,0.37558722880332346,0.27903885908584247,0.3812934538297319,0.25710053101702096,0.4032317818985534
670623,641.0,0.3330985866428727,0.3595068867287108,0.3789528699135425,0.3586314628363418,0.3504053396832785,0.3553292152931501,0.3289528699135425,2024,573,0.030554016815168304,0.003028981131410118,0.05722661369194767,0.013530613256717115,0.016778929840958436,-0.002332081372234611,0.06344011500257121,2023,0.3319818510449526,0.38617948360549015,0.3266207885413079,0.39239298491611374,0.3172602287256814,0.4017535447317402,0.3075813983312526,0.411432375126169
686469,580.0,0.3232698919038871,0.3257044220201594,0.3397528699135425,0.3503503582805011,0.344598695132093,0.3310153313478005,0.3289528699135425,2024,253,-0.003248447893383069,-0.027614830380351976,0.023011328348071198,0.013003147746275347,0.020393122491783204,-0.04321823350959188,0.036721337722825736,2023,0.30133803953319055,0.3519641982616137,0.28573463640395064,0.36567420763636826,0.2783007857530394,0.37310805828727944,0.2675479696337913,0.38386087440652755
592626,449.0,0.3983031621885515,0.3342257166098187,0.3398528699135425,0.3418071020701511,0.3452784280333216,0.3343655455054139,0.3289528699135425,2024,414,0.005272846696276252,-0.01926862414165073,0.031091036970859194,0.012725705210089457,0.018341223317434673,-0.030675290438301955,0.04122098383085446,2023,0.3096842457718918,0.3600439068844017,0.29827757947524053,0.37017385374439693,0.2904722238262308,0.37797920939340673,0.27424631561118534,0.39420511760845217
665161,658.0,0.3177195634055762,0.3280734175954715,0.3290528699135425,0.3318259296982377,0.331067052311169,0.3277099273479272,0.3289528699135425,2024,663,-0.0008794523180709933,-0.023387355780268522,0.023259195686814157,0.011655120653750035,0.016092920159731728,-0.032420996237223755,0.030662091601081767,2023,0.305565514133274,0.35221206560035667,0.2965318736763187,0.35961496151462424,0.2891285871617827,0.3670182480291603,0.277398856544639,0.37874797864630394
444482,273.0,0.3439560386287423,0.3114865600265327,0.2985528699135425,0.3101958065555662,0.3223916285035757,0.315538887898748,0.3289528699135425,2024,418,-0.017466309887009812,-0.04130823345733763,0.007685451274835148,0.012402872836619259,0.018279972816597507,-0.05329439824591214,0.018361778471892513,2023,0.28764463645620486,0.33663832118837766,0.27565847166763036,0.347314648385435,0.2681900434768135,0.35478307657625185,0.24024691636670223,0.3827262036863631
672695,388.0,0.3300524879628279,0.3228097969939414,0.3238528699135425,0.3146332485754183,0.3021777417720422,0.3279374920210016,0.3289528699135425,2024,531,-0.006143072919601113,-0.02816381471657466,0.017210097675188434,0.01162978149024546,0.017127143330860906,-0.03971165700614386,0.027425511166941637,2023,0.30078905519696786,0.34616296758873094,0.2892412129073986,0.35637838108048414,0.28223376804867273,0.3633858259392101,0.2612100022527413,0.3844095917351415
521692,677.0,0.3416541303907122,0.3128009062060224,0.3137528699135425,0.3291652899342498,0.3366177856788154,0.3183397560835883,0.3289528699135425,2024,569,-0.01615196370752005,-0.04138905413518698,0.009274689969565247,0.01298518555883772,0.01683096438546277,-0.0491400477281034,0.016836120313063304,2023,0.28756381577835555,0.33822755988310776,0.2798128221854391,0.3457889902266058,0.2711362756974629,0.35446553671458203,0.261643224318928,0.36395858809311693
663368,442.0,0.3019274323165011,0.3153756011434119,0.3013528699135425,0.3219314972179313,0.310147690886713,0.3228016849570175,0.3289528699135425,2024,166,-0.013577268770130619,-0.035256286845610545,0.007609813142091744,0.010997730389397125,0.02180070454542045,-0.056305864516753346,0.02915132697649211,2023,0.29369658306793195,0.33656268305563425,0.27264700539678915,0.3581041968900346,0.26751792023401744,0.36323328205280636,0.2508194123044234,0.3799317899824004
502054,494.0,0.3119675405852451,0.3380197630997638,0.3459528699135425,0.3197105615320224,0.327674748037132,0.3367001630226804,0.3289528699135425,2024,536,0.009066893186221323,-0.01681424831715036,0.03519804994665096,0.01315700243153799,0.017029367812006715,-0.0243100544047975,0.042443840777240144,2023,0.31213862159639216,0.36415091986019343,0.304642815508745,0.3713967106907826,0.29584153482965464,0.38019799136987303,0.28136919123044096,0.3946703349690867
607680,314.0,0.2961661301481838,0.3082342855124504,0.2903528699135425,0.3023039163028188,0.3106729707469227,0.3157296993938984,0.3289528699135425,2024,213,-0.02071858440109205,-0.04507417117472243,0.004876687817382398,0.012917902440492368,0.0209550140881287,-0.06178965730935375,0.020352488507169645,2023,0.2838786987388201,0.3338295577309249,0.26716321260418874,0.34930535842071214,0.2599863246461733,0.35648224637872766,0.23764244483377933,0.3788261261911216
593871,469.0,0.2962446306140637,0.3276135177588865,0.3372528699135425,0.3416387172151304,0.3381373257709357,0.3339056599068492,0.3289528699135425,2024,367,-0.0013393521546559576,-0.027753497574592764,0.02469571505666256,0.013500024551431171,0.018818043302614815,-0.038222039287296165,0.03554333497798425,2023,0.3011993723389497,0.35364858497020507,0.29073083062624633,0.36449620489152673,0.28222143665813215,0.3730055988596409,0.267886746029913,0.38734028948786003
595777,696.0,0.3667394413004102,0.3026069662133628,0.3093528699135425,0.31668457286319,0.3154330437163143,0.3205754778756989,0.3289528699135425,2024,520,-0.026345903700179668,-0.04934131209470898,-0.0028560637752613116,0.011744165491161024,0.01720029550253762,-0.06005786340859967,0.007366056008240335,2023,0.2796115578188335,0.3260968061382812,0.2688950065049428,0.3363189259217828,0.26178624769340925,0.34342768473331636,0.25138535078246643,0.3538285816442592
678882,568.0,0.3081866151220362,0.3191273018220775,0.3000528699135425,0.3311762590500273,0.3122858909717012,0.3241721541587112,0.3289528699135425,2024,89,-0.009825568091464966,-0.028652796965117314,0.00872109916309341,0.009630704660330187,0.023445181187495102,-0.05577727882997138,0.03612614264704145,2023,0.3003000729484252,0.33767396907663594,0.27317559108357115,0.36507901256058395,0.269449773305041,0.3688048303391141,0.25640687851100474,0.38184772513315035
663728,628.0,0.3261637197834339,0.3293327456016195,0.3304528699135425,0.3297947022791112,0.330104344793352,0.333163617829304,0.3289528699135425,2024,557,0.00037987568807699816,-0.025839893431391873,0.02698665901153316,0.013747642794261853,0.016932297133904768,-0.03280681686990713,0.03356656824606113,2023,0.30311297648215063,0.35593952892507563,0.2961460530436354,0.36251943815960364,0.28658484065787887,0.37208065054536016,0.27689665084598647,0.38176884035725256
670042,455.0,0.3460088649768787,0.3431197367493864,0.3599528699135425,0.3356825529445613,0.332831297143242,0.3437608772986321,0.3289528699135425,2024,403,0.014166866835843912,-0.012218090172473106,0.04063905035958721,0.013704465443209848,0.018459897862403988,-0.022013868132755837,0.050347601804443656,2023,0.3167347797410694,0.3695919202731297,0.30693900178078665,0.37930047171798614,0.29805845536405967,0.3881810181347131,0.2832539992122622,0.4029854742865106
623912,246.0,0.2718106942412294,0.3462331300229544,0.3615528699135425,0.3416800034649324,0.3443992643748577,0.3443258421928922,0.3289528699135425,2024,436,0.017280260109411933,-0.006286986455037409,0.04322342150503447,0.012754338220797239,0.0180808683267573,-0.01815759062024337,0.05271811083906723,2023,0.3226658834585051,0.372176291418577,0.31079527929329914,0.38167098075260975,0.30286559093972704,0.3896006691061818,0.2723182514266477,0.42014800861926116
608070,726.0,0.3655367191396864,0.3445906733467736,0.3520528699135425,0.3578307364282487,0.3585723565147938,0.3456967723783547,0.3289528699135425,2024,658,0.01563780343323111,-0.010506053767597539,0.03999676240469756,0.013058349686272643,0.0160918725175958,-0.015901687145066547,0.047177294011528766,2023,0.31844681614594494,0.3689496323182401,0.31305118276847593,0.37613016392507126,0.30397310410095457,0.3852082425925927,0.29539266190280805,0.3937886847907392
671218,518.0,0.3486354728655973,0.315968009048203,0.2693528699135425,0.315450213457704,0.3049852396227232,0.3218211593068968,0.3289528699135425,2024,60,-0.01298486086533953,-0.028528187629625112,0.0033572553699528123,0.00818768983809307,0.024171000778036338,-0.06035915186058038,0.03438943012990132,2023,0.3004246822839174,0.3323101252834953,0.2685937180529621,0.3633423000434438,0.26594953065003946,0.3659864874463665,0.25083343974864747,0.3811025783477585
592663,429.0,0.337002336839323,0.3363424055224138,0.3427528699135425,0.3419787186463943,0.3479981202161342,0.3347330160216328,0.3289528699135425,2024,584,0.007389535608871309,-0.017257997911398006,0.03456651925104885,0.013161694917705196,0.016740730188067283,-0.025421692634643007,0.04020076385238563,2023,0.3116948720021445,0.36351938916459137,0.3035311772788995,0.36915363376592814,0.2946047315455661,0.3780800794992615,0.2772720406401112,0.3954127704047164
608701,303.0,0.3621710476122404,0.3237485959852799,0.3306528699135425,0.3310686927323145,0.3269918575449472,0.3291008874816323,0.3289528699135425,2024,239,-0.005204273928262601,-0.025435633596320503,0.016989853818463952,0.010905436780867996,0.02054961438599761,-0.045480778021004094,0.03507223016447889,2023,0.303517236317222,0.34594272373200646,0.2834720918925384,0.3640251000780214,0.2781519303761644,0.36934526159439535,0.25276802047422836,0.3947291714963314
543685,238.0,0.2835442984657448,0.3227621650467539,0.3263528699135425,0.3178004706940965,0.3209358593345863,0.3270429318923303,0.3289528699135425,2024,179,-0.006190704866788551,-0.026662917487355633,0.01363568677095589,0.010438857358935776,0.021569811099058787,-0.048466757774276094,0.036085348040698996,2023,0.3022899524261869,0.3425885566844984,0.2804861121392664,0.3650382179542415,0.2757955020854582,0.3697288280080496,0.24442785889290392,0.40109647120060393
592669,430.0,0.3069767398889674,0.3239356305051644,0.3272528699135425,0.332866672865748,0.3373649012031786,0.325589765406678,0.3289528699135425,2024,540,-0.0050172394083780394,-0.029401794171131135,0.02003768872247515,0.012762366218886077,0.017011277608559812,-0.03835873085216793,0.028324252035411848,2023,0.29955107574241135,0.34899055863601763,0.29059413906137455,0.35727712194895433,0.28225417001179876,0.3656170909985301,0.26461636418187184,0.38325489682845704
650859,304.0,0.3407590700061408,0.3348557982783804,0.3469528699135425,0.3276716144180782,0.3184846865507947,0.3389625324838282,0.3289528699135425,2024,436,0.005902928364837987,-0.020279511438863515,0.03096283935984128,0.013037606827602027,0.01803676069102662,-0.02944847298734197,0.041254329717017944,2023,0.30867335847467897,0.3599157092733838,0.2995043969262005,0.3702071996305604,0.29123596743043445,0.3784756291263265,0.26663168300868334,0.4030799135480776
668804,692.0,0.3596069815377481,0.3320323617116265,0.3440528699135425,0.3596888826193041,0.353988818146229,0.3401495099333329,0.3289528699135425,2024,632,0.003079491798084046,-0.022376054340914723,0.031006717261471688,0.013522047401363257,0.016280023886370728,-0.028828768686654384,0.03498775228282248,2023,0.3065768155726278,0.3599595871750142,0.3001241012268881,0.36394062219636497,0.2905530708847574,0.37351165253849566,0.28189364379640386,0.3821710796268492
663586,469.0,0.349892929228266,0.355215151863009,0.3781528699135425,0.3756070969968265,0.3745715637023522,0.3575122508367213,0.3289528699135425,2024,722,0.026262281949466545,0.0001380622823872234,0.05428163315724244,0.01362409088862772,0.0157252846506247,-0.00455870961239839,0.05708327351133148,2023,0.3290909321959297,0.38323450307078494,0.3243941603011441,0.38603614342487397,0.3144356328018051,0.39599467092421303,0.2990289598591258,0.4114013438668923
656896,303.0,0.2958609222971051,0.3161411287048761,0.3037528699135425,0.3143660595605605,0.31101178711778,0.3184138347211858,0.3289528699135425,2024,301,-0.012811741208666379,-0.03628626712632265,0.009946861245718776,0.011709380034065308,0.019645643744940215,-0.05131649540185379,0.025693012984521035,2023,0.29266660278721984,0.33889973115926125,0.2776363745116887,0.35464588289806354,0.27131572403324916,0.36096653337650303,0.24615069069063553,0.38613156671911664
519203,413.0,0.3032846662539925,0.3222438750012236,0.3241528699135425,0.3340174819238282,0.3467234458888107,0.3260231213339772,0.3289528699135425,2024,415,-0.006708994912318851,-0.030730631019495507,0.01807862989001077,0.012376639509007558,0.01844902007859504,-0.04286840981642145,0.029450419991783747,2023,0.298222238894047,0.34703149980355324,0.2860844600971211,0.35840328990532627,0.27870145224619564,0.36578629775625165,0.2604886644880659,0.3839990855143814
673357,425.0,0.2986966782554066,0.3541541159066409,0.3759528699135425,0.3665619717297183,0.3619864408132773,0.3537967294991325,0.3289528699135425,2024,580,0.025201245993098448,-0.0013987101826069149,0.05390738116705399,0.014490830130536309,0.016712917380446488,-0.007555470149170171,0.05795796213536707,2023,0.3275541597309356,0.3828602510805965,0.3213973997643723,0.3869108320489096,0.3107992090576024,0.39750902275567945,0.29492201464153744,0.4133862171717444
645302,295.0,0.3760416604992416,0.326375401473478,0.3515528699135425,0.303146999441936,0.301427235309372,0.3317958053463508,0.3289528699135425,2024,118,-0.0025774684400644825,-0.020380410180086565,0.016738418550175722,0.00952464390316294,0.022794397057768076,-0.047253665722595685,0.042098728842466716,2023,0.30857245973345593,0.3456912884637182,0.2816992041909468,0.37105159875600924,0.2779558259131527,0.3747949770338034,0.2521820969327582,0.40056870601419786
677587,481.0,0.2955882306359395,0.3184400930784298,0.2926528699135425,0.3307264905338389,0.3125862225229214,0.3235611772761562,0.3289528699135425,2024,86,-0.010512776835112671,-0.025981804508871467,0.006367789660005475,0.008390158895284008,0.023505334129869646,-0.056582385174237304,0.03555683150401197,2023,0.30297106540467106,0.33532065957354795,0.2723704847393052,0.36450970141755445,0.2695235579557485,0.3673566282011112,0.25306192926307247,0.38381825689378724
663898,539.0,0.3236448548664556,0.3146873338978562,0.3162528699135425,0.3336973456651955,0.3204627774614069,0.3250697182442069,0.3289528699135425,2024,191,-0.014265536015686253,-0.03609092439770542,0.008398900846000583,0.011587283667509949,0.02136093064647704,-0.05613219075903914,0.027601118727666636,2023,0.2928619455158371,0.3373517707595431,0.27282067915450336,0.35655398864120913,0.26705760792250893,0.36231705987320356,0.25408078356464836,0.37529388423106413
677594,613.0,0.3401143732024174,0.361511190924987,0.3674528699135425,0.3738645950868754,0.3691995568189576,0.3513981946418224,0.3289528699135425,2024,696,0.03255832101144459,0.006964530691901743,0.057658910834626965,0.013346105338373594,0.015902443236978602,0.0013901050007739738,0.0637265370221152,2023,0.3359174006054442,0.3866117807481695,0.33034297491431647,0.3926794069356577,0.3208209872063839,0.4022013946435902,0.30993623565394823,0.4130861461960259
668670,362.0,0.2765277741683854,0.3184316075961806,0.3159528699135425,0.3218171119375881,0.3212652335487706,0.321353076104028,0.3289528699135425,2024,360,-0.010521262317361918,-0.03786991177501255,0.017396132608822466,0.013760949300469248,0.0188960263897378,-0.04755679349216643,0.026514268857442597,2023,0.29108295813852997,0.34634900252236495,0.2813960764213761,0.3554671387709851,0.2726160695810275,0.3642471456113337,0.2533861072133132,0.383477107979048
679032,369.0,0.2833794962996591,0.3160221943039532,0.2980528699135425,0.3225345730246449,0.309764960942828,0.3180262375783967,0.3289528699135425,2024,200,-0.012930675609589347,-0.03466158722394972,0.009356920081446018,0.011412465670049951,0.021234283975081116,-0.05454910743824435,0.028687756219065656,2023,0.29429128268959276,0.3383097899949885,0.27440376247529813,0.35764062613260816,0.26877367832603477,0.3632707102818716,0.24866390446331046,0.3833804841445959
668942,476.0,0.2960887902886872,0.30977879913903,0.2996528699135425,0.3242444303210665,0.3305733526773581,0.3168599666678249,0.3289528699135425,2024,342,-0.019174070774512473,-0.04088670355539615,0.0024990536485916598,0.01118861000342149,0.01910566463718959,-0.05662048536410459,0.018272343815079643,2023,0.28806616635814636,0.33145192356213415,0.2723323845494379,0.34722521372862214,0.2663837883163508,0.3531738099617092,0.24997300175115275,0.3695845965269072
500743,348.0,0.3279710092406342,0.3072957950966357,0.2939528699135425,0.2971627895488792,0.3089900919520487,0.3108036977257566,0.3289528699135425,2024,419,-0.021657074816906787,-0.04362760322544683,0.0003535633534070045,0.01145924265846057,0.01824136982633322,-0.057409502705195556,0.014095353071381985,2023,0.28532526668809566,0.3293064332669495,0.27154336720834693,0.3430482229849245,0.26507406663492483,0.34951752355834664,0.24208420548371257,0.3725073847095589
667670,614.0,0.3978618372623858,0.3443817521979497,0.3570528699135425,0.336587673312835,0.3339460548860913,0.3435870931883847,0.3289528699135425,2024,524,0.015428882284407256,-0.01047636916454885,0.042999614881588724,0.01331896838372793,0.017181954433300676,-0.01824712958887038,0.04910489415768489,2023,0.31847650074899364,0.3719524847951312,0.31070574032467213,0.3780577640712274,0.3017727267305019,0.38699077766539763,0.29127956704732993,0.39748393734856957
666163,328.0,0.2925076400832663,0.3061194088084694,0.2217528699135424,0.2941008002559145,0.2898995538275808,0.312814350114848,0.3289528699135425,2024,79,-0.02283346110507308,-0.03656593667914318,-0.006832768561883183,0.0078021855234232445,0.023691547087241204,-0.06926804013410066,0.0236011179239545,2023,0.29238693323439935,0.3221201013516593,0.25968482977944185,0.35255398783749703,0.2572316243021612,0.3550071933147777,0.23323699570503215,0.37900182191190673
642708,346.0,0.3196531737470902,0.3236747664987814,0.3164528699135425,0.3212391299524346,0.324518246913585,0.3215565152295043,0.3289528699135425,2024,534,-0.0052781034147611015,-0.02835524173587565,0.01772675465137721,0.012112792244222126,0.017099154810977416,-0.03879183101035163,0.02823562418082943,2023,0.30059762817766683,0.3466796245649197,0.2901610389031909,0.3571884940943719,0.28260424469551026,0.36474528830205255,0.25952901191289984,0.387820521084663
592696,319.0,0.2365930569284721,0.3211616910817266,0.3279528699135425,0.3167489760935589,0.3249862304111075,0.329072084866877,0.3289528699135425,2024,521,-0.007791178831815922,-0.03329447985896573,0.019506736933464046,0.013477125438020116,0.01736714014789959,-0.041830148036158754,0.02624779037252691,2023,0.2956583900545768,0.34845960684700655,0.28712272187738375,0.3552006602860694,0.27807588403324346,0.36424749813020973,0.25480388034144014,0.38751950182201306
660688,485.0,0.2740702438206712,0.3127282802274946,0.3141528699135425,0.3229251056502486,0.3116958686923775,0.3227302598251738,0.3289528699135425,2024,555,-0.01622458968604792,-0.040905367380112814,0.009747253545066937,0.013127651369703357,0.016889292624714326,-0.049326994954845965,0.01687781558275012,2023,0.2880475025334297,0.33870012345860945,0.2796258749586965,0.34583068549629264,0.2708022987143483,0.3546542617406409,0.2558959203060036,0.3695606401489856
668939,646.0,0.3167185019556879,0.3387631252510903,0.3483528699135425,0.355662177922853,0.3417036140009277,0.3428258416814853,0.3289528699135425,2024,688,0.00981025533754783,-0.013813891123786087,0.03475154404058242,0.012434554211675258,0.015871026407923584,-0.0212963848196665,0.04091689549476216,2023,0.3151389787897564,0.3637044139541249,0.307656485093876,0.36986976540830463,0.2992462646263907,0.3782799858757899,0.2880690841428907,0.38945716635928995
596142,287.0,0.3142857098828625,0.3316131202827832,0.3466528699135425,0.3143951330553136,0.3185470088028901,0.3346984525739175,0.3289528699135425,2024,267,0.0026602503692407164,-0.025694519426127577,0.03092288675712778,0.014673601871949455,0.02014471516201188,-0.03682266582712053,0.042143166565601964,2023,0.3032583504874149,0.3598757566706703,0.292130204086422,0.37109603647914446,0.28276618783422747,0.380460052731339,0.2597424897015598,0.4034837508640067
660821,537.0,0.3281014990761764,0.3294328730303847,0.3435528699135425,0.3337466789442333,0.3287802091136257,0.3364210319407107,0.3289528699135425,2024,404,0.0004800031168422144,-0.02493241515157783,0.026455821416475615,0.01314745765738177,0.018563526323433426,-0.03590383990314854,0.036863846136832974,2023,0.30402045476196465,0.3554086913300181,0.29304903001039395,0.36581671605037547,0.2848481013381759,0.3740176447225935,0.2724129353724378,0.3864528106883316
467793,594.0,0.331186436192464,0.3256254195317754,0.3306528699135425,0.312175480515838,0.3132176399129484,0.3329252494823602,0.3289528699135425,2024,621,-0.0033274503817670898,-0.030200587938910586,0.022440158124391978,0.013121221789834119,0.01630811299597053,-0.03529076450967893,0.02863586374614475,2023,0.29875228197463194,0.3513930280379345,0.29366210540386356,0.35758873365968724,0.28460074620867787,0.366650092854873,0.2730499345860767,0.3782009044774742
623993,673.0,0.3447683073123652,0.3356546907829202,0.3414528699135425,0.3368426818195548,0.3284050739894682,0.3395491741290521,0.3289528699135425,2024,661,0.006701820869377698,-0.018938933954937294,0.03426747870124139,0.013434334594786202,0.016073584861699457,-0.024801826562001465,0.03820546830075686,2023,0.3100139359586052,0.3632203486147839,0.30415104335154103,0.3671583382142994,0.2945962999223296,0.3767130816435108,0.2853509973631428,0.3859583842026976
694384,607.0,0.3228405260564481,0.330422896269842,0.3513528699135425,0.3486699837819106,0.3258914598700165,0.3330339125654176,0.3289528699135425,2024,131,0.0014700263562994823,-0.016812827388627084,0.021282170928241913,0.009511089828736068,0.02253387213088596,-0.042695551452467846,0.04563560416506681,2023,0.3121400425249154,0.3502350408417844,0.28625731846107466,0.3745884740786093,0.2824843959232834,0.3783613966164006,0.26995962604504914,0.39088616649463487
669477,113.0,0.323008845865199,0.2994992818900329,0.2600528699135425,0.2980535644862798,0.2945185268983074,0.3024163826090805,0.3289528699135425,2024,274,-0.029453588023509603,-0.05119364131160609,-0.0072156952479799745,0.011361520000489808,0.020035888261261427,-0.06872320741385085,0.00981603136683164,2023,0.2777592286019364,0.3217371746655625,0.26022966249969165,0.3387689012803741,0.2543553520358114,0.3446432117442544,0.19604909417880745,0.4029494696012583
676914,451.0,0.2785242255038627,0.3507552717055592,0.4323528699135425,0.374927167591064,0.3438038232657341,0.3535174126917267,0.3289528699135425,2024,141,0.021802401792016757,-0.002511829621358827,0.047182930490352416,0.01285503177377069,0.022305289583238314,-0.02191516245586677,0.06551996603990029,2023,0.3264410402921837,0.37613580040389494,0.3070377074576757,0.3944728359534428,0.3002970358120165,0.401213507599102,0.28589956631213664,0.41561097709898187
656941,711.0,0.3688825977573637,0.3442315003133632,0.3668528699135425,0.3583547315081294,0.3653144916163355,0.3488204646781936,0.3289528699135425,2024,764,0.015278630399820768,-0.010224255569435722,0.04108347241230373,0.013325065870516989,0.015591366090466637,-0.015279885607272906,0.04583714640691444,2023,0.31872861434410676,0.37003634232584626,0.3136729843062696,0.37479001632045694,0.30403321346082823,0.38442978716589826,0.2953479046360017,0.3931150959907248
608369,533.0,0.3700961490090076,0.3853698690505045,0.4352528699135425,0.3761841628592127,0.3777154835751162,0.3881896793126002,0.3289528699135425,2024,597,0.056416999136962014,0.02885044415786666,0.08629126036805758,0.014673551415369196,0.016712811785385983,0.02366048995720893,0.0891735083167151,2023,0.35780331407140914,0.41524413028160007,0.35261335987075143,0.4181263782302576,0.34177967125740993,0.4289600668435991,0.3304613691488998,0.44027836895210926
543760,718.0,0.3177419308191596,0.3444974062272938,0.3642528699135425,0.3469085293089964,0.3517554770049144,0.3500117648897605,0.3289528699135425,2024,823,0.015544536313751356,-0.007889155421564677,0.04040546027572944,0.012443374793494087,0.015086629235746657,-0.014024713636421132,0.045113786263923844,2023,0.32106371449197785,0.36935833018927194,0.31492815627712134,0.3740666561774664,0.3061680086885707,0.382826803766017,0.2963732885971207,0.392621523857467
669222,267.0,0.2798113168410535,0.32466639747463,0.3367528699135425,0.316225092040608,0.308168777846761,0.33115010567812,0.3289528699135425,2024,328,-0.004286472438912449,-0.02871305034891413,0.02240349687261587,0.012758532562921296,0.019289932993670558,-0.04209404637069765,0.033521101492872754,2023,0.30023981956462836,0.3513563667861584,0.28685882354284487,0.36247397140641524,0.2793373129725749,0.3699954819766852,0.25182377022586283,0.3975090247233973
657757,501.0,0.2987951761986835,0.3020481378730735,0.2750528699135425,0.3111868431447741,0.3141924180360391,0.3062828127440786,0.3289528699135425,2024,338,-0.02690473204046895,-0.05097291501877185,-0.0015868434112237184,0.012394793000478901,0.01925764710353668,-0.06464902679038292,0.010839562709445028,2023,0.2779799548947707,0.3273660265023188,0.2643038431231596,0.33979243262298753,0.2571616305771161,0.346934645169031,0.24296664105820676,0.36112963468794035
572138,407.0,0.322044330130657,0.3078950009974319,0.2564528699135425,0.3031445577877029,0.3040245753126257,0.3150427128042023,0.3289528699135425,2024,107,-0.02105786891611058,-0.03809580076713014,-0.0025734167553220816,0.0091902381847075,0.02302855217702486,-0.06619300179918076,0.0240772639669596,2023,0.29085706914641235,0.3263794531582204,0.26275986811436175,0.3530301338805021,0.2592983790143214,0.3564916229805425,0.2402168698366257,0.3755731321582382
642350,448.0,0.2762331806223488,0.3232264826761039,0.3179528699135425,0.3062710852051707,0.3105609473968836,0.3230822647332504,0.3289528699135425,2024,361,-0.0057263872374386,-0.03296883558806285,0.024226785579805142,0.014550536628459277,0.018896458369754118,-0.04276276507751714,0.031309990602639934,2023,0.29598403432547965,0.3531796554933476,0.28619010483602536,0.36026286051618245,0.2764825022251558,0.36997046312705195,0.2625461816400899,0.38390678371211784
596103,214.0,0.2864485926160188,0.3300208624139324,0.3447528699135425,0.3360248324578924,0.3348769211920711,0.3345187066499258,0.3289528699135425,2024,207,0.0010679925003899398,-0.02157563867906517,0.022225753250361788,0.01127415926148364,0.02108864161699163,-0.04026498555178618,0.042400970552566065,2023,0.30737723123447735,0.3511786231639043,0.2886878843617563,0.3713538404661086,0.28315200172815735,0.3768897230997075,0.24911874787426688,0.4109229769535979
642086,307.0,0.31993463615966,0.3136118216780522,0.3170528699135425,0.306066160477223,0.3093050200339921,0.3193422770910746,0.3289528699135425,2024,581,-0.015341048235490293,-0.0392457891287548,0.007768080598714844,0.01184879539993834,0.016817766189182633,-0.048303264266703685,0.017621167795723102,2023,0.2897070807847877,0.33672095051225737,0.28064960564683883,0.3465740377092656,0.27329029798882165,0.3539333453672827,0.24684323422967558,0.3803804091264288
669701,592.0,0.3317487215550525,0.3114183756766824,0.2993528699135425,0.301436495362942,0.2994042234079909,0.3180547976844012,0.3289528699135425,2024,227,-0.01753449423686007,-0.039196542655546875,0.00617926471161342,0.011732028120913977,0.0207503862724907,-0.05820450399623618,0.02313551552251604,2023,0.2897563272579956,0.3351321346251559,0.27074836591730633,0.3520883854360585,0.26469803808671216,0.35813871326665264,0.25308772523844814,0.36974902611491667
656976,158.0,0.388924046407772,0.314232969093477,0.3058528699135425,0.3186866498244231,0.3207277834795781,0.3203001556004465,0.3289528699135425,2024,237,-0.014719900820065517,-0.035855249399863835,0.007393287780611613,0.011277910626683426,0.020625862064124884,-0.05514584761584127,0.02570604597571024,2023,0.29309762051367866,0.3363461576941541,0.2738070222977012,0.35465891588925275,0.2681584946731844,0.36030744351376953,0.22376042745570324,0.4047055107312507
669257,609.0,0.3268272381684313,0.3414580548954957,0.3533528699135425,0.3520963243451225,0.3564141247966672,0.3417860704543293,0.3289528699135425,2024,553,0.012505184981953271,-0.011111504248673007,0.038029508567581825,0.012772477106582063,0.016984302664634455,-0.020783436543257934,0.045793806507164476,2023,0.3178413656648695,0.3669823784811243,0.3081694333702846,0.37474667642070697,0.2998069659806288,0.3831091438103627,0.2884699328557548,0.3944461769352367
691016,213.0,0.3353773541045639,0.296009765044242,0.2202528699135424,0.299432279709191,0.2926311661184579,0.3028550866268252,0.3289528699135425,2024,138,-0.032943104869300514,-0.050379573030184636,-0.014888731611721842,0.00939282406520705,0.022393127337766043,-0.07683282795254126,0.010946618213940232,2023,0.27857329688335786,0.3140641383018207,0.25212004196100124,0.3398994881274827,0.2484154266241968,0.34360410346428716,0.21363408574270498,0.378385444345779
456781,323.0,0.3305900565215519,0.3328256640692504,0.3463528699135425,0.3275543847940467,0.3334685164033231,0.3360984876978829,0.3289528699135425,2024,460,0.0038727941557079463,-0.018773135048917606,0.02627425416621102,0.011588079071620702,0.01784938420995799,-0.031111356042027645,0.038856944353443536,2023,0.3101797348646249,0.35522712407975354,0.29784151387151486,0.36780981426698606,0.29111552627581444,0.3745358018626865,0.26627931744468697,0.39937201069381395
624585,582.0,0.3487972465577404,0.3472898061024934,0.3653528699135425,0.3403641381048488,0.3431515295762466,0.3484973480377812,0.3289528699135425,2024,575,0.018336936188950888,-0.00827467763466544,0.047086742116024025,0.01401695530189135,0.016767275230739617,-0.014526319382169285,0.05120019176007106,2023,0.32067819227887706,0.37603961202956654,0.3144265505313732,0.38015306167361357,0.3044558904914696,0.39012372171351717,0.29382533051554044,0.4007542816894463
624641,279.0,0.3353790567670058,0.3202157114690021,0.3161528699135425,0.3222957790507691,0.3211504041086734,0.3233136566222552,0.3289528699135425,2024,299,-0.008737158444540441,-0.03372631510265068,0.01810914093223064,0.012979727371285712,0.01968884204038239,-0.047326579740988035,0.029852262851907153,2023,0.29522655481089183,0.34706201084577315,0.28162629017255447,0.3588051327654497,0.27399529642029724,0.3664361265177069,0.24811132800567964,0.3923200949323245
672820,369.0,0.2828767074297552,0.3050103053057931,0.2669528699135425,0.29960363098987,0.2919753186830588,0.3097397176259579,0.3289528699135425,2024,169,-0.023942564607749378,-0.04565998723100159,-0.000780073816062845,0.011434798532368444,0.021763058481737253,-0.06659737542539335,0.01871224620989459,2023,0.28329288268254094,0.3281727960974797,0.26235549448814915,0.3476651161234371,0.25682606136092967,0.3531945492506565,0.2370067890123791,0.3730138215992071
665742,777.0,0.4331606164034166,0.3781744902827463,0.4103528699135425,0.4022950654513061,0.4000581288631618,0.3768407825166694,0.3289528699135425,2024,687,0.049221620369203856,0.023480617704151472,0.07521656127033799,0.013547953927290728,0.016111821293106003,0.017643030909370527,0.08080020982903718,2023,0.352433487617694,0.4041694311838805,0.34659590082291303,0.4097530797425797,0.3369156031421413,0.4194333774233514,0.3299113253157595,0.4264376552497332
543807,611.0,0.3123567875980745,0.3321787994626767,0.3322528699135425,0.3409795166041177,0.3504718994527647,0.3293481873874713,0.3289528699135425,2024,684,0.0032259295491341806,-0.021298538537555374,0.0272216073466,0.012456169109603045,0.015977829713083147,-0.02809004123962273,0.03454190033789109,2023,0.30765433137598713,0.3561744772601425,0.3008628286739198,0.3634947702514336,0.29247091632633604,0.37188668259901736,0.280460955218667,0.3838966437066864
607732,281.0,0.3593862768975406,0.3000185707235392,0.2659528699135425,0.288732922183191,0.3028142905540243,0.3030620358509981,0.3289528699135425,2024,269,-0.028934299190003242,-0.04854681402908372,-0.007234571768506207,0.010534657189554802,0.020096120569830078,-0.06832197173584474,0.01045337335583826,2023,0.28040605588445877,0.3217182981450363,0.26063089817769775,0.33940624326938074,0.25554711903694777,0.34449002241013077,0.22766608317537054,0.372371058271708
519317,521.0,0.3472815497407635,0.3202358230663376,0.3100528699135425,0.3318009420647855,0.3453695954685485,0.3194935469951452,0.3289528699135425,2024,405,-0.008717046847204915,-0.03515356644459115,0.018549797549626733,0.013734429147369037,0.018371732046133193,-0.044724979991246326,0.027290886296836493,2023,0.29379930346895133,0.3475026674631692,0.2842278899222962,0.356243756210379,0.2752780308356472,0.36519361529702793,0.2629361368980569,0.37753550923461826
668715,656.0,0.3299694147860967,0.3452050596049896,0.3659528699135425,0.3534356504969266,0.3354255732170971,0.3496756746477856,0.3289528699135425,2024,657,0.016252189691447125,-0.00983279647256327,0.042047187968794274,0.012991759674656827,0.016139616830832038,-0.015380878021260157,0.047885257404154405,2023,0.31912007344097926,0.37100005788233675,0.31357199189228235,0.3768381273176969,0.3045967507528826,0.3858133684570967,0.29442623549488184,0.39598388371509746
683021,124.0,0.2609756046194371,0.3248346423008336,0.3382528699135425,0.3152941785478295,0.3097396259818861,0.3299976795009976,0.3289528699135425,2024,71,-0.004118227612708898,-0.018631437782406755,0.012544297194174492,0.00815861744759025,0.023875287464692016,-0.05091293116404587,0.04267647593862807,2023,0.3103214321311357,0.341497167107717,0.2780399387494966,0.37162934585217056,0.27538321711980085,0.3742860674818663,0.22218467246461038,0.4274846121370568
663886,515.0,0.3513671826804057,0.3217960300235787,0.3285528699135425,0.3436601900902049,0.3357934112386561,0.326996740085084,0.3289528699135425,2024,510,-0.007156839889963748,-0.031139745635709086,0.017427007245657534,0.012536081328102385,0.017315632068344456,-0.04109485511346568,0.026781175333538187,2023,0.2978131242778334,0.34637987715920004,0.28785801480007683,0.3557340452470807,0.2798974985159374,0.3636945615312201,0.26556776771848334,0.3780242923286742
621466,194.0,0.3015543994508259,0.334844049691695,0.3657528699135425,0.3327752881800586,0.3283956834606256,0.3383306016288397,0.3289528699135425,2024,184,0.005891179778152512,-0.019415177102412556,0.032988688229996635,0.013541413990676198,0.021515951441017388,-0.036279310139354246,0.04806166969565927,2023,0.30953769281112997,0.3619415581435391,0.29267355977418824,0.3770145396092018,0.28501676688111266,0.38467133250227736,0.25050117821432644,0.4191869211690636
596115,106.0,0.3283653798011633,0.3094926001421781,0.2810528699135425,0.3267954264077619,0.325235907943316,0.3151760368055637,0.3289528699135425,2024,168,-0.019460269771364332,-0.040511075811327825,0.0033092397134947904,0.011194099506323597,0.021775439384513602,-0.062139346712546034,0.023218807169817366,2023,0.28844179410221465,0.3322621096270373,0.2668135232009965,0.3521716770833599,0.26150438693221595,0.3574808133521404,0.20185321644335946,0.41713198384099687
681082,584.0,0.3038659744041482,0.3247144638657432,0.3375528699135425,0.3237028325334319,0.3204877641106788,0.3310899897496166,0.3289528699135425,2024,684,-0.004238406047799294,-0.02770103681471967,0.019706531747850243,0.012226512519196594,0.016090636174643194,-0.0357754734384373,0.027298661342838718,2023,0.3012518330988228,0.34865940166139275,0.2931773964751052,0.3562515312563812,0.2851059154019909,0.36432301232949554,0.272112633118893,0.3773162946125934
669065,209.0,0.2766826886397142,0.3069586989178112,0.1205528699135425,0.3056035634051543,0.3035280085956325,0.3145523631007197,0.3289528699135425,2024,33,-0.02199417099573123,-0.028827139404984055,-0.01399124772639816,0.003779622563835413,0.02489701619630328,-0.07079142606299607,0.026803084071533607,2023,0.30012573050855845,0.31496162218714435,0.2581614438505464,0.3557559539850761,0.25760234733490855,0.35631505050071394,0.2213221379324381,0.3925952599031844
596117,187.0,0.27272726762741,0.307182842713843,0.2656528699135425,0.3100013565437891,0.3108143677101898,0.3144189351209038,0.3289528699135425,2024,124,-0.021770027199699483,-0.04036828718035964,-0.002306279763553137,0.009511535309521027,0.022657309179495037,-0.06617753717809852,0.02263748277869955,2023,0.2885845827331829,0.32664659014998937,0.26277533273544396,0.35159035269224204,0.2590210212354109,0.3553446641922751,0.22053922543664378,0.3938264599910422
553993,640.0,0.3439749565109587,0.3328639294598096,0.3219528699135425,0.3235521176652404,0.3334429739655217,0.323221437003636,0.3289528699135425,2024,686,0.003911059546267105,-0.02036541812075525,0.027233154168351058,0.012197521187123455,0.01596345873925435,-0.027376744651362594,0.0351988637438968,2023,0.30858745179278724,0.35618602408189354,0.3015761252621799,0.3641517336574393,0.2934880853050484,0.3722397736145708,0.2819109055385057,0.3838169533811135
669261,277.0,0.2747252707952981,0.3385332758116886,0.3545528699135425,0.3422273920287838,0.333349430679504,0.3416644315581596,0.3289528699135425,2024,526,0.009580405898146151,-0.01626590092308917,0.035900024477329255,0.013315929174175766,0.017297055852803903,-0.02432120061192725,0.043482012408219556,2023,0.31268696899045334,0.36485289439087176,0.3046316693016152,0.37243488232176203,0.29574936251269845,0.3813171891106788,0.2686333196268465,0.40843323199653075
673548,585.0,0.3720309761017817,0.3480526035516614,0.3699528699135425,0.3540671528491893,0.3523775735060622,0.3505787737705734,0.3289528699135425,2024,579,0.019099733638118944,-0.007096786643706025,0.04598149070240986,0.013514312925169759,0.01672750282808035,-0.013685569456210443,0.051885036732448334,2023,0.3218560832698365,0.37493436061595237,0.31526730045733203,0.3808379066459908,0.3059044448272224,0.3902007622761005,0.29472144575556014,0.40138376134776277
621020,593.0,0.3146362052552793,0.3258456527218186,0.3333528699135425,0.3305765485219885,0.3352310606847711,0.3290937011146983,0.3289528699135425,2024,632,-0.003107217191723847,-0.02697155761257953,0.022688286203636245,0.012679807552643543,0.016335104201179305,-0.035123433109744216,0.02890899872629652,2023,0.301981312300963,0.3516411561171787,0.2938294368037983,0.35786186863983904,0.2853159314985142,0.3663753739451231,0.2732100683229417,0.3784812371206956
665487,468.0,0.3798715155691355,0.3366243970367807,0.3465528699135425,0.3690327346785071,0.3697093757154319,0.3384046026640812,0.3289528699135425,2024,631,0.007671527123238241,-0.018018394554434776,0.03488811375025925,0.013442154241701915,0.016351852575610375,-0.02437751500546662,0.0397205692519431,2023,0.31093447535910773,0.36384098366380174,0.30457535490807586,0.3686734391654856,0.29513632527141564,0.3781124688021459,0.2797138403054105,0.393534953768151
643565,350.0,0.3292263556688085,0.3286860847905964,0.3439528699135425,0.3233624670339982,0.3164038149403675,0.3362132914514896,0.3289528699135425,2024,399,-0.00026678512294611104,-0.02240867432154071,0.025670528941399186,0.012201909504115451,0.018542183446670843,-0.03660879687315573,0.03607522662726351,2023,0.3065441955920018,0.3546233988549417,0.2923440730403868,0.36502809654080604,0.2851811018139526,0.3721910677672402,0.26327919638848013,0.3940929731927127
665750,529.0,0.2935823709115214,0.3150932587217898,0.3200528699135425,0.3144124663374971,0.3010436790477934,0.3249138164430152,0.3289528699135425,2024,613,-0.01385961119175274,-0.03797679665165256,0.008791925356051816,0.012268898129971426,0.01642532741803088,-0.04605266136537154,0.01833343898186606,2023,0.29097607326188996,0.33774479526959433,0.28290020854817094,0.34728630889540857,0.27491078272533925,0.3552757347182403,0.2603846587304494,0.36980185871313015
621035,262.0,0.2882692259091597,0.3271869266409118,0.3309528699135425,0.3250225926260339,0.3347242207140314,0.3300133859144466,0.3289528699135425,2024,387,-0.0017659432726306844,-0.02843015333200771,0.024043037303294084,0.013353005547398425,0.018578379702072746,-0.03817889837980325,0.03464701183454187,2023,0.3005227165815348,0.3529959072168366,0.29077397153373924,0.3635998817480844,0.2823444690940678,0.37202938418775583,0.2545472639570826,0.399826589324741
572191,300.0,0.2532094553918452,0.3180824585354744,0.3160528699135425,0.3072855302586308,0.3100071587549494,0.3212645511739067,0.3289528699135425,2024,395,-0.010870411378068032,-0.036096604368884115,0.017805399070757646,0.013883427271752192,0.018524958737266964,-0.04717866331820188,0.025437840562065814,2023,0.2928562655446584,0.3467582689843001,0.28177420659534064,0.35439071047560833,0.2727092436529561,0.3634556734179928,0.24902816880576123,0.3871367482651877
621438,389.0,0.3152454737236949,0.3172626149564934,0.3112528699135425,0.3199652412553334,0.3231621354875937,0.3220810138177372,0.3289528699135425,2024,251,-0.011690254957049073,-0.03711027777299382,0.015808031771461874,0.01339125246698576,0.020371698538430544,-0.0516180503962802,0.028237540482182053,2023,0.2918425921405487,0.3447609016850044,0.2773348195172623,0.3571904103957246,0.2694808096294421,0.3650444202835448,0.25203182528255474,0.38249340463043213
642133,421.0,0.3076190430493581,0.3143490739575693,0.3015528699135425,0.3206107626305338,0.32283633940537,0.3167115006814515,0.3289528699135425,2024,342,-0.014603795955973178,-0.03894984170986625,0.011713082656004525,0.013018118269973056,0.01915639521026282,-0.0521496406417039,0.022942048729757546,2023,0.29000302820367624,0.340665952569547,0.2768032292718386,0.3518949186433,0.2689540536338305,0.35974409428130816,0.2521536610442383,0.37654448687090036
677588,168.0,0.2930722836270389,0.3198835338565425,0.2768528699135425,0.3323742647648318,0.3133217139393073,0.3246462630291777,0.3289528699135425,2024,34,-0.009069336057000013,-0.019306814130302587,0.0021635774164639994,0.005546034380893394,0.0248699910639338,-0.057813622838143244,0.03967495072414322,2023,0.3096460557832399,0.3311164473300065,0.27113924707539927,0.36862782063768573,0.2699419380192612,0.3698251296938238,0.2274871744696187,0.4122798932434663
642136,186.0,0.2938171996865221,0.3169267049879398,0.3053528699135425,0.3113252248423286,0.3120664680672426,0.3186689362132502,0.3289528699135425,2024,306,-0.012026164925602694,-0.0346122784410998,0.012256221727551711,0.012146546643064774,0.019661587610998947,-0.050562168522039555,0.026509838670834163,2023,0.2943405914724427,0.3412090916410942,0.27839070139150296,0.3554627085843767,0.271630049353192,0.36222336062268756,0.23296319153637396,0.4008902184395056
677950,103.0,0.2808823497856365,0.311229403795145,0.3046528699135425,0.310240577434449,0.3045703954174215,0.3144135903135394,0.3289528699135425,2024,452,-0.01772346611839749,-0.04093281937222,0.006781672256835312,0.012527751544159055,0.01790885498893315,-0.052824176901056924,0.017377244664261948,2023,0.2880200505413225,0.3357345421703778,0.27612869301248555,0.34633011457780444,0.26839301789452996,0.3540657896957601,0.20501639649308367,0.41744241109720637
657041,571.0,0.3220175394886418,0.3373546667631149,0.3493528699135425,0.336086883767723,0.3353296798315296,0.3398978680444174,0.3289528699135425,2024,677,0.008401796849572356,-0.017800253688715146,0.034246826300510035,0.013187892985396183,0.01603237148242249,-0.023021073842742764,0.039824667541887473,2023,0.31115261622482737,0.3631996962140525,0.30593179607079973,0.36877753745542996,0.29666676532355096,0.3780425682026788,0.28443855985261346,0.3902707736736163
669911,458.0,0.3342105226035703,0.2906287676125588,0.2357528699135425,0.3003684100452428,0.2895727894799076,0.3062770613762361,0.3289528699135425,2024,152,-0.03832410230098372,-0.05731954366268429,-0.016647991674145608,0.010304468571998104,0.022085793108782607,-0.08161146136420055,0.004963256762233102,2023,0.27163332625085823,0.3123048782393969,0.24734140854934195,0.3339161266757756,0.24286173385632037,0.3383958013687972,0.22633447885562685,0.35492305636949073
679529,405.0,0.3012376198969265,0.3364784243682276,0.3462528699135425,0.3307060070795015,0.3223209643582864,0.3373268438131304,0.3289528699135425,2024,674,0.007525554454685181,-0.017865712058594725,0.03320118400272467,0.013440395420589675,0.016040451346767935,-0.023913152480746977,0.03896426139011734,2023,0.3110871578549478,0.36215405391626715,0.3050397174327955,0.36791713130365983,0.295462212196588,0.3774946365398673,0.27694607793047554,0.3960107708059798
647351,364.0,0.2876731256368748,0.3330974051060714,0.5371528699135425,0.30500157301231,0.3075199929548821,0.3387023169475163,0.3289528699135425,2024,21,0.004144535192528917,-0.008241191829492438,0.01802788767139565,0.006792841995429524,0.025249810571540996,-0.04534418414415015,0.05363325452920798,2023,0.32071167808405004,0.3469807575849381,0.28360868576939235,0.3825861244427505,0.28184910140113695,0.38434570881100594,0.26034639462113507,0.4058484155910078
620443,131.0,0.2977099195691465,0.3203600064805545,0.2971528699135425,0.3113122304981415,0.3154193143134867,0.32662248196226,0.3289528699135425,2024,30,-0.008592863432987936,-0.01936699524826257,0.002282142940249269,0.005747534541503373,0.02498399764902897,-0.0575605990149181,0.040374872148942226,2023,0.3095858746652799,0.33123501285379175,0.2713922708986244,0.36932774206248475,0.27011323078676047,0.37060678217434867,0.21887565439419165,0.4218443585669175
650402,734.0,0.3226712275857795,0.3453223149893641,0.3533528699135425,0.3379173617707148,0.3365837867349238,0.341918352617313,0.3289528699135425,2024,665,0.016369445075821585,-0.007736267966011278,0.04171580436634067,0.01276531124324064,0.01610954064576439,-0.01520467439736074,0.047943564549003906,2023,0.3212166019475312,0.37066867427988315,0.31374819551618177,0.3768964344625464,0.3050370457569219,0.3856075842218063,0.2962602026518746,0.39438442732685364
678662,695.0,0.3293304182209475,0.3057817303884517,0.3145528699135425,0.3268849685678416,0.3045343038415226,0.3195718199428988,0.3289528699135425,2024,602,-0.023171139525090766,-0.04702993739475674,0.00039779725089175016,0.011970427109553676,0.016579126515997453,-0.055665630391578805,0.009323351341397269,2023,0.28192293251878575,0.32935066716443423,0.2732872395219637,0.3382762212549398,0.2657025725449802,0.3458608882319233,0.25533186030105726,0.35623160047584623
624431,239.0,0.2867647013744386,0.3127708232151024,0.2800528699135425,0.2917537876429195,0.2989938341736862,0.3144518279603774,0.3289528699135425,2024,164,-0.01618204669844003,-0.03710583537799968,0.0057983318043174715,0.01101819749148167,0.021846404814360336,-0.05900021332626873,0.026636119929388673,2023,0.29184703453554284,0.33475120171786,0.26995265658727374,0.3555889898429312,0.26481510310917306,0.3607265433210319,0.23425841899423813,0.3912832274359668
669707,446.0,0.2916853881953807,0.3414942304327074,0.3679528699135425,0.3519715559845353,0.3367906652286985,0.3409389834087184,0.3289528699135425,2024,209,0.012541360519164893,-0.008872946461995447,0.035130973628370595,0.011311326884185737,0.02104320736782531,-0.028702568040980626,0.05378528907931041,2023,0.32007992345154707,0.3640838435419131,0.30025030187256185,0.3827381589928529,0.2946694359483892,0.3883190249170256,0.2780763476484571,0.40491211321695764
545361,126.0,0.3715999965667724,0.350157777947445,0.3836528699135425,0.3855862087376588,0.3880552291123733,0.3514849211320149,0.3289528699135425,2024,356,0.02120490803390254,-0.004218033435002327,0.04948986147211712,0.01383897350037034,0.01894422998884265,-0.015925100459072684,0.058334916526877764,2023,0.3247348364785402,0.37844273138565965,0.3130277694544698,0.3872877864404203,0.30417579321327265,0.3961397626816174,0.25221180724814185,0.4481037486467482
663656,347.0,0.4140988321498383,0.3564906588741262,0.3783528699135425,0.3694901580637988,0.3770605234747059,0.3567072443549254,0.3289528699135425,2024,704,0.02753778896058367,0.0014300518056779609,0.05451167774413711,0.013522296128322132,0.016024330594532406,-0.003869321881063162,0.0589448998022305,2023,0.33038292171922046,0.3834645476576796,0.32508354803247935,0.387897769715773,0.31539531933380044,0.3975859984144519,0.29348832998664126,0.4194929877616111
668930,631.0,0.309535251213954,0.2948792383752642,0.2709528699135425,0.2984779597951669,0.294377956177468,0.2996835684178209,0.3289528699135425,2024,444,-0.034073631538278235,-0.05589309637599736,-0.012237284183492396,0.0111661305008493,0.01804369538258867,-0.06943862463616371,0.0012913615596072334,2023,0.2730597735375451,0.3167155857300501,0.25951424527737876,0.33024423147314974,0.2532902336700358,0.3364682430804927,0.24111090072618133,0.34864757602434715
457759,539.0,0.3338919871346245,0.346291898674411,0.3604528699135425,0.3407102505179006,0.3528376333898197,0.34550727252932,0.3289528699135425,2024,620,0.01733902876086849,-0.006181894883193173,0.04415579117837267,0.012705477605736067,0.01646554968657548,-0.014932855610474225,0.04961091313221121,2023,0.32277097503034935,0.37310866109191515,0.31402001430306825,0.3785637830457537,0.3055291951815444,0.3870546021672776,0.29186936947216,0.400714427876662
607208,556.0,0.3590090034244296,0.3463283081013339,0.3571528699135425,0.3550237704766419,0.3603229916564274,0.3444410457280223,0.3289528699135425,2024,740,0.017375438187791463,-0.008330018290229745,0.04288563037379984,0.012907131189662507,0.015625364354780045,-0.013249713192893364,0.04800058956847629,2023,0.3206228516233128,0.37183850028734233,0.31570315672064914,0.3769534594820188,0.3066059715082089,0.38605064469445904,0.29341780143164453,0.3992388147710234
649966,109.0,0.3160550424812037,0.3209818349134709,0.3192528699135425,0.340728803020182,0.3382149941102106,0.3251853561665234,0.3289528699135425,2024,173,-0.00797103500007157,-0.028374014171181364,0.01266370658307053,0.010627718603799713,0.0216655711215302,-0.05043477410276183,0.03449270410261869,2023,0.30057885574236115,0.34161657649661303,0.2785180958107807,0.3634455740161612,0.27368431091380097,0.3682793589131409,0.21468438280304047,0.4272792870239014
602104,308.0,0.3379870080328607,0.3272600023388793,0.3205528699135425,0.3256936047689314,0.3298164624763641,0.3237238773221035,0.3289528699135425,2024,393,-0.001692867574663198,-0.024268689540631997,0.022151328549245484,0.012023655234179963,0.018529064754372236,-0.03800916716044329,0.03462343201111689,2023,0.3046841803729105,0.351104198462788,0.2909437027530992,0.3635763019246594,0.28396766202397483,0.3705523426537838,0.2588533970114982,0.39566660766626044
570482,467.0,0.2916846603605711,0.3233736443386666,0.3234528699135425,0.3237435227282773,0.3297430902290837,0.3249213085672034,0.3289528699135425,2024,224,-0.005579225574875883,-0.027267926847498788,0.01554880038960308,0.011017056650850423,0.020794446924833867,-0.04633559262597994,0.03517714147622818,2023,0.3016849430660437,0.3445016703031456,0.2826172772875626,0.3641300113897707,0.2772505418478072,0.36949674682952605,0.2611041676092165,0.3856431210681167
665839,223.0,0.2859728468489323,0.3206370078054937,0.3407528699135425,0.3409093778571804,0.3194116254531028,0.3321714234672795,0.3289528699135425,2024,148,-0.00831586210804881,-0.03121284139992738,0.016188997676020132,0.01218821369519778,0.022189455791705438,-0.05180639629633518,0.03517467208023756,2023,0.29774002851361514,0.3451418675895626,0.27714647361720735,0.36412754199378006,0.2710176055585141,0.3702564100524733,0.23981028579162295,0.40146372981936446
545121,303.0,0.2781144731775277,0.3112921191667945,0.3028528699135425,0.3041498792858383,0.3033033396060813,0.3198304635312687,0.3289528699135425,2024,282,-0.01766075074674793,-0.0400175471274831,0.005713244410715609,0.011633185485094316,0.019866719232749453,-0.05659880493390607,0.021277303440410213,2023,0.2889353227860594,0.33466611432425813,0.27235406497963643,0.35023017335395273,0.26616961319749394,0.3564146251360952,0.2410623720376077,0.3815218662959814
678246,237.0,0.2491561144213133,0.313695427539119,0.3029528699135425,0.3136842336675579,0.3052304909970023,0.317142425832173,0.3289528699135425,2024,294,-0.015257442374423433,-0.03997937485534743,0.009375153830254234,0.012495684133824783,0.019746680390989434,-0.05396022475498604,0.023445340006139175,2023,0.2889734950581951,0.3383280237437967,0.2749926451585565,0.3523982099196817,0.26789456624012536,0.35949628883811274,0.23711047835605134,0.39028037672218674
662139,509.0,0.3069471590906206,0.3114337518006772,0.3053528699135425,0.3228175881606432,0.3265152866081173,0.3151146092021957,0.3289528699135425,2024,576,-0.017519118112865245,-0.042522674678269916,0.0074816191710779445,0.012724390058170897,0.01690520633781273,-0.05065271368619646,0.015614477460465973,2023,0.2864301952352726,0.3364344890846204,0.27830015622734605,0.34456734737400846,0.2699632062718505,0.35290429732950396,0.2554752380920578,0.36739226550929666
683734,619.0,0.310985455990608,0.3295675277540354,0.3345528699135425,0.336746629866279,0.3310185759150618,0.3300782129552852,0.3289528699135425,2024,610,0.0006146578404929133,-0.02535982506037098,0.025874725172579223,0.012828002392571682,0.016519547308298452,-0.03176305992467764,0.032992375605663475,2023,0.3035930448531715,0.3548275950861217,0.29718980998886485,0.361945245519206,0.28857413772523455,0.3705609177828363,0.27740942165833304,0.3817256338497378
543877,315.0,0.2693548340951243,0.2982397891901506,0.2711528699135425,0.295871608339638,0.3021100908529871,0.3015062204560141,0.3289528699135425,2024,347,-0.03071308072339186,-0.05237829254651035,-0.006465569356903925,0.011396981303212214,0.019058454491859413,-0.06806696512843192,0.006640803681648207,2023,0.27657457736703217,0.3224873005566386,0.2608859047851106,0.3355936735951907,0.2547164125961691,0.3417631657841322,0.22982032603556846,0.36665925234473284
676369,230.0,0.2847826050675434,0.3398623428610768,0.3871528699135425,0.3441554340138766,0.3291620512048056,0.3448788407650331,0.3289528699135425,2024,179,0.010909472947534325,-0.015982392339360284,0.0405611958549155,0.014956341407093338,0.02157907739998095,-0.031384741576030564,0.053203687471099215,2023,0.3129704775741822,0.369514065768458,0.29756812833751195,0.3821565573846417,0.2884026036631678,0.39132208205898583,0.26055869238212703,0.4191659933400266
657077,677.0,0.2971726144176154,0.3147926672920753,0.3347528699135425,0.3357259883975642,0.3280013020519283,0.329966330776113,0.3289528699135425,2024,594,-0.014160202621467177,-0.03839274479673789,0.010866509975589262,0.01236478607458602,0.01673864492380004,-0.04696734382211945,0.0186469385791851,2023,0.2905601251168046,0.33981937988913175,0.281985526091423,0.3475998084927276,0.2740051542644786,0.3555801803196721,0.263751475667353,0.36583385891679765
668901,512.0,0.3729941246560875,0.3101550333759794,0.2858528699135425,0.3112805550312322,0.3051229615871109,0.3140245834487538,0.3289528699135425,2024,233,-0.018797836537563117,-0.04263463508908143,0.007317522150501678,0.012758290511315872,0.020684844477471296,-0.05933938673921909,0.021743713664092855,2023,0.28631823482446106,0.3362703920640442,0.26961348317432343,0.35069658357763533,0.262521989996406,0.35778807675555274,0.24961395445618242,0.37069611229577637
663837,600.0,0.3220637539689173,0.3250614839724994,0.3310528699135425,0.3211983784351308,0.3192714546871016,0.3281671313667901,0.3289528699135425,2024,519,-0.0038913859410430753,-0.027347629094065504,0.02012627159247684,0.011950538838006852,0.017249345355891007,-0.03769948159548269,0.029916709713396543,2023,0.301605240819477,0.3490791415060193,0.2912533883180598,0.35886957962693905,0.2839323370408986,0.3661906309041002,0.27150693031603423,0.37861603762896456
683011,748.0,0.3045883893805798,0.3143631322332277,0.3021528699135425,0.318234297434808,0.3119193445408745,0.3117739620552496,0.3289528699135425,2024,597,-0.014589737680314758,-0.037288132732938774,0.010595650573979671,0.012483923752838546,0.016608260106073032,-0.04714132933409128,0.017961853973461766,2023,0.2916647371806037,0.33954852048752215,0.28181154057945124,0.3469147238870043,0.2736410111354789,0.3550852533309766,0.2649325901838707,0.3637936742825848
664774,401.0,0.3427848044830032,0.3475570566078513,0.3616528699135425,0.3387068184694741,0.3389374312898615,0.3461945473347902,0.3289528699135425,2024,506,0.01860418669430885,-0.006387514089095014,0.043807986350926344,0.012623537138494439,0.017420674308615068,-0.015539707536978888,0.05274808092559659,2023,0.3225653558244475,0.37276085626446887,0.31341316237656364,0.3817009508391391,0.3053912392802608,0.3897228739354419,0.2863442569797508,0.4087698562359519
642180,156.0,0.2490131525616896,0.3180256363110684,0.2720528699135425,0.3018059545406568,0.3066464783036295,0.3239183983663204,0.3289528699135425,2024,54,-0.010927233602474034,-0.024192694781194807,0.0031436184353610336,0.007094255616006388,0.024319508752482535,-0.05859259487904642,0.036738127674098356,2023,0.3047601751323477,0.33209648834890354,0.2703602750344961,0.36569099758764084,0.2683736335038217,0.3676776391183152,0.2236487442031631,0.4124025284189738
572233,552.0,0.3444241273337788,0.3477823474997381,0.3581528699135425,0.3394906082479513,0.344156465333604,0.3450266475355634,0.3289528699135425,2024,721,0.01882947758619562,-0.005984821198584938,0.04455355051688281,0.012839678587859497,0.015720611509884158,-0.011982354788123168,0.04964130996051441,2023,0.32296804871495755,0.3735064204304253,0.31697051512541935,0.3785941798740569,0.30799966632901743,0.38756502867045883,0.2946365024467396,0.40092819255273665
691023,178.0,0.2724719070986415,0.3351700996260825,0.3520528699135425,0.3562634301662736,0.3363468819040824,0.339095358616678,0.3289528699135425,2024,459,0.006217229712540026,-0.019304374793936794,0.03319458087558869,0.013487802282617287,0.017835488392618427,-0.02873968518367427,0.04117414460875432,2023,0.3096484951196057,0.3621474507891312,0.30021318472986824,0.3701270145222968,0.29134285694647055,0.3789973423056945,0.2512836320290718,0.41905656722309326
670242,261.0,0.3840996127475723,0.3442076169130378,0.3834528699135425,0.3567442097881674,0.3405714237688031,0.3485481680918694,0.3289528699135425,2024,265,0.015254746999495285,-0.010197514552140765,0.04309524995126984,0.01372650533339154,0.020223011157228174,-0.024381626527623615,0.054891120526614184,2023,0.31875535536140176,0.37204811986481234,0.3045712433859189,0.3838439904401567,0.2963031488979474,0.3921120849281282,0.2697979678996382,0.4186172659264374
670764,252.0,0.2486111069955523,0.3087978440364823,0.2919528699135425,0.2905950513053897,0.2906329158408526,0.3143109209378746,0.3289528699135425,2024,353,-0.020155025877060122,-0.04249966023798556,0.004779287823661992,0.011896342086324715,0.018973584943013676,-0.05734256902297838,0.017032517268858138,2023,0.28645320967555693,0.3337321577372045,0.27161030089056415,0.3459853871824006,0.2649051570695297,0.352690531003435,0.23470127739537744,0.3828944106775873
621493,663.0,0.3323262793960168,0.3341827457196295,0.3475528699135425,0.3492364023569154,0.3512112579542507,0.3361315464104776,0.3289528699135425,2024,401,0.005229875806087016,-0.019301821925108185,0.03099702347313678,0.012778436389026615,0.018420770764203277,-0.030874171459219776,0.04133392307139381,2023,0.3096510479884343,0.35994989338667926,0.2980786984543227,0.37028679298493633,0.2902422401031518,0.37812325133610725,0.28066002801122647,0.3877054634280326
669224,469.0,0.3099571692356461,0.3206176471791396,0.3104528699135425,0.3337499272957367,0.3163716995791765,0.327102459562589,0.3289528699135425,2024,75,-0.008335222734402903,-0.027008850528323098,0.013462951213035767,0.010454843161821582,0.02378380670291809,-0.05495062728738469,0.03828018181857888,2023,0.3019440193852194,0.34241582112657826,0.2740022426261578,0.3672330517321214,0.2696972997817473,0.3715379945765319,0.25443645202010035,0.38679884233817885
676059,455.0,0.3451541810571359,0.3266649165036129,0.3216528699135425,0.3319277986484195,0.3187182707228407,0.326097220448057,0.3289528699135425,2024,237,-0.0022879534099295214,-0.025039446514577242,0.020593508381070977,0.011779048145165004,0.02059929315114915,-0.042661826093164455,0.03808591927330541,2023,0.30391342339896527,0.3495463782946135,0.28629104382037807,0.3670387891868479,0.28015645979159765,0.37317337321562827,0.26417563307486935,0.38915419993235656
642215,101.0,0.3614999955892563,0.3289788060348969,0.4469528699135425,0.3379209574106375,0.3218175897085705,0.3343830324029684,0.3289528699135425,2024,22,2.5936121354454972e-05,-0.010653714161490935,0.012132530455309841,0.005790021389136246,0.025220093832762937,-0.04940453947758164,0.04945641172029054,2023,0.3182991557520516,0.3410854003688523,0.27954833043596083,0.37840928163383303,0.2782623952878228,0.37969521678197105,0.21632221336593938,0.4416353987038545
608385,540.0,0.3523320843701932,0.3091169159358317,0.2790528699135425,0.3352622362986414,0.3480028266042623,0.3137068004495956,0.3289528699135425,2024,194,-0.0198359539777108,-0.03891523970261082,-0.0009313218617082323,0.00997554382720542,0.021352209662003976,-0.061685515905586755,0.022013607950165156,2023,0.29003763021093165,0.32802154805183426,0.26726735400795576,0.35096647786370766,0.262925411677972,0.35530842019369135,0.24855152303266842,0.36968230883899494
691026,637.0,0.3283227800002581,0.3006209248910136,0.2353528699135424,0.3060712596875486,0.2967205148912127,0.3066362138379626,0.3289528699135425,2024,135,-0.02833194502252891,-0.046407892828868036,-0.00951307185417776,0.009479535333045734,0.02242112070878542,-0.0722765341047735,0.015612644059715682,2023,0.28254497708467446,0.31943979805936473,0.25667633580876903,0.3445655139732582,0.2529100612679812,0.348331788514046,0.2409884875205088,0.3602533622615184
621550,174.0,0.2718023235021635,0.330126968016187,0.3453528699135425,0.3289306442519334,0.3328709813671909,0.3344981319378869,0.3289528699135425,2024,297,0.0011740981026445415,-0.027507780010903236,0.032049676920337375,0.015216558293078846,0.019688364610640892,-0.03741438744870457,0.039762583653993655,2023,0.30144508990263924,0.3610025468338799,0.29153848246483793,0.36871545356753616,0.2813567250441628,0.3788972109882112,0.24388485616228633,0.4163690798700877
689172,272.0,0.277715351474419,0.3021815294155747,0.2347528699135425,0.3012261809384616,0.2952137481560666,0.3069017983455344,0.3289528699135425,2024,130,-0.026771340497967748,-0.04423527601280734,-0.00723630269543348,0.009695191506953645,0.022532667376568873,-0.07093455703166336,0.017391876035727866,2023,0.28471759390073514,0.32171656721810904,0.25801831288187915,0.34634474594927034,0.25410373522451224,0.35025932360663725,0.22631477973645348,0.378048279094696
677951,736.0,0.4103851394607407,0.3375523881043884,0.3515528699135425,0.3441739463193908,0.3310506873162551,0.3415885141596874,0.3289528699135425,2024,686,0.00859951819084593,-0.0175732000068154,0.03396365595956903,0.013258067892296024,0.01597784355519884,-0.02271647972795921,0.03991551610965107,2023,0.3113796699067271,0.3629165258731115,0.3062363901855833,0.36886838602319355,0.2968592757815722,0.3782455004272047,0.2886951921169879,0.38640958409178894
657136,487.0,0.337267075512967,0.3150458103334499,0.3040528699135425,0.3134883830360185,0.3091065235290441,0.3167579054927913,0.3289528699135425,2024,397,-0.013907059580092586,-0.037826169413778976,0.010869623183143218,0.012481497182416933,0.01848878802538609,-0.050144418227644746,0.022330299067459577,2023,0.2911267004997635,0.3398224930966857,0.27880845168589774,0.3512831689810021,0.2713239797184212,0.3587676409484786,0.25640683358882177,0.37368478707807806
573262,474.0,0.3248936134449979,0.3353441960575514,0.3441528699135425,0.3201353248989211,0.329543834642846,0.3341775910848113,0.3289528699135425,2024,373,0.006391326144008963,-0.019593340042470236,0.03375460630197599,0.013470608264270564,0.018772161370741003,-0.030401434054617458,0.04318408634263538,2023,0.3093595298710723,0.36270747621551847,0.298551435858925,0.3721369562561779,0.29005879113725463,0.38062960097784826,0.2758683039522491,0.3948200881628538
592885,315.0,0.3993548327876675,0.3507941334271957,0.3713528699135425,0.3421362830059641,0.3420480008091698,0.3515452009297978,0.3289528699135425,2024,630,0.021841263513653168,-0.002773575502111228,0.047234844903248835,0.012728019005802744,0.016472059745080512,-0.010443380337896657,0.054125907365202994,2023,0.3261792944114313,0.37618771481679136,0.31850948957564584,0.3830787772787455,0.3099943290456508,0.3915939378087406,0.28500501208606854,0.4165832547683228
660766,249.0,0.3386639624472089,0.3097701870980489,0.2482528699135425,0.3242161555095159,0.322356767672609,0.318405419826708,0.3289528699135425,2024,65,-0.019182682815493644,-0.034073343092589525,-0.0019660583889563373,0.008267039047172487,0.02402784928067384,-0.06627640203157101,0.027911036400583726,2023,0.294879526820953,0.32698681152458614,0.2626764678819715,0.35686390631412623,0.25996698639727506,0.3595733877988227,0.22992851368968872,0.38961186050640906
807799,417.0,0.3447743412151473,0.3303420382565876,0.3561528699135425,0.3439697504072732,0.3356140982768624,0.3425274407296778,0.3289528699135425,2024,572,0.0013891683430451484,-0.024251472549935333,0.026365677808933383,0.012790507412729881,0.01686829833115719,-0.03167208886650004,0.03445042555259034,2023,0.3047013973636072,0.3553185477224759,0.2972807810470425,0.3634032954661328,0.28885109739232545,0.37183297912084984,0.270548985536837,0.3901350909763383
696285,521.0,0.3037401519891784,0.3214982024341708,0.3178528699135425,0.3315584242215874,0.3164857077319604,0.3256010466152906,0.3289528699135425,2024,118,-0.007454667479371686,-0.02564408964402948,0.012206800701293548,0.009552489395792375,0.02279024486151334,-0.052122726606786865,0.03721339164804349,2023,0.303308780269513,0.34115967061483604,0.27683014330675565,0.366166261561586,0.27306506471092706,0.3699313401574146,0.2583957595980336,0.384600645270308
682928,635.0,0.3304107382210887,0.3182205531672541,0.3242595315718874,0.326771447035946,0.3103627467784703,0.324630625140269,0.3197595315718874,2025,596,-0.0015389784046332504,-0.027457376006002253,0.023690889155877883,0.013005311464277804,0.016454445073897678,-0.03378909813506521,0.03071114132579871,2024,0.2923021555658852,0.34345042072776527,0.2859704334368222,0.35047067289768613,0.27711328653771256,0.3593278197967958,0.2669892125491547,0.36945189378535365
677800,422.0,0.3304086498056466,0.3254935942981781,0.3339595315718874,0.3456471904877517,0.3233785344112486,0.3312808016538384,0.3197595315718874,2025,444,0.005734062726290748,-0.01826349288880063,0.033031412762145426,0.013301794806497819,0.017765637625210898,-0.029085947181512306,0.0405540726340938,2024,0.3014960386830868,0.35279094433403285,0.2906735843903751,0.36031360420598124,0.28199494889963256,0.36899223969672373,0.2655201584591788,0.3854670301371775
682668,193.0,0.2699468031208566,0.3194221155628849,0.3555595315718874,0.3376885277494802,0.3150102516384573,0.3236431537764547,0.3197595315718874,2025,42,-0.0003374160090025141,-0.018422457188014614,0.020038179359729524,0.009503148898658177,0.024294524660661333,-0.047953809365418903,0.047278977347413875,2024,0.3013370743838728,0.3397977109316169,0.2718057222064685,0.3670385089193013,0.2682924525104372,0.3705517786153326,0.2329302919491248,0.40591393917664503
660670,412.0,0.4049019550575929,0.3251825776830646,0.3361595315718874,0.3836285008871568,0.3703763943849425,0.3259378712803935,0.3197595315718874,2025,221,0.00542304611117724,-0.016805128062361202,0.027243868496443186,0.011469312945468615,0.02054984065821904,-0.034853901466968956,0.04569999368932344,2024,0.3029544035095262,0.3470034000683306,0.28490563010491843,0.36545952526121084,0.27905712112772885,0.3713080342384004,0.2614292583850982,0.3889358969810311
642715,686.0,0.3269061540578467,0.3410102128270393,0.3404595315718874,0.3335657413774403,0.3318431856215111,0.336332823757569,0.3197595315718874,2025,697,0.021250681255151938,-0.003394210668916727,0.04937275670220956,0.013348502335253788,0.0156649801857055,-0.009452115727364412,0.051953478237668285,2024,0.3163653209029707,0.36913228827409694,0.310307415844523,0.3717130098095557,0.3006723579642525,0.3813480676898262,0.29192418909237544,0.3900962365617033
656180,286.0,0.2582456101451004,0.310015565921564,0.2846595315718874,0.3113636522090559,0.3025479137473184,0.3133325411896785,0.3197595315718874,2025,129,-0.009743965650323417,-0.028782980609238618,0.011041848003536373,0.01021642631825645,0.022224350424701136,-0.05330289206253509,0.033814960761888266,2024,0.2909765509626488,0.33080137957542377,0.26645663950935233,0.3535744923337757,0.26207462576265356,0.3579565060804744,0.23642486681009084,0.38360626503303713
666176,573.0,0.3410839121658485,0.3131346312105316,0.3011595315718874,0.311183715650507,0.3024626870682918,0.3133961991597646,0.3197595315718874,2025,447,-0.006624900361355816,-0.03304761835942332,0.019266541559249076,0.013443642236977449,0.01768603281500677,-0.041288887708162636,0.028039086985451003,2024,0.2867119132124641,0.3390260731311365,0.2784706438637248,0.3477986185573384,0.2695931027878394,0.3566761596332238,0.25875055735187863,0.36751870506918455
645277,667.0,0.3087969874977169,0.3080330928321428,0.2985595315718874,0.334777527435581,0.3219690938864002,0.3148394501371067,0.3197595315718874,2025,442,-0.011726438739744603,-0.03463795396464883,0.013264274013991141,0.012589383371699637,0.017713501572592133,-0.04644426386211879,0.022991386382629583,2024,0.28512157760723855,0.3330238055858786,0.2733152677097686,0.342750917954517,0.2654400173807989,0.3506261682834867,0.2559381258086717,0.3601280598556139
677942,266.0,0.3225190794194927,0.3058161169096524,0.2973595315718874,0.3189466747918388,0.3045146324228707,0.3155070098708643,0.3197595315718874,2025,184,-0.013943414662234971,-0.03450560681831198,0.009374026330932362,0.011148260686016728,0.021180376605915516,-0.05545618998882409,0.02756936066435415,2024,0.2852539247535754,0.3291335579028198,0.26430334158306334,0.3473288922362416,0.25890405776005865,0.3527281760592462,0.23161336373900027,0.3800188700803046
669397,416.0,0.2536854984133483,0.2980554071557631,0.2233595315718874,0.2739994101255033,0.2739210688164513,0.301739312119684,0.3197595315718874,2025,102,-0.021704124416124276,-0.03761726287477271,-0.003723575376065173,0.008545379139449676,0.022802877786049863,-0.06639694362065045,0.0229886947884019,2024,0.2821422686971147,0.31603595619582225,0.25336258795123695,0.3427482263602893,0.25032737687528706,0.3457834374362392,0.2316007752648937,0.36451003904663254
624413,709.0,0.3717638648421123,0.3390235042400127,0.3457595315718874,0.3518022375882525,0.3540284937570254,0.3395679298734017,0.3197595315718874,2025,746,0.01926397266812529,-0.004009118769265359,0.04592357137462896,0.012810664904523266,0.015314271850611013,-0.01075144860852786,0.04927939394477844,2024,0.31575041280262206,0.3656831029465164,0.3090080829633596,0.36903892551666584,0.2998909172364745,0.37815609124355093,0.2908558885393389,0.3871911199406865
514888,654.0,0.342040180422976,0.3382414581170936,0.3457595315718874,0.3606073905846922,0.3646340198237132,0.3394726071122241,0.3197595315718874,2025,687,0.018481926545206206,-0.004791293015575701,0.04333208140912996,0.01229499241932962,0.015749881595949304,-0.012387274143624658,0.04935112723403707,2024,0.31496823855631173,0.3630916129810174,0.30737225742826274,0.3691106588059245,0.29908014127673965,0.37740277495744756,0.28832700740228606,0.38815590883190115
682626,277.0,0.3566786954549245,0.3171011210736316,0.3142595315718874,0.3290176891899499,0.3152741733312032,0.3199785689077545,0.3197595315718874,2025,386,-0.002658410498255746,-0.02710909827957237,0.023053429685543046,0.012889554094717363,0.01831588651019947,-0.038556888403169724,0.033240067406658226,2024,0.29265043329231505,0.34281296125743044,0.2812026431687177,0.35299959897854566,0.2732043899023607,0.3609978522449026,0.24694970096189,0.3872525411853733
805373,208.0,0.2810679567091673,0.299528541229529,0.1193595315718874,0.3093042616763378,0.2950135026162387,0.3070369068713317,0.3197595315718874,2025,32,-0.020230990342358444,-0.02748152928255701,-0.011151098300744023,0.004082132205589697,0.024572356626881783,-0.06839192434632087,0.02792994366160398,2024,0.29227800228933043,0.3086084332711434,0.25136760722556656,0.34768947523349136,0.25070755313551546,0.3483495293235425,0.21492939474010503,0.38412768771895295
670541,199.0,0.3448453554787586,0.3690544004570389,0.4005595315718874,0.4089050796871989,0.4058425741319416,0.3703887720962835,0.3197595315718874,2025,625,0.049294868885151485,0.02180694862451165,0.07769886247990285,0.01418675573882806,0.016318008822497305,0.01731215929364991,0.08127757847665307,2024,0.34156648019639907,0.3974583940517903,0.33707169086553734,0.4010371100485405,0.3266746738370111,0.4114341270770667,0.29108506704625453,0.4470237338678233
691182,128.0,0.2415322546036012,0.3006080371527094,0.1713595315718874,0.3143772954909369,0.2961075722494342,0.3097244337176095,0.3197595315718874,2025,35,-0.019151494419177954,-0.02830691304540753,-0.008226632025611086,0.005075492328911026,0.024489580087259398,-0.06715018938671566,0.028847200548359743,2024,0.29145261852647986,0.31153289954627633,0.2526093421851717,0.3486067321202472,0.25158933573520803,0.34962673857021087,0.19978702121198488,0.401429053093434
665804,103.0,0.3626262581709659,0.3140653423880339,0.2913595315718874,0.312102411530147,0.3067688258939481,0.3091235151277179,0.3197595315718874,2025,356,-0.005694189183853514,-0.029176306232763134,0.01723904036695855,0.012020197142986112,0.01868921921965181,-0.04232438575354484,0.03093600738583781,2024,0.2905832253391243,0.33699857193884597,0.27743514581834255,0.3506955389577252,0.2705130173780701,0.3576176673979977,0.208657637916695,0.4194730468593728
609280,346.0,0.3584548047263142,0.3176526276520382,0.3131595315718874,0.3164637418902838,0.3127932080180554,0.3200153281504349,0.3197595315718874,2025,319,-0.00210690391984917,-0.024631129742650675,0.021885393964568338,0.012004123062951899,0.019148844693263372,-0.03963794986419632,0.03542414202449798,2024,0.2951284018292367,0.34164492553645576,0.2801215817076911,0.35518367359638536,0.2733566947575029,0.36194856054657354,0.25195106028064496,0.3833541950234315
666018,422.0,0.392548070790676,0.3208943171280751,0.3183595315718874,0.3212075703184779,0.3111524865612804,0.3226674344003069,0.3197595315718874,2025,142,0.0011347855561877496,-0.021520846626483493,0.02529067766363378,0.011772126636897254,0.02196900550742022,-0.04192367401451798,0.044193245126893474,2024,0.2982386849454039,0.3450502092355212,0.27783585755736945,0.3639527766987809,0.27204360888313905,0.36974502537301124,0.25579123842240126,0.38599739583374904
606115,214.0,0.2459905619891184,0.2957336314879785,0.2757595315718874,0.3055001633514213,0.3068301730843434,0.2974627861389208,0.3197595315718874,2025,604,-0.024025900083908928,-0.04713404012661579,0.00037328981656110493,0.01219987576171046,0.016314756092837418,-0.05600223444242568,0.007950434274607825,2024,0.2726254914452716,0.3201328213884485,0.2637572971294617,0.32770996584649525,0.2558057334104939,0.3356615295654631,0.2200739062812211,0.3713933566947359
571448,436.0,0.3009323964030037,0.3216543526811908,0.3157595315718874,0.3348964105615863,0.3391733473956572,0.32166898817107,0.3197595315718874,2025,631,0.0018948211093033976,-0.022148580382177246,0.027673181330405045,0.012191228833418201,0.01614426630879536,-0.02974735941275891,0.03353700163136571,2024,0.29761095118971015,0.34743271290229244,0.2900121721591285,0.3532965332032531,0.2820037728725229,0.36130493248985873,0.2641300548003715,0.3791786505620101
672356,481.0,0.2825678458791187,0.3044184554473384,0.2765595315718874,0.3062629787221396,0.2991605788674795,0.3097246948863177,0.3197595315718874,2025,161,-0.015341076124548976,-0.03575395377656265,0.006690375773004572,0.010738398041628051,0.021581309010909242,-0.05763966452516083,0.026957512276062877,2024,0.28400557779532476,0.326449907344892,0.2621198670467266,0.34671704384795027,0.2571729110949067,0.35166399979977014,0.24212014263191223,0.3667167682627646
668227,765.0,0.3345800479409576,0.3307992141180658,0.3239595315718874,0.3406385076677021,0.3430250651545218,0.3263868629315667,0.3197595315718874,2025,647,0.011039682546178407,-0.012341273728007475,0.0339894990612304,0.012055401579093968,0.01588928958362393,-0.02010275277765193,0.042182117870008744,2024,0.30741825784387994,0.3537490306331178,0.29965677879423547,0.36194164944189616,0.29170777147347454,0.36989065676265714,0.28299590589040025,0.37860252234573144
650333,687.0,0.3137313376611738,0.3183204163801059,0.3204595315718874,0.3458669476333139,0.3394454490656737,0.3222995770652364,0.3197595315718874,2025,698,-0.001439115191781486,-0.023332770946148836,0.020866931976432485,0.01109497858129369,0.01564309102192395,-0.0320990102016343,0.029220779818071328,2024,0.2964267606257386,0.3406264635483199,0.2876605213702531,0.3489803113899587,0.2807317588934477,0.3559090738667642,0.2692829806758828,0.3673578520843291
664056,505.0,0.3516898556921639,0.2998447548264842,0.2807595315718874,0.2975759300654413,0.3015750219641869,0.3033801799156287,0.3197595315718874,2025,444,-0.019914776745403234,-0.04400584794773235,0.005319122002063368,0.012405821469693476,0.01771194425108296,-0.054629549573707095,0.014799996082900627,2024,0.2757536836241551,0.32507865357395077,0.26512998199818033,0.334559527654788,0.25746158727389096,0.34222792237907745,0.24329736598664836,0.35639214366632005
595879,470.0,0.3056382932561509,0.2842854940883601,0.2270595315718874,0.2810525099651622,0.2872635303397413,0.2843712108855197,0.3197595315718874,2025,286,-0.03547403748352729,-0.056421615565477146,-0.013330577839313278,0.011201242244424701,0.019579848623593424,-0.07384983560851655,0.00290176064146197,2024,0.26333791600641027,0.3064289537325741,0.24590969596337087,0.3226612922133494,0.24007371539064418,0.3284972727860761,0.22417251164952845,0.3443984765271918
672275,452.0,0.2744966400016341,0.2989108703704879,0.2760595315718874,0.3031085104502463,0.2926757288271917,0.3046326299174378,0.3197595315718874,2025,445,-0.020848661201399506,-0.044311330768571786,0.003147651986515558,0.012070402331110284,0.01771210113162476,-0.05556374150991517,0.013866419107116161,2024,0.2754482008033156,0.322907183558403,0.26419579006197225,0.3336259506790036,0.25690114941340175,0.3409205913275741,0.24033390038228436,0.35748784035869147
681460,328.0,0.3115740698060871,0.2987869642970486,0.2451595315718874,0.3065780863699562,0.2956729477618561,0.3067427706827879,0.3197595315718874,2025,120,-0.020972567274838767,-0.03885447115011484,-0.0006975242774258658,0.009806171559887096,0.022409024422245096,-0.06489344807111765,0.02294831352144011,2024,0.28090506042177255,0.31906200729446155,0.2548660835007698,0.3427078450933275,0.2508448920210141,0.3467290365730832,0.22809925619345586,0.36947467240064147
680718,570.0,0.3424028227691515,0.3013234809488669,0.2709595315718874,0.3065325062121868,0.2967028645997995,0.3064913571247101,0.3197595315718874,2025,223,-0.018436050623020485,-0.04091946233528858,0.0057513477714180895,0.01187986021708345,0.020573413583457094,-0.05875920028564352,0.02188709903960255,2024,0.2788400692365988,0.3255108793433055,0.2610003312862439,0.34164663061149,0.25476055979739726,0.34788640210033656,0.24308917695758442,0.3595577849401494
663698,332.0,0.3249999943626932,0.3324036170076679,0.3466595315718874,0.3210440368154841,0.3121977734026168,0.3327166305040027,0.3197595315718874,2025,280,0.012644085435780533,-0.013006976752212136,0.039621208501659455,0.013270180214268682,0.019667663056247064,-0.02590382581453268,0.05119199668609374,2024,0.3067525548196753,0.35938074007354687,0.29385570575735476,0.37095152825798117,0.28590185941598484,0.3789053745993511,0.2651972971580332,0.3996099368573027
683146,432.0,0.3374709928118712,0.3110012326487465,0.2851595315718874,0.3038993786975332,0.2971080767479598,0.3116300510266377,0.3197595315718874,2025,169,-0.008758298923140898,-0.029130147919498497,0.014387621133262477,0.010883758473664885,0.021476637322660773,-0.05085173458458475,0.03333513673830295,2024,0.29062938365238894,0.3341471527051499,0.26890779698730266,0.3530946683101904,0.26381117083030803,0.358191294467185,0.2469618442803843,0.3750406210171087
641343,232.0,0.3408695604490197,0.3060091539644232,0.2890595315718874,0.3071708302084171,0.3024108984611934,0.3103992779064461,0.3197595315718874,2025,351,-0.013750377607464247,-0.03805562972715998,0.013069036054910534,0.013088027828520267,0.018831064675138395,-0.05065858616127995,0.02315783094635146,2024,0.28170390184472743,0.33282856762679797,0.2691009454106075,0.3429173625182389,0.26106202720796806,0.3509562807208783,0.23051530847682927,0.3815029994520171
687597,588.0,0.3306313946385432,0.291999121810888,0.2470595315718874,0.2989266023616032,0.2858296875883852,0.3002275196098771,0.3197595315718874,2025,183,-0.02776040976099938,-0.04780129666491294,-0.006222550526111132,0.010556912365489612,0.02118074824010764,-0.06927391347722049,0.013753093955221729,2024,0.27195823490697446,0.31353698104577626,0.2504856180946669,0.33351262552710914,0.2456149065538986,0.3383833370678775,0.23339357908454852,0.3506046645372276
605137,533.0,0.3329545407358444,0.314749714542221,0.3197595315718874,0.3347361105063582,0.3272828494835477,0.327803429791872,0.3197595315718874,2025,599,-0.005009817029666429,-0.030341473038649945,0.018866720848546445,0.012651803757779244,0.01625451352764151,-0.03686807813006289,0.026848444070730032,2024,0.2894180585332375,0.33862625242043387,0.28289145344182454,0.34660797564261747,0.274378388551822,0.35512104053262,0.2608723603294595,0.3686270687549825
641355,687.0,0.3491215181385615,0.331715053174909,0.3304595315718874,0.3387102416005361,0.3343190452922318,0.3282497912273971,0.3197595315718874,2025,562,0.01195552160302166,-0.01311641373024839,0.0370899919883602,0.012851110423628275,0.016749345065591097,-0.020872591490170556,0.04478363469621388,2024,0.306643117841639,0.35684952356024763,0.29888694008171685,0.3645431662681013,0.29033745144118306,0.3730926549086351,0.2812935701771824,0.38213653617263577
643217,470.0,0.3300429140037733,0.3062114478646427,0.2985595315718874,0.3169268597887169,0.3185089974492451,0.3108003506826982,0.3197595315718874,2025,520,-0.013548083707244718,-0.03771204486276879,0.012590178113536181,0.012846311530894727,0.01712665283924778,-0.04711570644789103,0.020019539033401597,2024,0.2820474867091186,0.3323497096854236,0.2726438251239964,0.339779070605289,0.264250364860093,0.3481725308691924,0.24904804985140602,0.3633748458778794
666181,255.0,0.311417319173888,0.2925474413427052,0.2786595315718874,0.3242684515201813,0.310735453572527,0.3038510603541514,0.3197595315718874,2025,387,-0.027212090229182154,-0.0505104126572295,-0.00028148911330671145,0.012621540628004108,0.018394910022644914,-0.06326545137242105,0.008841270914056745,2024,0.2692491189146579,0.3194780424585807,0.25649408019946635,0.32860080248594414,0.24882328474817203,0.3362715979372385,0.22011982334683616,0.3649750593385744
542932,107.0,0.2313131262557675,0.3140705095361316,0.3070595315718874,0.3204278797567156,0.3188796162459744,0.3184767785637554,0.3197595315718874,2025,85,-0.005689022035755843,-0.02230223122881227,0.010478805114502679,0.008593177566479916,0.023199714815703928,-0.05115962752613584,0.03978158345462415,2024,0.29745730034307516,0.3302383366863901,0.26859990404575157,0.35954111502651154,0.2655809265562006,0.3625600925160626,0.2069659247492489,0.42117509432301425
605141,744.0,0.3234142999739138,0.3489519222380124,0.3731595315718874,0.380161990551138,0.3761686519463014,0.3528646922532172,0.3197595315718874,2025,585,0.02919239066612506,0.003677914621616993,0.05523940503934471,0.013379540421675145,0.016497501997132156,-0.0031421190831315803,0.0615269004153817,2024,0.3234374461935044,0.3749989366112321,0.31661741248875586,0.3812864319872691,0.3073203460180177,0.3905834984580072,0.29998304370604223,0.3979208007699827
666182,655.0,0.3758832509250318,0.2969680204282485,0.2646595315718874,0.336603376227366,0.3364580781421621,0.2981395791724961,0.3197595315718874,2025,331,-0.022791511143638865,-0.04544232253203785,-0.000258039891067088,0.01146953570946383,0.018975817253525942,-0.05998342953776348,0.014400407250485747,2024,0.2743172090398496,0.3195014916808203,0.25977610203412393,0.33415993882237316,0.2535101827033742,0.3404258581531229,0.24293622692284517,0.3509998139336519
668709,344.0,0.3057017507608871,0.3335714451016994,0.3322595315718874,0.3243811606799379,0.3150949440799501,0.331649944765531,0.3197595315718874,2025,639,0.013811913529812044,-0.010647785430543106,0.039515830015053835,0.013185056051138708,0.016206006930900806,-0.017951276387960034,0.04557510344758412,2024,0.3091117461413443,0.35927536158694123,0.3018082551839274,0.36533463501947155,0.29262365708748683,0.37451923311591206,0.27085044037866346,0.39629244982473544
593428,564.0,0.3225314132401074,0.3103166694236421,0.3059595315718874,0.3340747097199703,0.3357145366713021,0.3143782884649688,0.3197595315718874,2025,487,-0.009442862148245227,-0.032814576938596754,0.013705803981117603,0.012120125280479082,0.01731501603785982,-0.043379669974183896,0.024493945677693446,2024,0.28694495463329067,0.333465335553005,0.2763798615977035,0.3442534772495809,0.2688919499942587,0.35174138885302564,0.256133976257689,0.3644993625895953
664761,522.0,0.3424710365566047,0.3325049162541662,0.3342595315718874,0.3319014477269624,0.3265601221848037,0.3317322192779797,0.3197595315718874,2025,616,0.012745384682278812,-0.011359184742629022,0.037883919150972556,0.012493416345667167,0.01622690116251758,-0.019058757176946783,0.0445495265415044,2024,0.3084003468292584,0.35764345072285997,0.30070077439494064,0.3643090581133918,0.2923664150898714,0.3726434174184611,0.2782913977001841,0.3867184348081484
608324,508.0,0.3634653414830123,0.3290338920512873,0.3304595315718874,0.347591965605902,0.3470276787506279,0.3304649485252316,0.3197595315718874,2025,640,0.009274360479399899,-0.016250235105180522,0.0351350878785527,0.013105949398397853,0.016034729937918626,-0.022153132700746786,0.04070185365954658,2024,0.3035092964667069,0.3548946194504401,0.2976063988711406,0.360461385231434,0.28844425056181605,0.36962353354075855,0.2745507535934687,0.3835170305091059
681146,125.0,0.2346774142596029,0.3323371752204301,0.3532595315718874,0.3187494533651423,0.3071242250977564,0.3359480863587338,0.3197595315718874,2025,271,0.01257764364854274,-0.012503125115908986,0.037966674122221614,0.013053546528981134,0.01977356325582277,-0.026177828178894462,0.05133311547597994,2024,0.3072564064559784,0.357726205694109,0.29358170339299294,0.3710926470478674,0.285898481569,0.3787758688718603,0.23460461568072516,0.43006973476013516
669394,376.0,0.3067819108354284,0.3224105652219251,0.3240595315718874,0.3373108579517854,0.333321422155774,0.3259807917196117,0.3197595315718874,2025,576,0.0026510336500377065,-0.02324050814636468,0.029740384117610364,0.01379238610872604,0.0165254246513611,-0.029738203495860427,0.03504027079593584,2024,0.2965190234255227,0.3494999156894978,0.290021328076027,0.35479980236782327,0.28022261592136755,0.3645985145224827,0.26137656934384973,0.3834445611000005
676475,546.0,0.3561922312884586,0.3220070454524412,0.3230595315718874,0.3265496439253808,0.3160750283581744,0.3249554463977275,0.3197595315718874,2025,592,0.0022475138805537614,-0.022543611863847738,0.027452129582891383,0.012732757657304574,0.016527561351637576,-0.030145911120932026,0.03464093888203955,2024,0.2972159197080397,0.3472116611547788,0.2896136204509554,0.354400470453927,0.2811154416282473,0.36289864927663507,0.26822780807507884,0.37578628282980353
683737,623.0,0.3843954205513,0.3353142243795824,0.3357595315718874,0.3322109709060772,0.3215533223832592,0.3328202147026375,0.3197595315718874,2025,565,0.015554692807695,-0.007985763813087621,0.041325575872834905,0.012979269052499494,0.016713011575450843,-0.01720220795338968,0.048311593568779676,2024,0.3117737677587998,0.36108510744472233,0.30255732361849774,0.3680711251406671,0.29383950708082995,0.3767889416783349,0.2834671782510149,0.3871612705081499
671732,630.0,0.3178343906713898,0.3341366089735842,0.3406595315718874,0.3367642684609851,0.3233488159107908,0.3332800539422237,0.3197595315718874,2025,449,0.014377077401696872,-0.012747581061457694,0.04216170366582453,0.013920676453263343,0.01779575017406191,-0.020501952017336872,0.049256106820730616,2024,0.30701195051042973,0.3619212352377119,0.29925757955455057,0.36901563839261803,0.2898538280590917,0.37841938988807683,0.2810922618273603,0.38718095611980824
621439,542.0,0.3775186528688046,0.3386983641039896,0.3634595315718874,0.3424047299859998,0.3346024529447295,0.343093010372773,0.3197595315718874,2025,387,0.018938832532102195,-0.007461781374176917,0.04805917080069315,0.014318547444694928,0.018329252614148982,-0.016985842455166444,0.05486350751937083,2024,0.3122977501977105,0.3678187023725806,0.302773689116721,0.37462303909125827,0.29311151032920313,0.3842852178787761,0.28259974382911107,0.3947969843788682
676609,375.0,0.3239892131556076,0.3076880683693452,0.2881595315718874,0.3046777698961748,0.3064178329608526,0.3059488506031082,0.3197595315718874,2025,477,-0.012071463202542227,-0.03466298790818055,0.01149497740399601,0.012089746014415492,0.017402339813756496,-0.04617942248423243,0.02203649607914798,2024,0.28509654366370685,0.33125450897588343,0.27358010908765495,0.3417960276510354,0.2661570193598044,0.349219117378886,0.24566730502700687,0.36970883171168356
665828,122.0,0.3247933821244673,0.3079047182664268,0.2961595315718874,0.3024428683644511,0.2922529632439571,0.3135057295574883,0.3197595315718874,2025,331,-0.011854813305460551,-0.035220012688946395,0.012177928877246984,0.012325854808399355,0.01895199723220406,-0.0490000453156833,0.025290418704762195,2024,0.28453951888294104,0.3319374604491344,0.2707594862562041,0.3450499502766496,0.26359457935384584,0.35221485717900786,0.20978551790298727,0.4060239186298664
669743,337.0,0.3536697188648608,0.3396708129866974,0.4221595315718874,0.3270550617197699,0.3186276504288973,0.341992519481797,0.3197595315718874,2025,113,0.019911281414810012,-0.0022166826356508807,0.04326331594659488,0.01109763300251165,0.02257323818174417,-0.02433145243585298,0.064154015265473,2024,0.3175428489362365,0.3630228475184823,0.2954280791360344,0.3839135468373604,0.29037047015886575,0.3889711558145291,0.26936291245256255,0.4099787135208323
691406,653.0,0.3723502260748692,0.3203239824722967,0.3120595315718874,0.3291320370803572,0.3126259401805896,0.3191297841892474,0.3197595315718874,2025,174,0.0005644509004093263,-0.022124717529177107,0.025713047758538794,0.01236075501002794,0.021346733342270257,-0.041274377638020714,0.04240327943883936,2024,0.2976348140427103,0.3454725793304262,0.2784851539338667,0.3621628110107268,0.27197713769918924,0.3686708272454043,0.26295335819355525,0.3776946067510383
672744,234.0,0.2863247817398136,0.3175369096709038,0.3513595315718874,0.336559041371137,0.3151482677514549,0.32163554195058,0.3197595315718874,2025,28,-0.0022226219009836273,-0.013746576515737595,0.011018650703191642,0.006312765668860107,0.02468820724142352,-0.05061061893703469,0.04616537513506743,2024,0.30601295505614984,0.33077818227507905,0.26914891263485274,0.3659249067069548,0.267592097402392,0.36748172193941564,0.2360419169854034,0.39903190235640423
592192,125.0,0.2459999952316284,0.3237927825611014,0.3185595315718874,0.3270753400680399,0.33442974480834,0.321863610504415,0.3197595315718874,2025,460,0.00403325098921398,-0.018420436891568227,0.02801274942010196,0.011575187398302336,0.01751948701811866,-0.030304312593915615,0.03837081457234358,2024,0.30133909468031916,0.34777228099198937,0.2894552189779718,0.358130346144231,0.28263739419023337,0.3649481709319694,0.22772647800825535,0.4198590871139474
686527,298.0,0.3436026882242273,0.3097145059077956,0.2846595315718874,0.3100090218235926,0.3052040786573048,0.3124319333146355,0.3197595315718874,2025,186,-0.01004502566409185,-0.03356643529656174,0.01414543702437929,0.012074787085564923,0.021155528686256697,-0.05150909996305894,0.03141904863487524,2024,0.2861930962753257,0.3339049685962667,0.26825043160882844,0.3511785802067626,0.2619719042864623,0.3574571075291289,0.2383295813100528,0.3810994305055384
605170,386.0,0.3251948000548721,0.3195325419767992,0.3172595315718874,0.3179945226852654,0.3087386702723449,0.3257199712525631,0.3197595315718874,2025,280,-0.00022698959508821778,-0.024491424013323364,0.02458005537735816,0.012380263488458589,0.019667650239497934,-0.038774875725034734,0.0383208965348583,2024,0.29526810755856403,0.34433958694924555,0.28098465584685267,0.35808042810674573,0.2739834095129335,0.3650816744406649,0.25555835309590963,0.38350673085768877
666185,241.0,0.2894190829324524,0.2930436739778417,0.2484595315718874,0.3047371031650692,0.2956377045526521,0.2986598432612726,0.3197595315718874,2025,265,-0.026715857594045718,-0.046026171947579395,-0.004781281190236944,0.010555705195797517,0.019818469500579184,-0.06555934404388643,0.012127628855794992,2024,0.273733359624308,0.31497825038165045,0.254200187528001,0.3318871604276824,0.2490340958339592,0.3370532521217242,0.2176516669986528,0.3684356809570306
681481,503.0,0.3486921489838383,0.349143344722587,0.3786595315718874,0.3600354099677723,0.3492025419127105,0.3481165577487842,0.3197595315718874,2025,311,0.029383813150699583,0.0008819433216078728,0.05756962931020215,0.014523350240429597,0.01929448543956691,-0.008432683411084035,0.0672003097124832,2024,0.32064147489349526,0.37732916088208956,0.31132684816080336,0.3869598412843706,0.30181092988480285,0.3964757595603712,0.2905728608879407,0.4077138285572333
682998,642.0,0.3786163489398716,0.3240955755390969,0.3302595315718874,0.3600795782448793,0.349293326460367,0.3290721169650709,0.3197595315718874,2025,679,0.004336043967209539,-0.019562415631838838,0.02933071721626194,0.012427712111753484,0.01586536043947615,-0.026759491095910276,0.035431579030329355,2024,0.30019711594004855,0.34909024878814937,0.29300004047597716,0.35519111060221675,0.2845957269110466,0.3635954241671473,0.2737543897434368,0.3744367613347571
694497,220.0,0.3312785339682069,0.3084167930703532,0.2836595315718874,0.3486797550818075,0.330639760140082,0.3119146873707639,0.3197595315718874,2025,162,-0.011342738501534192,-0.03303743649890692,0.01247606485478088,0.011453424755346121,0.02159270286665221,-0.05366365844904731,0.03097818144597892,2024,0.2867220950729805,0.3322355964266683,0.2660958731228401,0.3507377130178663,0.26051077633970615,0.35632280980100034,0.22863750710968556,0.38819607903102094
671213,112.0,0.264999995990233,0.3269791131807916,0.3438595315718874,0.3617552919989116,0.3413023868110367,0.329040915444336,0.3197595315718874,2025,238,0.007219581608904244,-0.019253716005987045,0.03269808023628644,0.013287321237225405,0.02028795113912061,-0.032544071943880516,0.046983235161689,2024,0.3005058155659004,0.35245761180817387,0.2872154596280069,0.3667427667335764,0.2794462944064188,0.37451193195516447,0.22419219259753143,0.42976603376405187
592206,604.0,0.3073920221423786,0.3304063773109403,0.3285595315718874,0.3269264305349378,0.3253575789855996,0.3281911169803816,0.3197595315718874,2025,672,0.010646845739052963,-0.013847469257702593,0.03526672827196525,0.01264518483221352,0.015839054663906508,-0.020397130951364962,0.04169082242947089,2024,0.30591206231418483,0.35502625984385267,0.29936240062052244,0.3614503540013583,0.2906825753647847,0.370130179257096,0.27912639767844394,0.3816863569434368
650489,454.0,0.3051991106662075,0.319851836911966,0.3222595315718874,0.3262898974141669,0.3099042281506429,0.3289846566829322,0.3197595315718874,2025,632,9.230534007859288e-05,-0.022412823890858802,0.024122841989734006,0.011850528074396462,0.016085722553586,-0.03143513153025364,0.03161974221041082,2024,0.2973467076810286,0.34388237356162143,0.2883244000416338,0.3513792737822982,0.2806924880258406,0.3590111857980914,0.2631923525211616,0.37651132130277043
656305,535.0,0.345599246493886,0.3388659637195705,0.3432595315718874,0.3358697576193675,0.3361719022931815,0.3375489878477747,0.3197595315718874,2025,639,0.01910643214768309,-0.005784769329949919,0.046400759084658,0.013520821714961872,0.016064784447006927,-0.012379966787849691,0.05059283108321587,2024,0.3139747622419375,0.36616029065654543,0.3073795647840377,0.3703523626551033,0.2977118573755373,0.3800200700636037,0.2852734591907721,0.3924584682483689
665862,556.0,0.3558664214309802,0.3201160142453223,0.3265595315718874,0.335513854238526,0.3267071066225895,0.3257590505127965,0.3197595315718874,2025,673,0.0003564826734349198,-0.02499863859844981,0.025522153604397604,0.013201327088277611,0.015808920383714925,-0.030628431913107462,0.031341397259977304,2024,0.2947608929734376,0.345281685176285,0.2891310996587799,0.3511009288318647,0.27974851110691024,0.3604835173837344,0.26748719956518274,0.3727448289254619
694192,624.0,0.3424437255913038,0.3418367824224637,0.3464595315718874,0.358881609702994,0.3362565218970481,0.3383162613668669,0.3197595315718874,2025,579,0.022077250850576283,-0.005239729194578879,0.04798516256631824,0.013589172307460116,0.01654890118651202,-0.01035799945869944,0.054512501159852005,2024,0.31451980237730853,0.36774469413820565,0.309401532113188,0.3742720327317394,0.2998673795675617,0.38380618527736565,0.2902174178051643,0.39345614703976306
682729,112.0,0.2713636317036368,0.3110821722178962,0.2785595315718874,0.3263189912200336,0.3057520677514871,0.3170383504608537,0.3197595315718874,2025,65,-0.008677359353991219,-0.023634618546327004,0.008188918995414674,0.008144431598546603,0.023683572159901925,-0.05509630781265449,0.03774158910467205,2024,0.29612491302556043,0.3279484505673021,0.2646632237592329,0.3575011206765595,0.26199521342185217,0.3601691310139402,0.20554202973584537,0.41662231469994704
665019,386.0,0.3102094208070745,0.3094147651923314,0.2973595315718874,0.2963473581040682,0.287368927818129,0.3166813719954873,0.3197595315718874,2025,125,-0.010344766379555934,-0.032983869684686834,0.014340321747943315,0.011834472652891222,0.022314139386712915,-0.054079675923519935,0.03339014316440807,2024,0.2867756618872006,0.3340998533198307,0.2656798556483675,0.3531496747362955,0.2599096458551491,0.35891988452951384,0.24218754131168083,0.3766419890729821
676391,665.0,0.3316793840350086,0.3185921640542013,0.3133595315718874,0.311691619888157,0.3037738666163903,0.3198688444796309,0.3197595315718874,2025,448,-0.0011673675176861057,-0.0254406568779477,0.025036967715008292,0.012796735216510632,0.01768603704871637,-0.035831363162411256,0.033496628127039046,2024,0.2943188746939397,0.3447964992868957,0.28392816840947616,0.35325615969892643,0.27580599590392973,0.3613783322044729,0.26648949791154536,0.3706948301968573
686555,451.0,0.3516778471219193,0.3077470978992626,0.1553595315718874,0.3106209732740995,0.3023499111159952,0.3136285482640165,0.3197595315718874,2025,19,-0.012012433672624754,-0.017941890991912922,-0.00469385444883144,0.0033866647031620544,0.02494974161231294,-0.06091302865633842,0.03688816131108891,2024,0.3018176405799745,0.315065677123056,0.258846502915549,0.3566476928829763,0.2583980574496382,0.3570961383488871,0.23975938741653469,0.3757348083819906
624424,486.0,0.2898322809917122,0.325215449544453,0.3266595315718874,0.3253864149202065,0.3252129266828416,0.3272325783520163,0.3197595315718874,2025,485,0.005455917972565555,-0.02108974851613403,0.03334948042416014,0.013610182170880742,0.01736443864909986,-0.02857775639142552,0.03948959233655663,2024,0.29866978305575337,0.35310901199604755,0.2911817751804619,0.35924912390844405,0.28197343844562595,0.36845746064328,0.2683939880171332,0.38203691107177273
661388,696.0,0.3456584605052744,0.3528628077955446,0.3614595315718874,0.3655233910469863,0.3579263619714751,0.3482405920479867,0.3197595315718874,2025,685,0.03310327622365723,0.008337481987902528,0.05691912275172252,0.012466120047354342,0.015746220036548964,0.0022412520593782896,0.06396530038793617,2024,0.32809701355978993,0.3766786543236099,0.3220007836312657,0.3837248319598236,0.3134998407503676,0.3922257748407217,0.30389173315481965,0.4018338824362696
575929,563.0,0.3528622493334448,0.3422181410512562,0.3670595315718874,0.357458306306371,0.3556535950393543,0.3433014528787353,0.3197595315718874,2025,356,0.022458609479368768,-0.0036436985951902898,0.04978544556934848,0.013598905706418158,0.01869744032415282,-0.01418770015905767,0.05910491911779521,2024,0.3161158329766971,0.3695449771412359,0.30557183141282973,0.3788644506896826,0.2969041928896409,0.38753208921287147,0.2862701458761372,0.3981661362263752
621043,584.0,0.3314113543078739,0.3545568940827677,0.3974595315718874,0.3526487009258858,0.3452210797006477,0.3571651264655719,0.3197595315718874,2025,363,0.03479736251088031,0.010240922566246365,0.06230377589100079,0.013362705885602583,0.018603786683309313,-0.0016653893644718101,0.07126011438623242,2024,0.3300004541381338,0.3820633074628882,0.3180941422074156,0.39101964595811983,0.3096629023567274,0.399450885808808,0.2993075344988831,0.4098062536666523
681297,360.0,0.2863128458321427,0.3235529835512428,0.3248595315718874,0.3285858960861359,0.3169117577800985,0.3252958259882882,0.3197595315718874,2025,566,0.0037934519793553605,-0.02322271822176233,0.031609418793432834,0.013808762050823247,0.01668509399373329,-0.028908731327027464,0.03649563528573818,2024,0.2965368133501251,0.35136895036532023,0.29085080024485993,0.3562551668576256,0.28110384344541167,0.3660021236570739,0.2613882353640585,0.3857177317384271
641487,701.0,0.326052243979472,0.3088518665691107,0.2897595315718874,0.3270915463696646,0.3380788821059383,0.3070817440201992,0.3197595315718874,2025,449,-0.0109076650027767,-0.03310957914085279,0.01386805254176797,0.011684256142983651,0.017747919247948437,-0.04569294752928084,0.02387761752372744,2024,0.28664995243103464,0.3336275841136554,0.2740665840426066,0.3436371490956148,0.26720503099739545,0.350498702140826,0.25741835815972164,0.36028537497849983
686611,322.0,0.2890282090181094,0.3141540952203642,0.2921595315718874,0.3235087081419319,0.3078584278755908,0.3153645537975362,0.3197595315718874,2025,131,-0.00560543635152316,-0.02564109448678606,0.01590154334959696,0.010631688777030893,0.022203790523959013,-0.049124066098754554,0.03791319339570824,2024,0.2941184370851013,0.3356610749214844,0.2706354654731329,0.35767272496759567,0.2659038930893907,0.3624042973513378,0.24331101716269649,0.384997173278032
630105,526.0,0.334615379342666,0.3215086778169136,0.3197595315718874,0.320652562109205,0.3242952581035292,0.324004441895284,0.3197595315718874,2025,677,0.0017491462450262337,-0.022595309187281334,0.02752649018113656,0.01267457908957215,0.015897565435772396,-0.029409509450956474,0.03290780194100894,2024,0.2971642223846061,0.347286021753024,0.2903500221209309,0.35266733351289636,0.2816593013532684,0.36135805428055895,0.26780760326654607,0.37520975236728127
691718,676.0,0.3249240086433735,0.308123368580466,0.2886595315718874,0.3108573115930673,0.2967846006234569,0.3082535320439428,0.3197595315718874,2025,400,-0.011636162991421397,-0.037212928500676964,0.012878034888783939,0.012494460066717724,0.01821733053469083,-0.047341474733877224,0.024069148751034435,2024,0.28254660307121043,0.33263756646067133,0.2724180568380102,0.34382868032292185,0.2648271180543782,0.35141961910655384,0.25555585827481064,0.3606908788861214
665833,544.0,0.3070631931262388,0.3199205068140656,0.3316595315718874,0.3356818319300867,0.3214707288175804,0.3293109552599588,0.3197595315718874,2025,590,0.00016097524217824517,-0.02372886460718943,0.02575316299443677,0.012914173171263513,0.016591688158840174,-0.032358135991868174,0.03268008647622466,2024,0.296030666964698,0.34551269456632416,0.28740139558001926,0.3524396180481121,0.278711827784779,0.3611291858433523,0.26600260393242353,0.37383840969570775
518595,231.0,0.263419910168751,0.3196285722917343,0.3216595315718874,0.3182442552203435,0.3229495832639724,0.3221006011183113,0.3197595315718874,2025,344,-0.00013095928015311852,-0.02589910232283236,0.025805602807135865,0.013196578826572693,0.018807953782567662,-0.03699387131687961,0.03673195275657338,2024,0.29386042924905503,0.34556513437902325,0.2827656602550078,0.3564914843284608,0.2745967706725375,0.3646603739109311,0.24403257717729793,0.3952245674061707
680779,283.0,0.240178567809718,0.2981166031484727,0.2336595315718874,0.3011452790671692,0.2955008899506282,0.3014434843288662,0.3197595315718874,2025,121,-0.021642928423414722,-0.037886253711496815,-0.002877534030607303,0.008962739596846202,0.022382190100623596,-0.06551121491576589,0.02222535806893645,2024,0.2818732778603906,0.3168819975412801,0.2542483166561215,0.34198488964082385,0.2508618294212114,0.34537137687573405,0.22409003354346754,0.37214317275347786
682829,707.0,0.3364748156327996,0.330060822914438,0.3460595315718874,0.3521831367198672,0.3189499177172165,0.3434946158495943,0.3197595315718874,2025,690,0.01030129134255061,-0.015335858716141721,0.0366053148204334,0.013146525974579298,0.015649990058370943,-0.020372125530266336,0.040974708215367556,2024,0.3044236728557457,0.3563648463923208,0.29938740604162106,0.36073423978725494,0.29000108964181215,0.37012055618706385,0.28143915199793423,0.37868249383094177
657557,208.0,0.283653842141995,0.3159102629198154,0.3032595315718874,0.2907594521842871,0.2874046000165469,0.3145298146995716,0.3197595315718874,2025,482,-0.003849268652071946,-0.030493325444163135,0.023827076535035952,0.013918237312408415,0.01729609223996002,-0.0377489865156763,0.030050449211532406,2024,0.2892662061277243,0.3435866081069234,0.2820105450562111,0.3498099807834198,0.2723976438669686,0.3594228819726623,0.23853629511515284,0.39328423072447805
680728,131.0,0.2969465606085216,0.3252111108698292,0.3751595315718874,0.3438467616864801,0.3220077994017612,0.3304316363918679,0.3197595315718874,2025,87,0.00545157929794181,-0.01463696902169811,0.02700562098828412,0.010717291791052528,0.02315770951811565,-0.03993669732200528,0.05083985591788889,2024,0.3051225625501893,0.34676515256017154,0.27982283424988214,0.3705993874897763,0.2751978432943214,0.37522437844533707,0.22651422524315173,0.42390799649650673
646240,729.0,0.3717966526331676,0.3465817027614939,0.3665595315718874,0.3667706840076133,0.3541552063688392,0.3487686684152825,0.3197595315718874,2025,585,0.026822171189606513,0.0002363499545742602,0.05367608303046567,0.01393730436230616,0.016500172581112138,-0.005517572808068579,0.0591619151872816,2024,0.3199958815264617,0.3734356146023531,0.31424195876381883,0.378921446759169,0.30424901474636473,0.3889143907766231,0.29732606983733495,0.3958373356856529
701305,109.0,0.3165137565464054,0.3131675164894114,0.3042595315718874,0.3255475228370894,0.3082623835663672,0.3188190074983347,0.3197595315718874,2025,65,-0.006592015082475953,-0.023234075636643647,0.012112495594253002,0.00895974255183663,0.023684025048941754,-0.053011851187346276,0.03982782102239438,2024,0.29652545593524376,0.3318720271661404,0.2667476803845411,0.35958735259428176,0.26353706291242035,0.3627979700664025,0.20646198608931998,0.4198730468895029
553869,283.0,0.2726449234330136,0.3061531383787381,0.3042595315718874,0.3125594443592278,0.2985082960304923,0.3158796329274414,0.3197595315718874,2025,348,-0.013606393193149293,-0.036901336095132554,0.011166075214495079,0.012220332780471682,0.018767334513760017,-0.050389692925934454,0.02317690653963587,2024,0.28285819547675484,0.3309256067863825,0.269369838645953,0.3429364381115233,0.2622591606346736,0.3500471161228027,0.23609232488830265,0.3762139518691736
673237,567.0,0.316962695142939,0.3343763959645205,0.3385595315718874,0.3505302897175543,0.3396015003153375,0.3351291603004129,0.3197595315718874,2025,624,0.014616864392633128,-0.008820479765478893,0.03997118518172521,0.012803949770056286,0.01619836274400114,-0.01713134319412451,0.046365071979390764,2024,0.3109390518064085,0.3597307167536126,0.3026281883777629,0.3661246035512782,0.2939076205470862,0.37484517138195483,0.2816263576556353,0.3871264342734057
650490,651.0,0.3758164795338644,0.3362205615280718,0.3384595315718874,0.3591780568658209,0.3640582653920269,0.3335878720823287,0.3197595315718874,2025,618,0.01646102995618437,-0.006553720345971698,0.0397738298106132,0.011797565325271708,0.016241712320159484,-0.015372141238588696,0.048294201150957436,2024,0.31320581122591573,0.3595333613825006,0.3043873903332987,0.36805373272284486,0.29687574212963,0.37556538092651354,0.2856341434329761,0.38680697962316746
693307,505.0,0.3317097365026683,0.3012943898264366,0.2184595315718874,0.2993160550045692,0.2952033243715973,0.3049195326859911,0.3197595315718874,2025,87,-0.01846514174545075,-0.03518082150879605,-0.0011996469061552589,0.008854406155586142,0.02315025073710366,-0.06383879942324576,0.02690851593234426,2024,0.2845787100630914,0.31855988466573215,0.25592073214864164,0.3466680475042317,0.2527151644777426,0.34987361517513066,0.23764487652786873,0.3649439031250046
691176,430.0,0.3290209738246766,0.3137254694599569,0.2901595315718874,0.3396330564860392,0.3166395719524807,0.3172955297591571,0.3197595315718874,2025,66,-0.006034062111930518,-0.02169947154133209,0.011034816700369439,0.008441520221918268,0.023665334533788985,-0.05241726548024892,0.04034914125638788,2024,0.2980600600305553,0.33079434827225684,0.26734226609163847,0.3601086728282753,0.2644797480048056,0.36297119091510816,0.24670740536915747,0.3807435335507563
680977,515.0,0.3413725436902514,0.3295180466778983,0.3348595315718874,0.3442609006761541,0.3399069435824049,0.3310622949692363,0.3197595315718874,2025,651,0.00975851510601096,-0.01352451592828618,0.03226838465585759,0.011813044249982056,0.016067712640876017,-0.021733622984044992,0.04125065319606691,2024,0.3062350156436012,0.352027916227745,0.2980259085878424,0.3610101847679543,0.29043067387656685,0.36860541947922987,0.2752450576896389,0.3837910356661578
686668,538.0,0.2952247148149469,0.3179143364027115,0.3280595315718874,0.3168438182767635,0.2925345009981951,0.3282040091757095,0.3197595315718874,2025,597,-0.0018451951691758903,-0.028329107167847898,0.024384934744731076,0.013329328861131076,0.016368917484279873,-0.03392768390427243,0.03023729356592065,2024,0.2914304244040395,0.3441444663166185,0.285831847667615,0.34999682513780805,0.27654040809186253,0.35928826471356046,0.2640667572564823,0.37176191554894067
643289,398.0,0.2836294372372215,0.3079364207829778,0.2954595315718874,0.3090599557173168,0.3062058661310132,0.3110438469110474,0.3197595315718874,2025,428,-0.01182311078890965,-0.034596867051210435,0.010944096505015873,0.011609868716899669,0.017887082121737334,-0.04688114753602512,0.023234925958205817,2024,0.28516266452067696,0.3307036280769033,0.2728783840358623,0.3429944575300932,0.2661410558263854,0.34973178573957014,0.24664019283691277,0.3692326487290428
677649,219.0,0.2509174270367403,0.3081176213979121,0.2790595315718874,0.3187403910378761,0.3088820601518859,0.3064514118115244,0.3197595315718874,2025,284,-0.011641910173975326,-0.03366929162710916,0.008958447393592276,0.010998043094348512,0.019602652208122847,-0.05006240250336067,0.02677858215541002,2024,0.2860902399447782,0.32871797896547966,0.2696971290685267,0.3465381137272974,0.26406327563438203,0.35217196716144217,0.23020297071452187,0.3860322720813023
680776,708.0,0.3441843930711137,0.348290297635412,0.3691595315718874,0.3550987051494667,0.3355239169861511,0.3521927123726407,0.3197595315718874,2025,732,0.02853076606352462,0.0038911375728067736,0.05419076612576787,0.012982317789586313,0.015477263041628981,-0.001804112077321035,0.05886564420437027,2024,0.3236506691446942,0.3739502976976553,0.3179554194945664,0.3786251757762577,0.30869678161286473,0.3878838136579593,0.29990225127526887,0.3966783439955552
669242,444.0,0.2990697630616121,0.3207333062784406,0.3236595315718874,0.3223399923269529,0.313627447499083,0.3247186760528603,0.3197595315718874,2025,218,0.0009737747065532666,-0.02316041510463794,0.027214097980588024,0.01273537527248744,0.020592189052615534,-0.039386174199413156,0.041333723612519684,2024,0.29659911646724946,0.34697362955247546,0.28037335737247426,0.3610932551844071,0.2732783713454341,0.3681882412114472,0.2583220858029773,0.38314452675390404
669364,619.0,0.3155482755745296,0.3292797475367898,0.3569595315718874,0.3524606991235435,0.3265154584423099,0.34037820349637,0.3197595315718874,2025,300,0.009520215964902375,-0.013625250162212069,0.03184027821714351,0.01176941066971401,0.0193807023451866,-0.028465262626754324,0.04750569455655908,2024,0.30613428140967536,0.35159980978903094,0.2912942689451331,0.3672652261284465,0.28483864354613037,0.3737208515274492,0.2738862905869413,0.3846732044866383
687952,137.0,0.2744525510029201,0.2959724391437665,0.2262595315718874,0.3192582763297201,0.3051558033033441,0.2996824054431604,0.3197595315718874,2025,122,-0.023787092428120955,-0.042160436367952886,-0.0053883107928470895,0.009629154995954525,0.02239391709554917,-0.06767836340817314,0.020104178551931227,2024,0.27759909520393455,0.31437122077904034,0.2520811681637143,0.33986371012381866,0.24819560234383858,0.34374927594369437,0.1996862512457267,0.39225862704180625
669289,328.0,0.2679999945713923,0.304673128019875,0.2858595315718874,0.3037950576037613,0.3025423576057979,0.3067185927013864,0.3197595315718874,2025,386,-0.01508640355201235,-0.0375908042908452,0.007743742229357595,0.011775952578891493,0.01833486714173838,-0.05102208281114642,0.020849275707121716,2024,0.2821687272810422,0.327503273801245,0.268737448760741,0.3406088072790091,0.2619638797234872,0.3473823763162629,0.2386497885796956,0.3706964674600545
642731,165.0,0.2984756049586505,0.2967820582139386,0.2668595315718874,0.3136317385568336,0.3141369125828921,0.2980918022448889,0.3197595315718874,2025,380,-0.022977473357948815,-0.04764699758966952,0.002179785030515847,0.012731055791939637,0.01839357296194487,-0.05902821391037049,0.013073267194472861,2024,0.2721125339822179,0.32193931660240327,0.2607313176615169,0.3328327987663603,0.2529382593254412,0.34062585710243604,0.2107710812092664,0.3827930352186108
571657,300.0,0.2885905998265183,0.302158729248148,0.2814595315718874,0.3104419579254087,0.3073138326363319,0.3092942518765244,0.3197595315718874,2025,240,-0.01760080232373938,-0.040124043770551565,0.00580283968176803,0.011900130949214754,0.020238648528268635,-0.05726782453491048,0.022066219887431716,2024,0.27963548780133585,0.32556237125365545,0.26249170703697694,0.34182575145931915,0.2561427145682228,0.34817474392807324,0.2319625726574367,0.37235488583885934
676439,105.0,0.236666662920089,0.3149013937583225,0.3547595315718874,0.3236187852554453,0.3099404248377387,0.3208874764830604,0.3197595315718874,2025,14,-0.004858137813564947,-0.011443460004500056,0.0023115523679601794,0.003654385973225232,0.025100117689890924,-0.05405346449346786,0.04433718886633796,2024,0.3083160715673874,0.32207108393984757,0.26570606707841954,0.3640967204382254,0.26518740105518424,0.36461538646146074,0.20534265794563544,0.42446012957100954
666023,358.0,0.2969999946866716,0.3120607491261603,0.3062595315718874,0.319148798322197,0.3104634180346854,0.3161700850633405,0.3197595315718874,2025,365,-0.0076987824457270815,-0.03209557688668781,0.015513604573890942,0.012068249527438723,0.018541385260059145,-0.04403922977892483,0.028641664887470664,2024,0.2876639546851996,0.33527313614577836,0.2757203017929626,0.3484011964593581,0.26870053300533286,0.3554209652469878,0.24778582484869677,0.3763356734036239
666149,243.0,0.2784810083827892,0.3411124608663017,0.3614595315718874,0.3505652568954533,0.3362007312169351,0.3415707908535049,0.3197595315718874,2025,339,0.021352929294414357,-0.00408990485488433,0.05015146352091843,0.013599807095497676,0.018875483695253256,-0.015642338939055037,0.058348197527883755,2024,0.3156696267170031,0.36991099509280584,0.3041171926328324,0.3781077290997712,0.29551480808525404,0.3867101136473495,0.2668869607303017,0.4153379610023018
527038,463.0,0.3136069062719077,0.300805943748163,0.2697595315718874,0.3238459534469446,0.322720035864495,0.3045437690717437,0.3197595315718874,2025,240,-0.01895358782372441,-0.04084747231517086,0.0029975702056802417,0.011645249657585236,0.0202532009916654,-0.058649132339039504,0.020741956691590686,2024,0.2789120592567166,0.32275710177756767,0.2611103992328479,0.3405014882634781,0.2550163865135568,0.3465955009827692,0.2395770912615,0.362034796234826
663743,242.0,0.3027083285152912,0.2914143511648677,0.2571595315718874,0.2856379332012972,0.2847351502138333,0.2954540406120697,0.3197595315718874,2025,327,-0.02834518040701971,-0.049345848393432146,-0.0056925640959549825,0.011330048424031658,0.019028102998624823,-0.06563957697844297,0.008949216164403546,2024,0.27041368317845527,0.31406696747593243,0.25411995459344444,0.32870874773629094,0.24800928148364032,0.33481942084609506,0.21692436757720418,0.3659043347525312
641584,217.0,0.3276744135590487,0.3111411431191556,0.3153595315718874,0.3315628618879406,0.3190176141227061,0.3212594228385869,0.3197595315718874,2025,380,-0.008618388452731746,-0.031963634331338406,0.015754520809003775,0.012164086104071643,0.018404900556330112,-0.04469133068217997,0.027454553776716475,2024,0.287795897240549,0.33551405238089116,0.27506820088970746,0.3472140853486039,0.2679015943246882,0.3543806919136231,0.23408167333628344,0.38820061290202784
664034,494.0,0.3127032467504827,0.3159601027817847,0.2987595315718874,0.3187371288897002,0.3289077603152133,0.3113622200161169,0.3197595315718874,2025,535,-0.003799428790102625,-0.027131975071349363,0.01970888461538091,0.012073444737727482,0.016784234810332525,-0.03669592452641784,0.02909706694621259,2024,0.29262755650053807,0.3394684161872683,0.28306360704546957,0.3488565985181,0.27543675813095975,0.3564834474326098,0.260111751072753,0.37180845449081656
624428,459.0,0.3063596437374751,0.2916393264584521,0.2611595315718874,0.2887308901649574,0.2952218693339052,0.2998674318181773,0.3197595315718874,2025,294,-0.028120205113435336,-0.049558835555552655,-0.0072978727724711655,0.010854670946430937,0.019487063986653976,-0.06631414869170466,0.010073738464833979,2024,0.2702006960163348,0.31246165879941623,0.25344538288018276,0.3298332700367214,0.24791984665389902,0.3353588062630052,0.23121621560332953,0.35206243731357467
518692,707.0,0.3717360065520408,0.3534602639397807,0.3667595315718874,0.3804002579572091,0.3898794340424146,0.3504596136137591,0.3197595315718874,2025,683,0.03370073236789334,0.0070703745331342615,0.058948835873983585,0.01334853761127965,0.015857576619572298,0.002620453311447217,0.06478101142433945,2024,0.32682990610502166,0.378708367445871,0.32237998488333464,0.38454054299622686,0.31283430971884607,0.39408621816071543,0.30458090095001034,0.40233962692955116
671289,428.0,0.3277647000200608,0.3025822293011236,0.2846595315718874,0.3064478242220628,0.3003257659134745,0.3065497041627912,0.3197595315718874,2025,379,-0.01717730227076382,-0.03901656714606566,0.004928138838531151,0.011384108311326408,0.018416814616421008,-0.05327359562889985,0.01891899108737221,2024,0.28074296442582175,0.32468767041041857,0.2664859359429876,0.33867852265925963,0.26014654296313433,0.3450179156391129,0.24213476100117076,0.36302969760107645
686217,628.0,0.3368971002830186,0.3131350551948867,0.3031595315718874,0.3195987120548856,0.3087451091796089,0.3146934855824342,0.3197595315718874,2025,531,-0.006624476377000665,-0.029709761609169497,0.015202757029796874,0.011567746389909142,0.017000668373117474,-0.03994517410142007,0.02669622134741874,2024,0.2900497699627179,0.3349622886016843,0.27981435747046735,0.34645575291930614,0.2728323866631514,0.35343772372662213,0.26105327861132704,0.3652168317784465
670770,695.0,0.3402315427356449,0.3065792160143157,0.3068595315718874,0.3372170677961147,0.3231669186146141,0.3175546428051863,0.3197595315718874,2025,338,-0.013180315557571706,-0.03626697671980973,0.011347806750985037,0.01258072475908876,0.018957423684802424,-0.05033618321945106,0.023975552104307647,2024,0.2834925548520777,0.3311073383228724,0.26942334835243636,0.34373508367619504,0.2619858981718157,0.3511725338568157,0.25339707367435343,0.35976135835427797
681807,157.0,0.2630573218795144,0.338222638204007,0.3530595315718874,0.3450187747250203,0.3359073446294242,0.3404978076644224,0.3197595315718874,2025,418,0.01846310663211963,-0.006977381525199618,0.04444554251122804,0.013214088978472267,0.01802260437191908,-0.016860548844455887,0.05378676210869515,2024,0.3127821500466878,0.3642050740831154,0.30289898272743154,0.37354629368058256,0.2944216563592922,0.3820236200487219,0.25071989049138593,0.4257253859166282
666969,547.0,0.2939449502787459,0.3164573737857101,0.2980595315718874,0.3305930442431962,0.3321276009372218,0.3113690078467367,0.3197595315718874,2025,634,-0.00330215778617727,-0.027600791180366614,0.02232412622058997,0.012588077898603342,0.016125220959225722,-0.03490701010901011,0.02830269453665557,2024,0.2921587403915208,0.3420836577924774,0.2848525214628773,0.348062226108543,0.27636269680058667,0.35655205077083363,0.2631810185595571,0.3697337290118632
671277,526.0,0.3108778582274459,0.321330150795068,0.3281595315718874,0.3288652366699375,0.3115757879914326,0.3275504682886923,0.3197595315718874,2025,525,0.0015706192231806212,-0.022927005998568818,0.028204036395149786,0.012957722032607744,0.017079202462756907,-0.03190400248849071,0.03504524093485195,2024,0.2968325255733186,0.3479635679670372,0.28785552908339673,0.35480477250673936,0.279311808729698,0.3633484928604381,0.2662529878159999,0.3764073137741362
672580,666.0,0.352945614347285,0.2923879822147298,0.2745595315718874,0.303323106222741,0.2929922415731492,0.2960511700682458,0.3197595315718874,2025,645,-0.027371549357157583,-0.04919628798567878,-0.005251191938087198,0.011174507685398448,0.016040707345208863,-0.058810758040314055,0.004067659325998889,2024,0.27056324358620865,0.3145083396338002,0.26094877353157336,0.3238271908978863,0.2540721192656317,0.33070384516382795,0.242395511251732,0.3423804531777277
641598,299.0,0.2904362372503984,0.3075653305778284,0.2804595315718874,0.3201315333296244,0.3274621409193132,0.3035549823163724,0.3197595315718874,2025,429,-0.012194200994058983,-0.03627066966392163,0.013040815817621572,0.01257540275547522,0.017851015861034495,-0.04718154916913986,0.02279314718102189,2024,0.2834888619079658,0.332800347389509,0.27257798240274755,0.3425526787529093,0.26476806748233134,0.3503625936733255,0.2398205170092544,0.3753101441464024
681508,110.0,0.2472477019379992,0.3047133841149737,0.1412595315718874,0.3044453070862476,0.2990889919199146,0.311610547881067,0.3197595315718874,2025,23,-0.015046147456913704,-0.021509464888881773,-0.008435646225796197,0.003303378214856526,0.024833443616604316,-0.06371880255756426,0.03362650764373686,2024,0.29825006668300563,0.31132388534609123,0.2560407290143232,0.3533860392156243,0.25561199375840876,0.3538147744715387,0.19739900595003615,0.41202776227991134
680869,101.0,0.2524999958276748,0.2981625374947463,0.2739595315718874,0.3150639166014993,0.3119059016899269,0.2978041683393126,0.3197595315718874,2025,543,-0.021596994077141135,-0.04635189985009934,0.0025413460172687575,0.012391699726229666,0.016808610680625915,-0.054541265641323215,0.011347277487040945,2024,0.27340763172178806,0.32230087758915615,0.2652182659305642,0.33110680905892836,0.25723336391580864,0.33909171107368397,0.19305409973017473,0.4032709752593179
665926,444.0,0.2784246530162689,0.2987284829663235,0.2879595315718874,0.321516251396968,0.3215534478915584,0.3035284845616973,0.3197595315718874,2025,669,-0.021031048605563894,-0.04336202695130842,0.0015724039307121298,0.01121167092103985,0.015865653604865023,-0.05212715826228742,0.010065061051159629,2024,0.276397504620579,0.32133193550259953,0.2676323733096,0.32982459262304703,0.2606516472151855,0.33680531871746155,0.24186722197672136,0.3555897439559257
502671,545.0,0.3281598461161759,0.3257358323198054,0.3239595315718874,0.3485897309358216,0.3591227997299426,0.3256891875868399,0.3197595315718874,2025,650,0.005976300747918068,-0.01746805845198702,0.03034434641123188,0.012413182837276437,0.01599832947776474,-0.025379848841306316,0.037332450337142456,2024,0.3022914731199004,0.3501038779831193,0.29437968273058107,0.35709198190902985,0.28604795762455076,0.36542370701506016,0.2725431455682023,0.3789285190714086
693304,408.0,0.3014741964656539,0.3215611759163901,0.3148595315718874,0.3205478183831243,0.309474881611153,0.3211865843106334,0.3197595315718874,2025,383,0.0018016443445027699,-0.020345817390533337,0.02692394384739401,0.012214599801493229,0.01836648514271936,-0.03419600505781717,0.03779929374682271,2024,0.2994137141813541,0.3466834754192814,0.28556352651407024,0.35755882531871014,0.2783296738042558,0.36479267802852455,0.26022580572298903,0.3828965461097913
663853,350.0,0.3693965464487843,0.3150455318551203,0.3144595315718874,0.3079843825375526,0.2963902737342909,0.3215976840817537,0.3197595315718874,2025,216,-0.004713999716767079,-0.02709253962637552,0.01866368305831461,0.012177734177194704,0.02063742116629098,-0.045162601936482,0.03573460250294784,2024,0.2926669919455119,0.33842321463020203,0.2745969296354054,0.35549413407483527,0.26807993757826376,0.36201112613197695,0.24788177414868864,0.3822092895615521
696100,579.0,0.3725694400361842,0.2956157183254289,0.2690595315718874,0.3022979170693388,0.2851222533162145,0.3055516151679878,0.3197595315718874,2025,224,-0.024143813246458472,-0.05033133986055553,0.002568496455717856,0.013480536959403284,0.02050394804567948,-0.06433081295687068,0.01604318646395373,2024,0.26942819171133187,0.3223280280276053,0.2554287186150167,0.33580271803584116,0.2475211908164015,0.34371024583445636,0.23771206422963853,0.35351937242121934
669357,402.0,0.2962405975898704,0.302171140912417,0.2840595315718874,0.3284295098945433,0.3176515814105838,0.3063668284525452,0.3197595315718874,2025,399,-0.017588390659470397,-0.04296858293327041,0.007686162585720694,0.012968289688101228,0.018243812637178027,-0.053345606369036035,0.01816882505009524,2024,0.276790948638617,0.3274456941576081,0.2664139252028514,0.3379283566219827,0.25830063010547505,0.346041651719359,0.24067655368605378,0.3636657281387803
682985,690.0,0.3436773214922395,0.3469910275074401,0.3585595315718874,0.3523196453211083,0.3392778097912065,0.3437543134235433,0.3197595315718874,2025,608,0.027231495935552668,0.0010576357657686754,0.05354562365366046,0.013209168884899572,0.016347648056613935,-0.004809305487346854,0.059272297358452186,2024,0.3208171673376561,0.37330515522554786,0.31495022608454054,0.3790318289303396,0.30579783727312426,0.38818421774175593,0.29714239773517687,0.39683965727970333
545341,293.0,0.2989725991062922,0.3339199936814837,0.3702595315718874,0.3361870504757354,0.3205752668731566,0.3429242633463562,0.3197595315718874,2025,278,0.014160462109596293,-0.01306336592549776,0.04251836293561878,0.014088998605680612,0.0196834784046263,-0.02441844665394317,0.05273937087313575,2024,0.30669616564638963,0.3622778945075062,0.29534108491794425,0.37249890244502315,0.2864767505072396,0.38136323685572787,0.2637595325500891,0.40408045481287835
663757,613.0,0.362398037416511,0.3112977248007176,0.3047595315718874,0.3080580724230048,0.3059387569971376,0.3167102856874639,0.3197595315718874,2025,207,-0.008461806771169762,-0.031090411253547872,0.016685439117883994,0.01231879893308003,0.020787554610141538,-0.04920466513370674,0.03228105159136722,2024,0.2886691203183395,0.3364449706897714,0.27055486643818066,0.35204058316325465,0.2639381147183358,0.35865733488309953,0.2538396561713282,0.3687557934301071
665489,769.0,0.3948734962194166,0.3731860974810272,0.3999595315718874,0.3742024008800679,0.3613940330424147,0.3712791282367474,0.3197595315718874,2025,682,0.05342656590913979,0.026925225383657107,0.0809648751967081,0.013775678244083706,0.01574950135579338,0.02255811047732001,0.08429502134095956,2024,0.3466847569555445,0.4007244067685955,0.34231764204920745,0.404054552912847,0.3321757020341539,0.4141964929279005,0.32563270746657114,0.4207394874954833
666971,546.0,0.3185321056514705,0.3148950396088991,0.3235595315718874,0.3297509510355795,0.3253407309699615,0.3255454038245133,0.3197595315718874,2025,552,-0.004864491962988299,-0.02961025311383287,0.019436891345504508,0.012851367523014433,0.016767382227442916,-0.0377279572437934,0.027998973317816804,2024,0.29014927845805455,0.33919642291739194,0.282031574328094,0.3477585048897042,0.2734890780701456,0.35630100114765256,0.2608313758426828,0.3689587033751154
664059,182.0,0.3463483091150777,0.3065670630321418,0.0898595315718874,0.3138608972841057,0.312132142512509,0.31221413985319,0.3197595315718874,2025,16,-0.013192468539745586,-0.01719793143306768,-0.007570074811145104,0.0025670154397858967,0.02503937270861338,-0.06226873724410296,0.03588380016461178,2024,0.3025616001388197,0.31218945676074233,0.25749079432778443,0.3556433317364992,0.2572335682736074,0.35590055779067625,0.2174766745571009,0.39565745150718273
666152,194.0,0.2664921427272377,0.3092485833926807,0.3073595315718874,0.3146281173613014,0.2970561009379509,0.317919697238805,0.3197595315718874,2025,317,-0.010510948179206666,-0.03453371613682486,0.014509136161022507,0.012584240881013009,0.019220460672751138,-0.048182358864067396,0.02716046250565406,2024,0.28522581543506254,0.3342686677329099,0.27157717270782,0.3469199940775415,0.26422102981024426,0.35427613697511723,0.22797265810132533,0.39052450868403615
664023,696.0,0.3347730555436621,0.3365064238356288,0.3331595315718874,0.3435958957121753,0.3341904135978727,0.3358496176907393,0.3197595315718874,2025,655,0.016746892263741372,-0.007305435581778379,0.040889800767995296,0.012690084380058074,0.015930264566967698,-0.014475852551709877,0.04796963707919262,2024,0.31245409599010904,0.3606493323398827,0.30528367902017756,0.36772916865108,0.29658798740118864,0.37642486027006894,0.287307222523395,0.38570562514786255
547180,598.0,0.3627533738476199,0.3533857653566641,0.3844595315718874,0.3783329607820291,0.374870908200037,0.3605985537824989,0.3197595315718874,2025,634,0.03362623378477669,0.00635312442016089,0.06085728595045363,0.014095659063628073,0.01626080513010333,0.001755641370150017,0.06549682619940336,2024,0.3261126559920483,0.38061681752234106,0.3215151729420374,0.38525635777129075,0.31120775080535606,0.39556377990797215,0.30144005064007257,0.40533148007325565
671739,641.0,0.2950315417175413,0.3255249099393486,0.3325595315718874,0.3521019895359608,0.3381510306620361,0.3282089981084164,0.3197595315718874,2025,477,0.005765378367461231,-0.019537193540338497,0.03127861958685521,0.013055404401920915,0.01750809158969151,-0.02854985058636275,0.04008060732128521,2024,0.3002223380315489,0.3510381511587426,0.2912096809855247,0.3598401388931726,0.28271968890597265,0.3683301309727246,0.27311038223376605,0.3779394376449312
663647,576.0,0.2758377374164641,0.2932320529424551,0.2641595315718874,0.3087540613449582,0.3062771707731851,0.2961581587900728,0.3197595315718874,2025,393,-0.026527478629432354,-0.047965825119384395,-0.005053852555980459,0.011161429200547938,0.0182353252653138,-0.0622680593958207,0.009213102136955996,2024,0.271793706452503,0.31470567901590696,0.2574914721760667,0.3289726337088434,0.251328014274757,0.3351360916101532,0.238238611823299,0.3482254940616112
669720,424.0,0.3380382729774457,0.3118517444683258,0.3020595315718874,0.3283340150939952,0.3267852209533608,0.3153952405834279,0.3197595315718874,2025,256,-0.00790778710356154,-0.03132350947766099,0.01615292583940626,0.011951932819014745,0.019979731143500597,-0.047067340565615984,0.0312517663584929,2024,0.2884360220942264,0.33591245741129366,0.2726921910062714,0.35101129793038033,0.2662204173045477,0.357483071632104,0.24934891678328894,0.37435457215336276
595978,183.0,0.2508426928118373,0.2812470648950019,0.1892595315718874,0.2463046900276025,0.2522709127956331,0.2878459937719312,0.3197595315718874,2025,157,-0.0385124666768855,-0.05543926696855041,-0.019515119593888637,0.009289807009919365,0.021681567780160862,-0.08100755865436485,0.003982625300593838,2024,0.264320264603337,0.3002444119779988,0.23875197291752256,0.32374215687248126,0.2350155527632133,0.3274785770267905,0.19578222424057776,0.366711905549426
641680,433.0,0.2798611066407627,0.2884607309659581,0.2576595315718874,0.3028031970863155,0.2978321306515631,0.293476275039644,0.3197595315718874,2025,490,-0.03129880060592924,-0.05399128067908984,-0.006650994107228848,0.01211199486079267,0.01728142420131303,-0.06516976964206164,0.0025721684302031644,2024,0.26576825089279754,0.31310853746465855,0.25458976192982574,0.32233170000209055,0.24709908008057074,0.32982238185134555,0.22954511930016663,0.34737634263174966
623168,177.0,0.3377906922684159,0.3107095387218649,0.2190595315718874,0.2962300409550916,0.2888355964977907,0.3167205775446862,0.3197595315718874,2025,16,-0.009049992850022521,-0.014793354859826049,-0.002412901376893096,0.0033202452261123457,0.025039276407222637,-0.05812607280712237,0.04002608710707732,2024,0.3049661767120614,0.3173466301949943,0.26163345876476507,0.35978561867896475,0.2612038827324266,0.3602151947113032,0.22074702197804935,0.40067205546568047
680737,110.0,0.3285046693320586,0.3137008754743755,0.3307595315718874,0.3204697540294919,0.3088756286659847,0.3201995417032771,0.3197595315718874,2025,10,-0.006058656097511951,-0.013975212539457568,0.002472403245176221,0.004111210073036726,0.025222496123316267,-0.055493840099412974,0.04337652790438907,2024,0.30578431903242986,0.32223193481706364,0.2642656914724744,0.3631360594762765,0.26361329278469275,0.3637884581640582,0.2060385058939034,0.42136324505484757
683002,651.0,0.3494539732308172,0.3585399886279184,0.3801595315718874,0.3759892346965016,0.3586724661552511,0.3601119660486557,0.3197595315718874,2025,724,0.03878045705603102,0.012406673716105914,0.06493637094909414,0.01369280375346639,0.015553206835118362,0.008296731815096828,0.06926418229696521,2024,0.33216620528799334,0.38469590252098157,0.32805626338698424,0.3890237138688526,0.31792590656722053,0.3991540706886163,0.3087916980850177,0.4082882791708191
687231,197.0,0.2925640971232683,0.2985842889421383,0.2410595315718874,0.3024041485214643,0.2947151141661257,0.3028862057262564,0.3197595315718874,2025,134,-0.02117524262974907,-0.03820483099611287,-0.0033938416134030426,0.008982075122491402,0.022144382568569952,-0.06457743492402275,0.022226949664524612,2024,0.28155470057577453,0.31636568995848435,0.2551820966478647,0.341986481236412,0.2517476552408131,0.3454209226434636,0.2149696564516656,0.3821989214326111
571771,325.0,0.2837579576832473,0.3072316692348546,0.2995595315718874,0.297076249033761,0.2958952653793906,0.3125583348995133,0.3197595315718874,2025,448,-0.012527862337032793,-0.03756887877046053,0.013386887976865939,0.012869926658378791,0.017654790543257793,-0.0471306159564164,0.022074891282350816,2024,0.28219065280142686,0.33314641954875335,0.27262891561547103,0.3418344228542382,0.2644107556919993,0.35005258277770995,0.24170780966819783,0.3727555288015114
606192,622.0,0.3252854773115373,0.3459141923743467,0.3629595315718874,0.3461313083460765,0.3486126123923175,0.3495431444478981,0.3197595315718874,2025,719,0.02615466080245932,8.520356094855134e-05,0.05295870161889063,0.013689230992639396,0.01551915816870528,-0.004262330278583609,0.05657165188350225,2024,0.31984473513283596,0.372718233190778,0.31549720129330383,0.3763311834553897,0.30535480757074923,0.3864735771779442,0.29548710027447384,0.3963412844742196
671056,452.0,0.3780133869232876,0.335157516182085,0.3578595315718874,0.3471319612031447,0.3254887658590638,0.335903725128434,0.3197595315718874,2025,258,0.015397984610197597,-0.008334416727763617,0.04015617564794034,0.012307595053683479,0.01997596349239086,-0.023754184391375444,0.05455015361177064,2024,0.3114251148441238,0.35991570721982774,0.29600534718051197,0.37430968518365804,0.2891707289946846,0.3811443033694854,0.2738466937304171,0.3964683386337529
645444,204.0,0.2538860060390413,0.3029325137171928,0.2682595315718874,0.2883687690167803,0.2772472806790909,0.3117985913506155,0.3197595315718874,2025,107,-0.016827017854694613,-0.03367773059070804,0.0020018245580047406,0.009368767753537594,0.02269104741308444,-0.06130065355583088,0.02764661784644165,2024,0.28608180098117936,0.32176135612989215,0.25845887801605655,0.34740614941832904,0.25481719654967927,0.35104783088470637,0.2198043113968262,0.3860607160375594
543309,327.0,0.3141104249866462,0.3203874521209836,0.3226595315718874,0.3077798225849958,0.3067225690530198,0.3234982173204695,0.3197595315718874,2025,284,0.0006279205490961884,-0.026275074361671084,0.030435253641611665,0.014671029702383447,0.019599935771880846,-0.03778724766308853,0.03904308876128091,2024,0.2934844572102163,0.35019478521349906,0.28197228390879886,0.35880262033316834,0.2724024822225837,0.36837242201938347,0.2529129026466987,0.38786200159526846
656537,149.0,0.2856164337837533,0.3138675418836781,0.3102595315718874,0.303278842507204,0.2965515401654719,0.3193380370349366,0.3197595315718874,2025,170,-0.0058919896882093205,-0.027664155852458912,0.019272884720280235,0.012117700414671983,0.021405506469086965,-0.047846011438458916,0.03606203206204027,2024,0.2920953757194285,0.3390324162921676,0.2719135201334285,0.3558215636339277,0.265657432782725,0.3620776509846312,0.22160045161997283,0.4061346321473834
663538,682.0,0.342920347828429,0.3355811091166553,0.3267595315718874,0.3351288552209927,0.3333646773109744,0.3269530630576998,0.3197595315718874,2025,639,0.015821577544767915,-0.006313143377562775,0.03843674445102653,0.01147690608922486,0.016072163348918832,-0.01567928377275766,0.04732243886229349,2024,0.31344638819432463,0.35819627602291393,0.30408024779912973,0.3670819704341809,0.2968732441215889,0.3742889741117218,0.28590532991825107,0.3852568883150596
702616,649.0,0.3130804904658728,0.2961037152653858,0.2570595315718874,0.3078739344650233,0.2933328008633796,0.3027230826516797,0.3197595315718874,2025,208,-0.02365581630650153,-0.04407437442753616,-0.0015636097965738838,0.01114650600756524,0.02076692393035067,-0.06435823927967183,0.017046606666668775,2024,0.27568515714435127,0.31819592177531353,0.2554012922922156,0.3368061382385562,0.24990882663262282,0.3422986038981489,0.23947258185922332,0.3527348486715484
687462,411.0,0.3514705832098044,0.3307174866055781,0.3427595315718874,0.3409246890977447,0.3273601970122939,0.3338058690397094,0.3197595315718874,2025,379,0.01095795503369067,-0.013604662278618323,0.03602134486899458,0.0126879708630053,0.01849634744138662,-0.025294219796966683,0.04721012986434803,2024,0.30615486929326907,0.35578087644088197,0.29446531177492075,0.36696966143623544,0.2867557315295144,0.3746792416816418,0.26937895371487963,0.39205601949627655
656555,328.0,0.3312883389873738,0.3194217694293572,0.3084595315718874,0.3242166554944473,0.3279648158177172,0.3165871703258813,0.3197595315718874,2025,526,-0.0003377621425301623,-0.025972945274257666,0.02712953088791323,0.013358503851815747,0.01695607937723399,-0.033571067040911125,0.032895542755850805,2024,0.29378658629762977,0.34688906245980067,0.2861884645309763,0.35265507432773824,0.2771138571541662,0.3617296817045483,0.25482950316251574,0.38401403569619874
628451,194.0,0.2989528747129191,0.3084392807753157,0.2845595315718874,0.3083290755266614,0.3042770156117026,0.3111547482775225,0.3197595315718874,2025,253,-0.011320250796571663,-0.032506857027997105,0.012153242733916401,0.011701312762763448,0.020049032015803055,-0.050615631472436126,0.027975129879292803,2024,0.2872526745438903,0.3319127743058038,0.26914390009945127,0.3477346614511802,0.2629409044145053,0.3539376571361262,0.22639802413306503,0.39048053741756644
578428,345.0,0.2939705825903836,0.3314489204486813,0.3447595315718874,0.3266093714329564,0.3191131852794195,0.3333459658380747,0.3197595315718874,2025,336,0.011689388876793914,-0.011549482463617698,0.034745656501891375,0.01203569554689163,0.01888475606679139,-0.025324052870941503,0.048702830624529334,2024,0.3082100491082697,0.3545051880737788,0.2944354787009459,0.36846236219641676,0.2875574544645555,0.3753403864328072,0.265977241543112,0.3969205993542507
663697,567.0,0.3048672518898955,0.3303133305115416,0.3345595315718874,0.3352209655724646,0.3223270438963831,0.3317501825409925,0.3197595315718874,2025,634,0.010553798939654215,-0.012141372579965871,0.03448502834240351,0.012090669670555275,0.01607611534041729,-0.020954808138875545,0.04206240601818398,2024,0.3076181589919215,0.35424455991429094,0.29880472343301184,0.3618219375900714,0.2908880434214287,0.3697386176016545,0.2777071504882195,0.3829195105348637
664728,409.0,0.2992424192753705,0.3023397410100596,0.2917595315718874,0.2978478189719193,0.2886498571334805,0.3092697990785853,0.3197595315718874,2025,433,-0.01741979056182779,-0.04241383718405761,0.006903582466792195,0.01239984447342206,0.01794949144679676,-0.05260014733835919,0.017760566214703608,2024,0.2773456943878298,0.3266631140386796,0.26715938423352825,0.33752009778659103,0.25958105306768864,0.3450984289524306,0.24153000037597397,0.3631494816441453
656577,100.0,0.3259999972581863,0.2873633816844798,0.2040595315718874,0.2771091317095778,0.283560444204311,0.2921550443147364,0.3197595315718874,2025,154,-0.03239614988740758,-0.050871581186400075,-0.012676988362059398,0.009873306710160512,0.021730551340436787,-0.07498724787886227,0.01019494810404712,2024,0.26888795038548735,0.30708254320982803,0.24477228369302514,0.32995447967593455,0.24058223773677592,0.3341445256321838,0.17838593046113696,0.39634083290782274
643376,337.0,0.3272321383867945,0.3104045951273558,0.2974595315718874,0.3289254261273005,0.3277186742265294,0.3125127556899773,0.3197595315718874,2025,322,-0.009354936444531574,-0.03229641371301337,0.014962737367054856,0.012288331581216012,0.01905681308098696,-0.046705603743377795,0.02799573085431465,2024,0.287463117858874,0.33472226893894225,0.2730539278285096,0.3477552624262021,0.26596199719004154,0.35484719306467016,0.24421657712857978,0.3765926131261319
680777,464.0,0.3363636311514553,0.3167169852848087,0.3152595315718874,0.330552736473968,0.3208814297686181,0.3208893662842444,0.3197595315718874,2025,464,-0.003042546287078739,-0.028897810452075682,0.022585930970453354,0.013360201907008146,0.017518221420594823,-0.03737762934464269,0.03129253677048522,2024,0.29086172111981173,0.3423454625423408,0.28238190222724474,0.3510520683423726,0.27353621292549296,0.3598977576441244,0.2588598305630615,0.37457414000655587
663330,154.0,0.4183006489198971,0.3118649108838218,0.2972595315718874,0.3210406181890923,0.3080201648285763,0.3181992955372903,0.3197595315718874,2025,46,-0.007894620688065646,-0.0220103965014394,0.007579491676874384,0.007584203720116363,0.024182210290496747,-0.055290881924013144,0.039501640547881856,2024,0.29774913507044803,0.3273390232487618,0.26446864964787425,0.35926117211976927,0.2621923142974988,0.3615375074701448,0.21816205143216016,0.4055677703354834
666134,403.0,0.276441098305217,0.2972402695787913,0.2938595315718874,0.3490605139402304,0.3283139968201473,0.3115652432795047,0.3197595315718874,2025,294,-0.022519261993096115,-0.04417935638865149,-0.0015013512521802937,0.01109413086659629,0.0195516880658151,-0.0608398664390553,0.015801342452863073,2024,0.2755801751832359,0.3182581803197071,0.2589196651328321,0.3355608740247505,0.2531803731108469,0.3413001660467357,0.234269930724054,0.3602106084335286
592450,710.0,0.4697466413594571,0.4190856288049764,0.4670595315718874,0.4314247687159178,0.4286373753884051,0.4168199380276841,0.3197595315718874,2025,744,0.09932609723308898,0.07094732987209529,0.1271832787460926,0.014557257859114263,0.015352900640839705,0.06923496491882125,0.1294172295473567,2024,0.3907068614439827,0.44694281031798,0.38899449649070866,0.4491767611192441,0.37761836204413674,0.4605528955658161,0.3708915309559816,0.4672797266539712
666397,208.0,0.2879227008220654,0.2989242058226125,0.2760595315718874,0.3357415211615599,0.3224603934684701,0.3060476536406474,0.3197595315718874,2025,300,-0.020835325749274887,-0.0438147624304204,0.0036656106555610496,0.01212327919262921,0.01945865964793168,-0.05897359784664383,0.017302946348094053,2024,0.27594476914146704,0.32342514222744845,0.2607859337252436,0.33706247791998145,0.25398956465428935,0.3438588469909357,0.21960165025877598,0.3782467613864491
673962,511.0,0.3085629874327051,0.3237600912621562,0.3202595315718874,0.3383205338778563,0.3300799543843491,0.3218523326673261,0.3197595315718874,2025,188,0.004000559690268841,-0.019948677227993164,0.029982690830433232,0.01255197125945494,0.021136301105954033,-0.03742582924379517,0.04542694862433286,2024,0.29981085434389426,0.34974222240232067,0.28233370232809224,0.36518648019622024,0.2755794400315862,0.37194074249272635,0.2630538953184831,0.3844662872058294
690993,485.0,0.3266528878083899,0.3145732576034958,0.3034595315718874,0.3222463648728285,0.3124863904017103,0.3140885081353734,0.3197595315718874,2025,576,-0.0051862739683915865,-0.028420828047019706,0.018016298959657326,0.012270017620650364,0.016577161622566033,-0.03767691371452058,0.027304365777737406,2024,0.2913387035248677,0.33777583053154475,0.2820826178573668,0.34706389734962484,0.27415066369998514,0.35499585150700647,0.25862419138515613,0.3705223238218355
608348,451.0,0.3332959592609662,0.3168719019700877,0.3049595315718874,0.2954507586664716,0.2916048772204443,0.3144805750171667,0.3197595315718874,2025,311,-0.0028876296017997,-0.02641070247941647,0.022259977414690706,0.01233923246886011,0.01919636711836805,-0.040511817787810024,0.03473655858421062,2024,0.29334882909247095,0.3420195089865781,0.27924771378407737,0.354496090156098,0.27214531906646416,0.3615984848737112,0.25648448503925386,0.3772593189009215
596146,489.0,0.3055900582122013,0.3128039800130989,0.3115595315718874,0.3268664812652769,0.3228022255730042,0.31917410474242,0.3197595315718874,2025,397,-0.006955551558788538,-0.030155295113720622,0.017150872486281634,0.012189341445464475,0.018305122295363446,-0.04283293199030206,0.028921828872724983,2024,0.2896042364581668,0.336910404058169,0.27692659958158533,0.3486813604446124,0.26970002949126903,0.35590793053492875,0.25496911023530716,0.3706388497908906
673490,191.0,0.2905759112373072,0.3164846485160749,0.3156595315718874,0.3266325878388786,0.3217506556242498,0.3208819044944409,0.3197595315718874,2025,459,-0.003274883055812553,-0.026913949024881218,0.02131312666337129,0.012202221768890588,0.01757655946743264,-0.03772430658410704,0.031174540472481933,2024,0.2928455825470062,0.3410726582352587,0.2820352249877804,0.3509340720443693,0.2745473884576413,0.35842190857450845,0.23614244793952038,0.3968268490926294
643396,499.0,0.2868902386446309,0.314592627303006,0.3031595315718874,0.3048667764885169,0.3036456419299109,0.3146318019585521,0.3197595315718874,2025,491,-0.005166904268881382,-0.02819277643003536,0.01767287935976995,0.011931898884523187,0.017186645949697914,-0.03885211134533049,0.028518302807567723,2024,0.29156675514185204,0.3374324109316574,0.2809074202265569,0.34827783437945514,0.27358528066125487,0.3555999739447572,0.2584575872274531,0.37072766737855894
672386,589.0,0.3423931569115728,0.3138206515934976,0.3032595315718874,0.3327127669869875,0.3291221840683979,0.315265358044818,0.3197595315718874,2025,384,-0.005938879978389787,-0.028961287096147956,0.017472138331691516,0.011639138462467035,0.018354568433097466,-0.04191317305903659,0.03003541310225702,2024,0.29079824447573943,0.33723166990357895,0.27784635851285083,0.3497949446741444,0.2712231113129033,0.356418191874092,0.25902573320382294,0.36861556998317235
677008,167.0,0.2595808348969785,0.3188150688587534,0.3298595315718874,0.3322535241088986,0.3169753132309141,0.3234403306301887,0.3197595315718874,2025,114,-0.000944462713133986,-0.02018139884765522,0.0212995303703726,0.010741902425173809,0.022558396195439492,-0.04515810680518077,0.043269181378912794,2024,0.29957813272423217,0.34105906194226,0.2746014247667066,0.3630287129508002,0.2698446045869431,0.3677855331305638,0.22948396636353632,0.4081461713539706
680757,705.0,0.313499994618552,0.340529418400666,0.3576595315718874,0.3433822502752008,0.3391160331545956,0.3429317115425746,0.3197595315718874,2025,586,0.020769886828778544,-0.004225837106615083,0.0449532600990173,0.012381601932047409,0.01648846327528525,-0.011546907351191887,0.05308668100874897,2024,0.31553369446527235,0.3647127916709047,0.3082126242206955,0.3728462125806364,0.3001154796640708,0.38094335713726113,0.29081401800288703,0.3902448187984449
669127,523.0,0.3650671744758474,0.32281261643947,0.3176595315718874,0.3164750367838733,0.3141310344569215,0.321787377721857,0.3197595315718874,2025,532,0.0030530848675826526,-0.024797767272929795,0.03159998220592951,0.014467267942299963,0.01690181264336445,-0.030073859186855397,0.0361800289220207,2024,0.2949617642989576,0.35135951377781693,0.289685672385032,0.3559395604939081,0.27920735496305193,0.3664178779158882,0.2678461638232464,0.37777906905569375
694671,573.0,0.3462280655116365,0.3320779879762635,0.3233595315718874,0.3372292079303148,0.3221137744452566,0.3252431247070479,0.3197595315718874,2025,551,0.012318456404376142,-0.011679758014924097,0.03774244452139763,0.01262566832438385,0.016789867274982297,-0.02058907875979682,0.045225991568549104,2024,0.3080797735569633,0.35750197609328505,0.2991704528120906,0.36498552314043653,0.29090441368413494,0.3732515622683921,0.2787962712127703,0.3853597047397568
663616,567.0,0.3288495525849604,0.3224680167951211,0.3303595315718874,0.3308796733902535,0.3178629691832031,0.330620547777048,0.3197595315718874,2025,398,0.0027084852232337267,-0.022560700279892355,0.027983731186037048,0.01313415779536898,0.018267749175174822,-0.0330956452387202,0.03851261568518766,2024,0.29719883129199504,0.34774326275792444,0.2866638863331672,0.35827214725707507,0.27837027488669425,0.3665657587035481,0.26718190990782426,0.37775412368241806
657656,488.0,0.3735051499199621,0.3230793017944375,0.3297595315718874,0.3174397136209305,0.3153442016302957,0.3255433999076325,0.3197595315718874,2025,317,0.0033197702225501325,-0.022110383659578906,0.028479375486040324,0.012968889142253932,0.019106724230947707,-0.03412872113264614,0.0407682615777464,2024,0.2976491479123085,0.34823890705792776,0.28563081043924127,0.3605277931496338,0.2778190269883995,0.3683395766004756,0.2642210669458024,0.38193753664307273
686797,527.0,0.2961100521983412,0.2932126179983423,0.2462595315718874,0.3023451629123758,0.2902109106309077,0.3026374101617064,0.3197595315718874,2025,182,-0.02654691357354507,-0.04750260849076336,-0.00530604188573692,0.010774986458262146,0.021208218690918292,-0.06811425838399414,0.015020431236903997,2024,0.27225692308112404,0.3144534896861505,0.25164527318789326,0.3347799628087914,0.24658817372761446,0.3398370622690703,0.2329037640571306,0.35352147193955413
808982,617.0,0.3336850603098993,0.310440131145041,0.2997595315718874,0.3164305161534081,0.3079434651705452,0.3149556943173484,0.3197595315718874,2025,157,-0.009319400426846399,-0.02933192130673256,0.013011919314012847,0.010690327038281267,0.02167408379192984,-0.05179982405693221,0.033161023203239416,2024,0.29042761026515485,0.33277145088590027,0.2679597075149552,0.35292055477512685,0.26307347426149696,0.357806788028585,0.25182789650643506,0.3690523657836469
518934,142.0,0.3223404191064496,0.2889893825733808,0.2390595315718874,0.3084085005212036,0.3159701684043008,0.2961524300548055,0.3197595315718874,2025,227,-0.03077014899850657,-0.05066546121415347,-0.010968899832915931,0.0101132030677104,0.020446638092123128,-0.07084482326399266,0.009304525266979526,2024,0.2690940703577339,0.3087906317389715,0.24891470830789475,0.3290640568388669,0.24428063705242867,0.3336981280943331,0.1957587350635443,0.3822200300832174
668904,403.0,0.3066997473352304,0.3148428789182529,0.3129595315718874,0.3501583825887607,0.3368802122000925,0.3200421353302452,0.3197595315718874,2025,322,-0.004916652653634444,-0.03162889635424776,0.024037562237186047,0.014291972976943802,0.01910759836692917,-0.042366857283871975,0.032533551976603084,2024,0.28813063521763965,0.3437970938090735,0.27739267428801545,0.3522930835484905,0.26807562441339944,0.3616101334231065,0.25239840216311127,0.37728735567339466
596019,732.0,0.3561898163293054,0.346757526590163,0.3553595315718874,0.3523037973560165,0.3455073421873286,0.3498713814319714,0.3197595315718874,2025,748,0.02699799501827563,0.0026678893259841872,0.05342078672961975,0.012850238889233673,0.015294186159295222,-0.0029780590267939784,0.056974049063345245,2024,0.3224274208978716,0.37318031830150716,0.3167814725450934,0.37673358063523266,0.3076052765282665,0.3859097766520596,0.2990798027289,0.39443525045142613
682988,116.0,0.246551719718966,0.3079931147258902,0.2290595315718874,0.3139360334125657,0.3022593792196223,0.311706992112822,0.3197595315718874,2025,49,-0.011766416845997161,-0.025706917924852475,0.004511375115904265,0.007579670193808665,0.02410914532580054,-0.05901947338260841,0.03548663969061409,2024,0.29405261364703494,0.3242709066877917,0.260740058189279,0.3552461712625015,0.2584598073429595,0.357526422108821,0.20355623882586305,0.41242999062591745
663604,150.0,0.2602040771724415,0.3115508518143819,0.2350595315718874,0.3173763719101083,0.3067174728050498,0.3177311454188473,0.3197595315718874,2025,12,-0.008208679757505472,-0.015402194848431276,0.0037085042881900843,0.00490930973623656,0.02516076386696048,-0.05752287076026475,0.04110551124525381,2024,0.30435733672345616,0.3234680358600775,0.26223666081162267,0.3608650428171412,0.2613067111552418,0.36179499247352204,0.2159477925941411,0.40715391103462273
679845,188.0,0.2766128999571646,0.2973393412822867,0.2549595315718874,0.3088093289751815,0.2998934214509061,0.3036279626643829,0.3197595315718874,2025,170,-0.02242019028960066,-0.03995303822455655,-0.003443734327381286,0.00946554652993291,0.021430018355161222,-0.06442225445374894,0.019581873874547625,2024,0.2798064933473309,0.31631579724450615,0.2553372771181385,0.33934140544643504,0.2514225150369446,0.34325616752762883,0.21298090759630234,0.3816977749682711
694388,105.0,0.3884615319279524,0.2999093165091109,0.2722595315718874,0.3042850246574742,0.2977525920027296,0.3052276074229699,0.3197595315718874,2025,261,-0.019850215062776448,-0.04276706268538405,0.004816699275737928,0.01203706364606794,0.019930502248653927,-0.058913281663932705,0.01921285153837981,2024,0.27699246888650336,0.3245762308476253,0.2608462499079547,0.33897238311026723,0.2542747287185512,0.3455439042996707,0.19451074157558462,0.4053078914426373
672640,594.0,0.3195762657513052,0.3210607565219735,0.3193595315718874,0.3314831617682902,0.3205152953773831,0.3234119738963183,0.3197595315718874,2025,432,0.0013012249500861358,-0.021039106420866666,0.02522335688939944,0.012017747480997723,0.017834636497966384,-0.033654020263291534,0.03625647016346381,2024,0.29872042515102076,0.34498288846128683,0.28610551130859585,0.3560160017353512,0.2789101138544932,0.36321139918945383,0.2670623993569975,0.37505911368694955
664040,553.0,0.3426363591714338,0.3313504893699846,0.3326595315718874,0.3311758641082983,0.331835428172286,0.3301991925310267,0.3197595315718874,2025,423,0.011590957798097223,-0.0164227836571781,0.03905727564382436,0.013845108738047725,0.018012132318884277,-0.023712172831685887,0.04689408842788033,2024,0.3033367479147093,0.35881680721571174,0.29604735874020155,0.36665361999976775,0.2868233191545204,0.37587765958544883,0.2759803175874692,0.38672066115250003
666139,435.0,0.289651158937188,0.3133317724879198,0.2944595315718874,0.3302635690044956,0.32731460371574,0.3130982048875053,0.3197595315718874,2025,383,-0.006427759083967578,-0.030762728774616457,0.019641980368826428,0.012841325913014172,0.018407165150008994,-0.04250513983546603,0.029649621667530875,2024,0.28899680279727097,0.33940151194071383,0.2772543917364214,0.3494091532394183,0.26934276679858266,0.357320778177257,0.25320939739004084,0.3734541475857988
663993,616.0,0.3071194719370765,0.334379245359966,0.3391595315718874,0.348005951376618,0.3484957789458185,0.3344138346790888,0.3197595315718874,2025,562,0.014619713788078598,-0.008299795789052922,0.037812071390411234,0.012187293159197306,0.016745901902208957,-0.018201650828891743,0.047441078405048936,2024,0.3114597357828345,0.3575716029622986,0.30155788074299567,0.3672006099769364,0.2937859664336453,0.3749725242862867,0.2823148904913226,0.3864436002286094
664770,506.0,0.3183569931113454,0.3236519332246154,0.3494595315718874,0.3256995659934405,0.3156884352097915,0.3263753446694709,0.3197595315718874,2025,88,0.0038924016527280107,-0.014186557638587437,0.023401762381232996,0.009607784582307542,0.023141186926253353,-0.04146349128223771,0.04924829458769374,2024,0.30557297393329996,0.3431612939531204,0.2782960402896497,0.36900782615958116,0.2745422573820679,0.372761609067163,0.26004602921158293,0.38725783723764795
666158,509.0,0.3297244040515479,0.3171446418423263,0.3093595315718874,0.3249290464138156,0.3219317278511017,0.3187710017430223,0.3197595315718874,2025,527,-0.0026148897295610895,-0.026305326872883956,0.020883661454320804,0.012362539921289085,0.016984897066552252,-0.035904676261123515,0.030674896802001337,2024,0.29345420469900346,0.3406431930262082,0.2838548553107639,0.3504344283738888,0.27597050878930296,0.3583187748953497,0.2616014736653849,0.37268781001926776
592518,690.0,0.3471574295018921,0.3312351720812208,0.3360595315718874,0.3469190734772596,0.350410980193266,0.3329853948932547,0.3197595315718874,2025,663,0.011475640509333425,-0.013560401497591135,0.03788660335297089,0.01312645692409034,0.01590445845257426,-0.019696525251325762,0.04264780626999261,2024,0.3061991300742963,0.3576461349248583,0.30006300632056165,0.36240733784188,0.29081732769582025,0.3716530164666214,0.2819403766910328,0.3805299674714089
455117,161.0,0.2580645122835713,0.2817268663142695,0.1765595315718874,0.2594089820305773,0.271153129992608,0.2857396659052686,0.3197595315718874,2025,144,-0.038032665257617906,-0.05620720433448559,-0.018637885716358927,0.009548209692578124,0.021919477954489352,-0.08099405260833673,0.004928722093100919,2024,0.26355232723740185,0.3011216458555285,0.2387654789635507,0.3246882536649883,0.23486643412128,0.32858729850725904,0.19175230351836098,0.37170142911017806
669234,128.0,0.3085937448777258,0.3147177260938771,0.2991595315718874,0.3202367032746487,0.3084620457742634,0.3153282028857748,0.3197595315718874,2025,241,-0.005041805478010234,-0.028789929503335487,0.01935106425567761,0.012380840986188184,0.02024247107796526,-0.04471631974891583,0.034632708792895366,2024,0.29096960206855194,0.33911059582756503,0.2750432118229716,0.3543922403647828,0.2682106733316827,0.3612247788560716,0.21758343956555903,0.4118520126221953
700932,543.0,0.3289279072870829,0.3128211273553546,0.3057595315718874,0.3252887046841836,0.3095920924976298,0.3183068617017907,0.3197595315718874,2025,175,-0.0069384042165327444,-0.030716961507186627,0.018051160604372427,0.01223657488699211,0.02133213042115373,-0.04874861155550531,0.03487180312243982,2024,0.2890425700647008,0.33781069217625986,0.2710109200163821,0.3546313346943272,0.264620613562364,0.36102164114834534,0.2528115660946386,0.3728306886160707
665561,118.0,0.2658119614307697,0.3200040742677373,0.3673595315718874,0.3367839412111131,0.3157731247215622,0.3266276821075377,0.3197595315718874,2025,55,0.0002445426958499423,-0.01749081374253879,0.019824949150709856,0.009486084857732686,0.023943929873121293,-0.0466846975038205,0.047173782895520384,2024,0.3022687178293486,0.3395844807225973,0.27307483406806693,0.3669333144674078,0.26952605574840405,0.37048209278707067,0.21642056796433584,0.4235875805711389
669016,440.0,0.340207368410128,0.3149328082818898,0.3211595315718874,0.3363303378298935,0.3264228736483507,0.3241426657543653,0.3197595315718874,2025,488,-0.004826723289997585,-0.028957925180793237,0.020304068003962863,0.012563947181977522,0.017397299653535703,-0.03892480403917872,0.02927135745918355,2024,0.2908016063910942,0.34006359957585025,0.28083472753270866,0.34903088903107093,0.2728725655124662,0.3569930510513135,0.2562002260776928,0.3736653904860869
606466,556.0,0.3846715278651592,0.3531317858052101,0.3843595315718874,0.3631194988807457,0.346265674296449,0.3639165404943799,0.3197595315718874,2025,575,0.03337225423332274,0.005873824817261465,0.06027077110148642,0.01407634956403237,0.016494312900811593,0.0010439949979976354,0.06570051346864784,2024,0.32563335638914886,0.38003030267337384,0.32080352656988503,0.38546004504053527,0.310631469445648,0.3956321021647723,0.29970104982031537,0.40656252179010494
682622,364.0,0.3370833287636439,0.2889636686693032,0.2427595315718874,0.3075236102178197,0.2940415809516664,0.2947135667716637,0.3197595315718874,2025,242,-0.030795862902584164,-0.051443697357021964,-0.008469035593199916,0.010967064177229504,0.020197750385139393,-0.07038272622618738,0.00879100042101905,2024,0.26831583421486543,0.3112904959786875,0.24937680534570003,0.32855053199290646,0.24391750393969408,0.3340098333989124,0.22315008092218713,0.35477725641641933
516782,329.0,0.3383435528336858,0.322023726228731,0.3216595315718874,0.3160646060381613,0.3270350920387021,0.3219876275500385,0.3197595315718874,2025,421,0.002264194656843608,-0.022061018958851843,0.02640573879738944,0.012431367941301563,0.0179472701495099,-0.032911808457006586,0.037440197770693795,2024,0.2976985126130356,0.34616527036927686,0.2868477231148808,0.3571997293425812,0.2792334697470354,0.3648139827104267,0.25648186814761864,0.38756558430984345
668885,181.0,0.3368715024527224,0.3093631199781583,0.3017595315718874,0.3185236077618512,0.3078626004172979,0.3152852757321954,0.3197595315718874,2025,255,-0.010396411593729123,-0.03026477665031851,0.011458009109621765,0.01097469464332881,0.020046596199091708,-0.04968701815656641,0.028894194969108167,2024,0.2894947549215689,0.33121754068150916,0.270072513415321,0.3486537265409956,0.26456990472609954,0.35415633523021706,0.225084333922574,0.3936419060337426
682657,487.0,0.2824688756614305,0.3030228690268246,0.2738595315718874,0.3167955699634877,0.3006238614213802,0.3110155777845262,0.3197595315718874,2025,169,-0.01673666254506279,-0.03668619376948711,0.005137053401286161,0.010888889222744965,0.021451243742697943,-0.058780327704340954,0.02530700261421537,2024,0.2830733378024003,0.3248965849731736,0.26097920386754647,0.3450665341861028,0.2558726461428965,0.35017309191075274,0.2411051335193115,0.36494060453433774
605361,111.0,0.2724770591893327,0.3078243858804536,0.2966595315718874,0.3185594545544922,0.3146771770366758,0.315647289585539,0.3197595315718874,2025,163,-0.011935145691433778,-0.03356038804099842,0.01112050464283237,0.011713926314038597,0.021580267168715528,-0.05423169211886838,0.03036140073600082,2024,0.286199143530889,0.3308800362147198,0.26552783945301905,0.3501209323078882,0.25969842904900403,0.35595034271190323,0.20364215274127173,0.41200661901963553
686681,277.0,0.2606884007868559,0.3174962029598243,0.3245595315718874,0.3196595263842446,0.3056751018830397,0.3251338531668277,0.3197595315718874,2025,378,-0.0022633286120631517,-0.029820149582905745,0.021972061040177203,0.013226236130015225,0.018514636572786285,-0.03855134948157237,0.03402469225744607,2024,0.28993938198898167,0.3417315926120646,0.28120818209031506,0.3537842238293335,0.27290001913096534,0.3620923867886832,0.24714464657028584,0.3878477593493627
670156,176.0,0.2858823471209582,0.2985427359905303,0.2207595315718874,0.2919754876608066,0.2886634189044849,0.3031327135012056,0.3197595315718874,2025,105,-0.02121679558135716,-0.03650517543671552,-0.00514629946371714,0.008069306308657532,0.022746556435647304,-0.06579922696753365,0.02336563580481934,2024,0.2832543561351719,0.31461323210817027,0.25396030460435376,0.34312516737670673,0.2512381399976911,0.3458473319833694,0.2107663955433981,0.38631907643766245
682641,184.0,0.3111413007845049,0.3047769532278573,0.2647595315718874,0.3181711809531835,0.3036691224048455,0.3079466328435847,0.3197595315718874,2025,155,-0.014982578344030124,-0.03639145998218779,0.008416563915318063,0.011188278962475711,0.0217232158053248,-0.057559298950858,0.027594142262797754,2024,0.2833680715896996,0.3281760954872055,0.2622002326210294,0.3473536738346852,0.25688497394039267,0.35266893251532194,0.2194464156610154,0.3901074907946992
691723,294.0,0.3047781529686963,0.2970283577805465,0.1471595315718874,0.3027344533872932,0.292585217809562,0.3044189295410832,0.3197595315718874,2025,46,-0.022731173791340882,-0.031189645586934375,-0.013132388637238871,0.004639972072166407,0.024183255483796778,-0.07012948356851333,0.024667135985831562,2024,0.28856988598495303,0.30662714293464854,0.24963004800337407,0.344426667557719,0.2487654958060449,0.3452912197550482,0.22173508407939171,0.3723216314817014
543510,137.0,0.336029406856088,0.3058943555549372,0.2904595315718874,0.2941020445179949,0.2937581475977883,0.3120236624616512,0.3197595315718874,2025,233,-0.013865176016950148,-0.03857517338496688,0.010412569177142707,0.012731678031409403,0.020363944252308006,-0.053777773334655284,0.026047421300754985,2024,0.28118435818692056,0.33017210074903014,0.26598175823723214,0.3458069528726424,0.25882314253677935,0.3529655685730952,0.21135546548139383,0.4004332456284807
664983,222.0,0.2737442889170015,0.3263990463750599,0.3357595315718874,0.3346117083027085,0.3306349340341417,0.3302865421074814,0.3197595315718874,2025,488,0.006639514803172465,-0.016312942243827774,0.03174647608788145,0.012157249401476888,0.017371667523452507,-0.027408327894198566,0.040687357500543496,2024,0.3034465893280596,0.35150600765976886,0.29235120367768885,0.3604468890724309,0.28484163714248967,0.36795645560763013,0.25095552098398155,0.40184257176613825
676801,116.0,0.2590090047131788,0.2981541005519663,0.2693595315718874,0.3302385638259635,0.3285606108788254,0.3031489619432191,0.3197595315718874,2025,269,-0.021605431019921052,-0.043192892042246245,0.0011543439869103134,0.011305230632030287,0.019804284116663462,-0.060421114628180075,0.01721025258833797,2024,0.27656663952964117,0.32091387555879775,0.25933841694370735,0.3369697841602254,0.2534592755325977,0.34284892557133495,0.19725381814561244,0.39905438295832024
457705,551.0,0.3162062565485636,0.3299728956540512,0.3310595315718874,0.3227412806512279,0.3258772865914208,0.3294608543938352,0.3197595315718874,2025,513,0.010213364082163855,-0.01530338413651249,0.035563890772636456,0.013121429442123347,0.017067086451552513,-0.023237510683910584,0.04366423884823829,2024,0.3044561474353749,0.35532342234452385,0.29652202088797686,0.3634237704201257,0.2877786741624361,0.3721671171456664,0.2757040239849461,0.3842417673231564
624512,140.0,0.2992753585179646,0.2969977276972949,0.2526595315718874,0.302314805745871,0.2957379441089075,0.3048795863007399,0.3197595315718874,2025,156,-0.02276180387459246,-0.04190043326813736,-0.0016095627818039256,0.010332439150792771,0.021689627178953053,-0.06527269198344154,0.019749084234256618,2024,0.27785909830375005,0.3181499687900835,0.25448683958844587,0.33950861580614405,0.24990965003544893,0.3440858053591409,0.2021590334469947,0.39183642194759516
656716,545.0,0.3322550789926497,0.306132876887085,0.2841595315718874,0.3008460831553021,0.2983676969368689,0.3084078927701657,0.3197595315718874,2025,334,-0.013626654684802324,-0.03733408637432785,0.011101817522806492,0.01216505704129678,0.018981770343260096,-0.050830240920402614,0.02357693155079796,2024,0.2824254451975596,0.3308613490946939,0.2689292906514848,0.3433364631226854,0.26194465457772126,0.3503210991964489,0.24929661526141064,0.36296913851275947
641857,601.0,0.3109348873065191,0.30546262958329,0.3165595315718874,0.3267219723287672,0.3127735114747652,0.3206767146076338,0.3197595315718874,2025,637,-0.014296901988597384,-0.037952233316828204,0.010727254036348055,0.012397605015328144,0.016197686292951964,-0.04604378375566134,0.017449979778466566,2024,0.28180729825505924,0.33048678560823547,0.2737157478162261,0.337209511350354,0.2654838969069225,0.34544136225965755,0.25367375043021634,0.3572515087363637
643446,462.0,0.3314692938798352,0.3147408877830111,0.3006595315718874,0.3249363002034339,0.3342594206476375,0.3133761431925081,0.3197595315718874,2025,483,-0.005018643788876261,-0.028163589380863295,0.020409524028169236,0.012489811493995676,0.017462625087243767,-0.03924476003539966,0.02920747245764714,2024,0.29159594219102414,0.34016905560005667,0.28051477153648774,0.34896700402953457,0.2726614758971181,0.35682029966890416,0.25686717069072684,0.3726146048752954
678554,264.0,0.2824427433141315,0.3015707956323792,0.2590595315718874,0.3105106101143834,0.2989122120551057,0.3066010111752827,0.3197595315718874,2025,132,-0.01818873593950813,-0.03656870307904246,0.0007595284487444181,0.009529058574171726,0.02216389963828275,-0.06162918098750265,0.02525170910848639,2024,0.28319082849284494,0.32051906002063185,0.25813035058438477,0.3450112406803738,0.2542856173280583,0.3488559739367002,0.2260826016197194,0.37705898964503914
678009,245.0,0.2665289214327315,0.3256982838261786,0.3280595315718874,0.3358426646756169,0.3265590202713134,0.324910923969061,0.3197595315718874,2025,325,0.005938752254291274,-0.01751009468918575,0.03130436261544933,0.012894849953496925,0.019074575331620634,-0.03144672841608132,0.04332423292466387,2024,0.30224943688270167,0.35106389418733674,0.2883128031558061,0.3630837644965513,0.280571562142114,0.37082500551024344,0.2515049760495345,0.39989159160282295
701538,495.0,0.339735768311392,0.3435128681551596,0.3555595315718874,0.364054049449057,0.3440454877625905,0.3438880282834351,0.3197595315718874,2025,614,0.023753336583272246,-0.0022009240985249525,0.050513595840606176,0.013522084955167721,0.016328344453377136,-0.008249630472511298,0.05575630363905579,2024,0.31755860747336245,0.3702731274124936,0.3115099010993761,0.3755158352109432,0.30196063256986466,0.3850651037404546,0.2882233213069505,0.39880241500336877
670223,134.0,0.2872180418860643,0.3052717717636741,0.1526595315718874,0.2997032372123546,0.2913991228066642,0.3106832718577186,0.3197595315718874,2025,27,-0.014487759808213239,-0.021871208179819322,-0.005254125642049503,0.004374058658046263,0.0247153324592565,-0.06292892129428974,0.03395340167786326,2024,0.2978883233920681,0.3145054059298379,0.2568306102775977,0.35371293324975067,0.25607784519587085,0.35446569833147745,0.20599658113358105,0.40454696239376725
676694,381.0,0.3396551661213133,0.3012800586127876,0.2800595315718874,0.2990566956418857,0.2978846353246669,0.3030524385366489,0.3197595315718874,2025,510,-0.018479472959099803,-0.04064571661513593,0.005171819501818529,0.012017457113762066,0.017103788661117853,-0.052002282734075346,0.01504333681587574,2024,0.27911381495675147,0.32493135107370597,0.26775724883781205,0.33480286838776313,0.2603098319245648,0.3422502853010104,0.23992253660684215,0.3626375806187331
670224,217.0,0.2817129589341305,0.3049558799772407,0.0518595315718873,0.3072717678844043,0.3000760971281858,0.3113801917924892,0.3197595315718874,2025,15,-0.014803651594646685,-0.017334133598686602,-0.010159219676230149,0.002177803683905164,0.025069702460895276,-0.06393936552113659,0.034332062331843216,2024,0.3024253979732008,0.3096003118956573,0.2558201660507508,0.35409159390373063,0.25563511594297617,0.35427664401150527,0.2209843186889442,0.38892744126553724
655316,136.0,0.3386029364431606,0.3041046072356649,0.2668595315718874,0.3122360808781798,0.3044267228734339,0.3090232913919164,0.3197595315718874,2025,142,-0.015654924336222453,-0.03400948722975247,0.0031792767547898157,0.0095834343383088,0.021950424820836943,-0.05867696643041693,0.027367117757972022,2024,0.2857500443421349,0.3229388083266772,0.2610825651414705,0.3471266493298594,0.25716097946843075,0.35104823500289917,0.2079303553344296,0.4002788591369003
660162,289.0,0.3456597181244029,0.3154678178596906,0.3288595315718874,0.3093567405736215,0.2968338387381338,0.3212965434438253,0.3197595315718874,2025,45,-0.0042917137121967815,-0.01824305192532724,0.00959208759180716,0.007093134444213712,0.02421340136620255,-0.05174910833316672,0.04316568090877315,2024,0.30151647964656014,0.3293516191636946,0.2680104232387207,0.36292521248066056,0.26601604420914843,0.36491959151023284,0.2397453376503029,0.39119029806907835
666160,461.0,0.3494553341325332,0.2976774163390212,0.2758595315718874,0.3094124343341084,0.3033055323306317,0.3037191687572479,0.3197595315718874,2025,417,-0.022082115232866174,-0.04565104501856938,0.003019985079040598,0.012626024225049121,0.018106796369701497,-0.05757078399288171,0.013406553527149357,2024,0.27410848655331804,0.322779516650928,0.2621887475790057,0.3331660850990368,0.2544126791582818,0.34094215351976065,0.2390079175419124,0.35634691513613004
664238,243.0,0.2878600783308838,0.3233305753799543,0.3087595315718874,0.3173618533799474,0.3237914995137095,0.31736434127667,0.3197595315718874,2025,438,0.003571043808066965,-0.02024687307481018,0.02854170753425023,0.012462869095366789,0.017767379578460717,-0.03125238026536849,0.038394467881502414,2024,0.29951265849707726,0.34830123910613764,0.28850715130651894,0.3581539994533898,0.2807942593648287,0.36586689139508,0.2501633295456924,0.3964978212142163
666624,305.0,0.3088524550688071,0.3097632799398795,0.2846595315718874,0.3240157469019059,0.3225649521031224,0.3022613407585696,0.3197595315718874,2025,607,-0.00999625163200785,-0.03379853920174958,0.015023482211703475,0.012396029073710802,0.01619955220620286,-0.041746790521841826,0.02175428725782613,2024,0.28596099237013783,0.3347830137835909,0.2780127410500456,0.34151381882971354,0.2697835202392216,0.34974303964053755,0.24413447218488626,0.37539208769487287
672515,309.0,0.3465573715381935,0.3162161411571621,0.3254595315718874,0.3428626543343987,0.3257164448199939,0.3256241325538127,0.3197595315718874,2025,349,-0.0035433904147252697,-0.026024699103377933,0.019169264308586256,0.01144211634822789,0.018750732805200315,-0.04029415139665159,0.03320737056720105,2024,0.29373483246850945,0.33892879588047364,0.2794653801752358,0.35296690213908843,0.2731632666146463,0.35926901569967795,0.24834157999360856,0.3840907023207157
663624,357.0,0.3058823478989908,0.3213624713356653,0.3227595315718874,0.3280369339669297,0.3226747398010899,0.3250222161333945,0.3197595315718874,2025,513,0.0016029397637779344,-0.022314197554471303,0.026403513983151435,0.012630500674812587,0.017097766659680633,-0.03190806710526581,0.03511394663282168,2024,0.29744533401741613,0.34616304555503885,0.2878514644666216,0.3548734782047091,0.27969937293911845,0.3630255697322123,0.25858111825349916,0.38414382441783157
656775,498.0,0.3088056640586389,0.320787385333749,0.3214595315718874,0.3187588090768221,0.3191768845083845,0.3240560051272372,0.3197595315718874,2025,504,0.0010278537618616523,-0.023988321873208398,0.028306009755130954,0.013217323358616275,0.01719200531639599,-0.032667857480295624,0.03472356500401893,2024,0.29577120969867904,0.3480655413270184,0.2870916740915918,0.3544830965759063,0.27828450620980183,0.3632902644576963,0.2646099913029253,0.37696477936457284
571970,456.0,0.3640765718243143,0.3400834731643986,0.3551595315718874,0.3370847534134886,0.3408798442955804,0.3373702951078297,0.3197595315718874,2025,357,0.020323941592511167,-0.006723232768776627,0.04734775746661751,0.01398395517109507,0.018726387071926216,-0.016379102629020693,0.05702698581404303,2024,0.3130362988031108,0.3671072890385049,0.3033804289428667,0.37678651738593044,0.29427610937287524,0.3858908369559219,0.28047046570443873,0.3996964806243584
669221,337.0,0.3160179603599503,0.3075209883074765,0.2906595315718874,0.3341781782253852,0.334062251203274,0.3109314375204777,0.3197595315718874,2025,265,-0.012238543264410918,-0.03535979303621255,0.011221263815755209,0.012315443309551071,0.019870578269115646,-0.051184161023861835,0.026707074495039996,2024,0.28439973853567485,0.33098079538764263,0.2685753705480256,0.3464666060669274,0.2617018246875759,0.35334015192737706,0.24042000082143078,0.3746219757935222
667472,333.0,0.2801801752041768,0.3184988685192458,0.3331595315718874,0.3244878672163216,0.311066987919719,0.3245372557680847,0.3197595315718874,2025,108,-0.0012606630526415825,-0.0223724414320774,0.020652029858429403,0.010989020986811565,0.022669234109176428,-0.045691545463734315,0.04317021935845115,2024,0.29738709013981,0.3404115614303168,0.2740679861081531,0.3629297509303386,0.2691228375651311,0.3678748994733605,0.247818249304679,0.3891794877338126
665966,457.0,0.3190109848976135,0.3120716359583186,0.2635595315718874,0.3216075907221149,0.307168041819364,0.3182619120687783,0.3197595315718874,2025,15,-0.007687895613568825,-0.014191130869203717,0.00016228283763474426,0.0036992227428971195,0.025069674843489924,-0.05682355541093889,0.041447764183801236,2024,0.3055684007026837,0.31992181440952216,0.26293597616094855,0.36120729575568866,0.2624039347595477,0.3617393371570895,0.244129882766731,0.38001338914990623
666310,422.0,0.2973746983134376,0.294783763451683,0.2725595315718874,0.3126879385665156,0.305787622485743,0.2998888714783862,0.3197595315718874,2025,407,-0.024975768120204432,-0.049782861884372545,-0.00021098928785839854,0.012612228556358641,0.018108596745871952,-0.06046796555267268,0.010516429312263813,2024,0.2699766696875149,0.319548542284029,0.2592915660192147,0.33027596088415123,0.25153159081385423,0.33803593608951177,0.2344175809076429,0.35514994599572314
647304,655.0,0.367615379003378,0.3238440505651715,0.3253595315718874,0.3421829206166887,0.3398064238429956,0.3272645383058031,0.3197595315718874,2025,667,0.004084518993284077,-0.021282351205332208,0.0300257314667248,0.013300528987099337,0.015915643714793884,-0.02710956947848321,0.03527860746505136,2024,0.2984771803665552,0.34978526303861224,0.2926499620934042,0.35503813903693876,0.2831913647887385,0.3644967363416045,0.27375146557338087,0.37393663555696216
687263,554.0,0.3407509116244403,0.3288952879010461,0.3299595315718874,0.3358071740178723,0.323627357111721,0.32784709352039,0.3197595315718874,2025,596,0.009135756329158745,-0.014356485729672344,0.03586288467246175,0.012884619232923495,0.01635257622903668,-0.02291470413419896,0.041186216792516446,2024,0.30540304584221506,0.35562241624434915,0.2968448274376885,0.36094574836440385,0.2880912966161165,0.36969927918597584,0.2755708795141218,0.38221969628797053
621028,116.0,0.242608690780142,0.3079640387994892,0.3056595315718874,0.3124715399720303,0.3065254339397167,0.3172632677199831,0.3197595315718874,2025,304,-0.01179549277239814,-0.03474171103998905,0.012789509524182355,0.011987408585847207,0.019322759497399925,-0.04966740546923126,0.026076419924434987,2024,0.2850178205318984,0.33254904109606975,0.27009212610265615,0.3458359514963224,0.26339620751996046,0.35253187007901804,0.20742304483671775,0.40850503276226074
607043,652.0,0.3345384566600506,0.3263483296670415,0.3202595315718874,0.3425136137320189,0.3502241321418618,0.3233072835588105,0.3197595315718874,2025,718,0.0065887980951540946,-0.018500673754833177,0.03086191429509678,0.012582837536605995,0.015658818570512018,-0.02410192234349643,0.03727951853380462,2024,0.30125885781705425,0.3506214458669842,0.29565760922839096,0.35703905010569204,0.2869766387365005,0.3657200205975826,0.2764967035879121,0.37619995574617093
678877,156.0,0.2147435866869413,0.3181103080604778,0.3169595315718874,0.3311334306126824,0.3157148037556158,0.320895518589425,0.3197595315718874,2025,222,-0.0016492235114095553,-0.02687773360234577,0.024280403212390174,0.013101811212813261,0.020568404576218623,-0.04196255570024689,0.03866410867742778,2024,0.2928817979695416,0.3440399347842776,0.27779697587164054,0.35842364024931517,0.27031302984598105,0.36590758627497466,0.22824809066272572,0.40797252545823
663457,583.0,0.3094991316861233,0.3280364281958808,0.3336595315718874,0.3457632277220949,0.3399291663408952,0.3291350222950107,0.3197595315718874,2025,402,0.008276896623993458,-0.015532451245515418,0.03255299429154393,0.012573995350193167,0.0182115142732521,-0.027417015455517793,0.04397080870350471,2024,0.30422708032637197,0.3523125258634313,0.29234251611636963,0.36373034027539214,0.28466119810167173,0.37141165829009,0.27326444490883395,0.38280841148292777
681393,337.0,0.3215773760208061,0.3127954440258441,0.3072595315718874,0.3257077483459033,0.3084127341067774,0.3186984292800168,0.3197595315718874,2025,194,-0.006964087546043312,-0.0308647737287997,0.018800350398506437,0.012738679312088786,0.020987588136956104,-0.04809900441683737,0.03417082932475074,2024,0.2888947578430877,0.33855988197039383,0.27166052715505007,0.35393036089663815,0.26467632012556125,0.3609145679261269,0.24440054096352265,0.3811903470881655
656811,555.0,0.3581967156224346,0.3285887820492127,0.3368595315718874,0.3343888254613806,0.3273559669602636,0.3339834991523821,0.3197595315718874,2025,494,0.008829250477325301,-0.016460961872010148,0.0357485898810503,0.013121205583548278,0.01729375535286573,-0.025065887171738306,0.04272438812638891,2024,0.3032985696998773,0.3555081214529377,0.2946936444001491,0.3624839196982763,0.2860417599003772,0.3711358041980482,0.27416573244075443,0.383011831657671
681351,451.0,0.2786666626400417,0.3198540879289882,0.3144595315718874,0.3308213598269313,0.3211229675087566,0.319404202312288,0.3197595315718874,2025,520,9.455635710075953e-05,-0.026274801052499255,0.024517836253084926,0.012897003409235584,0.017014733580294282,-0.03325370866682028,0.0334428213810218,2024,0.29348473051938817,0.3442773678249723,0.28650582290506715,0.3532023529529092,0.27800833562451455,0.3616998402334618,0.2620339585013597,0.37767421735661666
641933,209.0,0.3019230732550987,0.3405968826075776,0.3567595315718874,0.3358877640340579,0.3239834243910136,0.3427644061292155,0.3197595315718874,2025,468,0.020837351035690243,-0.006702444261324633,0.049744926935223394,0.014663938348958768,0.01752368462627252,-0.013508439708242132,0.05518314177962262,2024,0.31305708731056275,0.3695044585071108,0.3062510918636453,0.37494267335151005,0.29581221546389075,0.38538154975126454,0.263175779283478,0.41801798593167727
660271,811.0,0.4235408519492539,0.3950615321774917,0.4270595315718874,0.405900944147925,0.4036261268622831,0.3906472092894486,0.3197595315718874,2025,797,0.07530200060560427,0.04730940082071543,0.10318948185988268,0.014384848809755818,0.015125149920801776,0.04565725150006394,0.1049467497111446,2024,0.36706893239260285,0.4229490134317701,0.36541678307195136,0.424706281283032,0.3541506449292883,0.43597241942569503,0.3490233749618048,0.44109968939317856
621566,724.0,0.3698335597485345,0.3314236819230103,0.3385595315718874,0.3630709457617342,0.3599765697404761,0.3353504653096499,0.3197595315718874,2025,684,0.011664150351122893,-0.014051168843967626,0.03778884514825896,0.013124768407870514,0.015897723584560135,-0.01949481531078798,0.04282311601303376,2024,0.3057083627279198,0.3575483767201464,0.3002647162610994,0.3625826475849212,0.2910181242281886,0.371829239617832,0.2828369384135718,0.3800104254324488
687401,529.0,0.273988434459892,0.3251334799826785,0.3160595315718874,0.3212823234001831,0.3153485509159486,0.3210416893028357,0.3197595315718874,2025,517,0.005373948410791111,-0.01856153343374265,0.03079221718077978,0.012385457550932923,0.017037733512785022,-0.02801939565245863,0.03876729247404086,2024,0.30119799813814474,0.3505517487526672,0.29174013591942877,0.3585268240459283,0.28384917890149464,0.36641778106386236,0.27020433872334254,0.38006262124201445
681546,148.0,0.255067565151163,0.2961603816152693,0.2410595315718874,0.3264163863589714,0.3261134843916218,0.3013065819455224,0.3197595315718874,2025,156,-0.02359914995661805,-0.04321023318934987,-0.0035486481584869898,0.010202956330495781,0.021702922264183164,-0.06613609595368954,0.01893779604045344,2024,0.27654929838253756,0.3162108834134004,0.2536234356181979,0.33869732761234084,0.2491573087463317,0.34316345448420704,0.2033805526038306,0.38894021062670814
542303,592.0,0.3439625799655914,0.3658198052886972,0.3889595315718874,0.3609554142339523,0.3539394050531446,0.3652055425632809,0.3197595315718874,2025,693,0.04606027371680975,0.01928086658946426,0.0742638797862205,0.013968269381802553,0.015673895185688787,0.015340003655403982,0.07678054377821551,2024,0.3390403981613517,0.3940234113581079,0.3350995352272914,0.39654007535010294,0.32467066414289164,0.4069689464345027,0.3144056903317691,0.4172339202456252
681624,679.0,0.3246996950458836,0.313071794896693,0.3116595315718874,0.3265553823781851,0.3114948421850785,0.3184654928593203,0.3197595315718874,2025,460,-0.0066877366751943975,-0.03172904577649989,0.01991791749057476,0.01290210756266104,0.017550315528745433,-0.04108572302884948,0.027710249678460686,2024,0.28803048579538754,0.33967744906246217,0.2786738085430379,0.3474697812503481,0.2703788502293066,0.35576473956407945,0.2614470057871123,0.36469658400627375
686780,389.0,0.288350780908974,0.3085103753827584,0.2863595315718874,0.3119002765731904,0.3027723920522621,0.3115654815755662,0.3197595315718874,2025,215,-0.011249156189128993,-0.03537523512150431,0.012062160641835497,0.012054889059881042,0.02064583756338468,-0.051714254244027154,0.029215941865769167,2024,0.2843842964503831,0.33182169221372293,0.26804527732786027,0.34897547343765656,0.26165243793485604,0.35536831283066084,0.24351746844977215,0.3735032823157447
641943,145.0,0.2811188764505453,0.3106748543508991,0.3064595315718874,0.3106634838500231,0.297876667723645,0.3193674229733372,0.3197595315718874,2025,76,-0.009084677220988307,-0.025687363618082774,0.009066678859965255,0.008853917556949331,0.023421820022974063,-0.05499060091839657,0.03682124647641996,2024,0.29407216795380464,0.3288262104318527,0.26476893065349083,0.35658077804830735,0.26159845556677486,0.3597512531350233,0.21556059891525647,0.4057891097865417
670623,438.0,0.3611238482621832,0.3302065515451968,0.3272595315718874,0.3497439780678941,0.3428344486590013,0.3275966849179017,0.3197595315718874,2025,639,0.010447019973309359,-0.011958409683153154,0.03474063008584895,0.012001362854244605,0.015962131409366413,-0.020838182705544384,0.0417322226521631,2024,0.30780112188873426,0.35450016165773635,0.29892134886634303,0.3614917542240505,0.2910650182035538,0.3693480848868398,0.27296982219420973,0.38744328089618385
677347,140.0,0.301438845318856,0.3042005509762905,0.2173595315718874,0.3029841433916206,0.29020827212017,0.3096105874589675,0.3197595315718874,2025,58,-0.015558980595596872,-0.028651946192467165,-0.0012529982016739934,0.007070683009442418,0.023873755929447106,-0.06235068239301276,0.031232721201819018,2024,0.2911075853794203,0.3185065333702134,0.25740884917887463,0.35099225277370644,0.25539977850536255,0.3530013234472186,0.2073673661872053,0.4010337357653758
686469,682.0,0.3498518473130685,0.3147036033580963,0.3147595315718874,0.3357729340497011,0.3279483794178526,0.3217362393316542,0.3197595315718874,2025,578,-0.00505592821379112,-0.029323590440849073,0.02050363897782962,0.012900987097248582,0.01664902432108358,-0.03768741626084636,0.027575559833264124,2024,0.2904359411310383,0.34026317054971705,0.28207211531104104,0.3473350914051515,0.27342202139821564,0.3559851853179769,0.2643032780874421,0.36510392862875046
688363,184.0,0.3024590122895162,0.3030694117031789,0.1746595315718874,0.3111773950804841,0.299406906450942,0.3105638779246175,0.3197595315718874,2025,32,-0.01669011986870851,-0.02812993405789094,-0.0025420833790624387,0.006624983394876414,0.024576548014605196,-0.06485926884165406,0.03147902910423704,2024,0.2916295975139965,0.317217448192825,0.25490026273023336,0.35123856067612447,0.2531808348930388,0.35295798851331905,0.2148152876262149,0.3913235357801429
592626,306.0,0.2835526278144435,0.3525335584197686,0.3857595315718874,0.3604726388101655,0.354940898794192,0.3589876629922235,0.3197595315718874,2025,442,0.03277402684788121,0.006141949279825162,0.06041057401490045,0.013797037587756175,0.017780135898627526,-0.0020743991536564532,0.06762245284941887,2024,0.32590148085171255,0.3801701055867879,0.31768513241823093,0.3873819844213063,0.3084238524727364,0.39664326436680086,0.28543158159486237,0.4196355352446749
665161,543.0,0.373654910938638,0.31761827672217,0.3102595315718874,0.3259441290631871,0.3220394365050512,0.3185480703323272,0.3197595315718874,2025,649,-0.0021412548497173702,-0.025184049924891126,0.02148029819564269,0.012205361358290945,0.01599790947279058,-0.03349658124431907,0.02921407154488433,2024,0.29457548164699626,0.3412398297675301,0.2862629503275683,0.3489736031167717,0.2781794397303314,0.35705711371400867,0.2643621925787807,0.37087436086555936
672724,265.0,0.2249999962972872,0.314256403869436,0.3103595315718874,0.3164921288586469,0.3028252405230223,0.3199388051444393,0.3197595315718874,2025,11,-0.005503127702451439,-0.012864014770036073,0.0047538389288282,0.004763376850526671,0.0251920194468526,-0.05487857851611519,0.04387232311121231,2024,0.30689551680185134,0.3245133705007156,0.2648809530557722,0.3636318546830997,0.26400606140314187,0.3645067463357301,0.23529471892605852,0.39321808881281345
672695,720.0,0.3831452693690366,0.3129623620465062,0.3151595315718874,0.3201012426221332,0.2992761837162917,0.324525244077478,0.3197595315718874,2025,381,-0.006797169525381218,-0.029403809336470285,0.01633650145429551,0.011626029464555303,0.018383158973987106,-0.042827499036470235,0.0292331599857078,2024,0.2903557222354171,0.3360960330261829,0.2769320325354172,0.3489926915575952,0.27033122623942696,0.3555934978535854,0.2610422676054948,0.36488245648751755
521692,641.0,0.3167452793451225,0.3309617208207605,0.3356595315718874,0.3236607380718128,0.3219164939091852,0.3329118327256978,0.3197595315718874,2025,665,0.011202189248873114,-0.013604327025707444,0.03621757344463998,0.0128163685255097,0.01588832493651992,-0.01993835540137557,0.0423427338991218,2024,0.30615520454617995,0.3559771050165274,0.29982117617051185,0.3621022654710092,0.29095261102860204,0.370970830612919,0.2805684544297033,0.38135498721181776
672761,403.0,0.3144278567821825,0.3126999487551864,0.3002595315718874,0.3209665669326162,0.308633877263038,0.3158675377753669,0.3197595315718874,2025,438,-0.0070595828167009725,-0.030540389114800785,0.01888293735223752,0.012874369844048534,0.017776462354216146,-0.04190080880349672,0.027781643170094773,2024,0.28921914245708663,0.3386424689241249,0.2778587227683907,0.3475411747419822,0.2696809934143083,0.35571890409606455,0.2517843852378082,0.3736155122725646
663368,189.0,0.3002659529447555,0.3063298882867685,0.2897595315718874,0.3088899395671599,0.3002728798286886,0.3109234465148462,0.3197595315718874,2025,441,-0.013429643285118933,-0.03520242867970724,0.00919064540313071,0.011388320890619327,0.017690907649214688,-0.048103185131403874,0.021243898561166007,2024,0.28455710289218017,0.3289501769750181,0.27165634644048353,0.3410034301330534,0.2650931558914885,0.34756662068204847,0.22554555766493894,0.38711421890859804
502054,449.0,0.3217342290523889,0.3166424958523882,0.3047595315718874,0.312825785600509,0.3131389478979062,0.3156819430682843,0.3197595315718874,2025,493,-0.0031170357194992542,-0.025777390791621228,0.020295995340600642,0.011783162950087082,0.01717009894366355,-0.036769811260069035,0.030535739821070523,2024,0.2939821407802662,0.3400555269124881,0.28298972031181835,0.3502952713929579,0.2758274410772433,0.3574575506275331,0.25856058991276565,0.3747244017920107
593871,576.0,0.3474650307968779,0.3075508957685825,0.2815595315718874,0.3171300500787218,0.3144286402294389,0.3077589999622908,0.3197595315718874,2025,466,-0.012208635803304883,-0.03613034977666735,0.011432630153947285,0.01240651481661627,0.01748005595445286,-0.046468915921777404,0.022051644315167637,2024,0.28362918179522006,0.3311921617258347,0.27329061565011004,0.34181117588705506,0.2655383938218705,0.34956339771529454,0.25350779957301317,0.3615939919641519
595777,371.0,0.3563685588397308,0.3410661092585584,0.3529595315718874,0.3350607180297282,0.3216435770109594,0.3482918327682677,0.3197595315718874,2025,687,0.02130657768667107,-0.0018635462995707152,0.04708204563071834,0.012546255996596839,0.015668518110836815,-0.009403153501682651,0.05201630887502479,2024,0.3178959852723167,0.36684157720260574,0.3103563780702048,0.3717758404469122,0.30172445179094187,0.38040776672617505,0.28060753328902144,0.4015246852280955
678882,599.0,0.3102348952885442,0.3116586412841706,0.3027595315718874,0.31883532890638,0.3044702198378153,0.3133023443975107,0.3197595315718874,2025,568,-0.008100890287716798,-0.03207810157297153,0.017989768458432663,0.012995101324699247,0.016670157893130595,-0.040773799374848874,0.024572018799415275,2024,0.2876814299989159,0.33774930003032005,0.27898573219703854,0.3443315503713027,0.27023115823787236,0.3530861243304688,0.25924363816491075,0.36407364440343043
663728,759.0,0.3966170462284423,0.3241338392531731,0.3118595315718874,0.3306572754516232,0.3302198470875874,0.3234903573574637,0.3197595315718874,2025,623,0.004374307681285633,-0.020448492632656058,0.0299396183633162,0.013186886234825453,0.01615705870909113,-0.0272929454846322,0.03604156084720347,2024,0.29931103893923133,0.3496991499352036,0.29246658608725523,0.35580109241909086,0.28325815647595276,0.3650095220303934,0.27587912351817273,0.3723885549881734
670042,224.0,0.2959275971171003,0.3366511870756917,0.3391595315718874,0.3408889534608388,0.3417220141653077,0.3329567102451151,0.3197595315718874,2025,451,0.01689165550380433,-0.009273873090503848,0.04392725554535232,0.013712109681266606,0.017731773065822787,-0.01786198108724571,0.05164529209485437,2024,0.31048565848138354,0.36368678711723973,0.30189755048464173,0.37140482366674177,0.2927183537735277,0.3805840203778558,0.2611540566278095,0.412148317523574
608070,685.0,0.3714069542834329,0.3404665102449886,0.3507595315718874,0.3531426440293603,0.347057411985298,0.3480199381826205,0.3197595315718874,2025,708,0.020706978673101162,-0.00669396756034948,0.05032732057749954,0.014326624806405267,0.015510990453427442,-0.009694003980161226,0.051107961326363555,2024,0.31306556401153796,0.37008685214938697,0.3100655275917262,0.37086749289825094,0.2990818810060029,0.38185113948397426,0.2915468106483802,0.389386209841597
671218,695.0,0.3238026074124351,0.3367347613329197,0.3416595315718874,0.3394371642674029,0.3254804719851427,0.335211739826166,0.3197595315718874,2025,512,0.016975229761032308,-0.008834539773400988,0.04497677533491673,0.013796058567888118,0.017100650869608554,-0.01654143005559401,0.05049188957765863,2024,0.3109249917984864,0.36473630690680414,0.3032181015162934,0.370251421149546,0.29367066868815983,0.37979885397767965,0.2860282701564996,0.38744125250933986
592663,567.0,0.3173144828304385,0.3289552319823389,0.3316595315718874,0.3368311120089288,0.3393390791935449,0.3281749621290317,0.3197595315718874,2025,427,0.00919570041045152,-0.015646137567033473,0.03432812922723705,0.012724188277273757,0.01791627864495461,-0.0259195604706436,0.044310961291546644,2024,0.30411339400485393,0.35408766079912446,0.2938399711012438,0.36407049286343407,0.2858851401371184,0.3720253238275595,0.2741127356554542,0.3837977283092237
608701,215.0,0.3621495279753319,0.3333139559311592,0.3519595315718874,0.3408517263206714,0.333330866189729,0.3368255200980852,0.3197595315718874,2025,304,0.013554424359271854,-0.011258928363785418,0.040078557802371906,0.013122668731641212,0.019346083455794718,-0.024363202455991977,0.05147205117453568,2024,0.308500603208102,0.3598380893742593,0.2953963291158954,0.3712315827464231,0.28749624464268914,0.3791316672196294,0.25509768433218155,0.41153022753013696
592669,108.0,0.2212962927641692,0.3092150348759242,0.3011595315718874,0.3189472552177539,0.3207459823601603,0.3135133947268242,0.3197595315718874,2025,430,-0.010544496695963208,-0.03528243163499287,0.014492932992390108,0.012816287998060961,0.01787989166354971,-0.04558844040399859,0.02449944701207218,2024,0.2844770999368945,0.33425246456427754,0.27417109116788885,0.3442589785839596,0.2660981541146833,0.35233191563716515,0.20652705243469016,0.4119030173171583
650859,541.0,0.2886617050738139,0.3227634459272698,0.3291595315718874,0.3344997964251059,0.3231958269293702,0.3282261889777402,0.3197595315718874,2025,303,0.0030039143553824005,-0.018406050277428768,0.027172173331355718,0.011769919363949471,0.01937690810756508,-0.034974127667187334,0.040981956377952135,2024,0.30135348129445866,0.34693170490324315,0.2847854039047001,0.36074148794983957,0.2783281804863793,0.3671987113681603,0.2652983595029298,0.3802285323516098
668804,654.0,0.321165639838558,0.3320355101040459,0.3458595315718874,0.3500018183187053,0.3350945803077873,0.3439052718314107,0.3197595315718874,2025,687,0.012275978532158543,-0.013311412037752431,0.03724571163899913,0.012811856454593738,0.015706906514020083,-0.01850899254385839,0.043060949608175476,2024,0.306448119534135,0.35700524321088656,0.301250539028029,0.3628204811800629,0.2923081193383531,0.37176290086973884,0.28217310660055617,0.3818979136075358
700250,551.0,0.3622727232629603,0.3012602022094303,0.2706595315718874,0.3072998642730634,0.2997974714536279,0.3082671792983789,0.3197595315718874,2025,178,-0.01849932936245712,-0.04144314310304793,0.005348834925742117,0.01179734588811331,0.021319169165517935,-0.060284133107189115,0.023285474382274872,2024,0.2783163884688395,0.32510836649762953,0.2594753984646983,0.34304500595416226,0.25350442811217777,0.3490159763066828,0.24149299352767922,0.36102741089118134
663586,447.0,0.3242152420127338,0.332014192977131,0.3445595315718874,0.3619552487205167,0.3552105248074768,0.3351377290700827,0.3197595315718874,2025,467,0.012254661405243568,-0.013841182495461441,0.03885905550875807,0.013739055645424963,0.017467214236060322,-0.02198044940767998,0.046489772218167115,2024,0.30591834907642595,0.3586185870806455,0.29777908216420745,0.36624930379005455,0.2884577592631282,0.3755706266911337,0.273507200683247,0.3905211852710149
660844,132.0,0.3249999939492254,0.3096861694812605,0.2712595315718874,0.3133218989033408,0.3048358006740671,0.3143925518264603,0.3197595315718874,2025,84,-0.010073362090626918,-0.024768070539599677,0.0058907420331769204,0.007722314476204686,0.02321718103691198,-0.05557820074552071,0.03543147656426687,2024,0.29499146103228774,0.3256502736050643,0.2641813308263667,0.3551910081361543,0.26173022681025054,0.35764211215227043,0.21123069386076387,0.4081416451017571
656896,127.0,0.2692913328568766,0.3055425123806468,0.2886595315718874,0.3075915307038731,0.3001884538878707,0.3101429597123136,0.3197595315718874,2025,302,-0.014217019191240571,-0.03573175726909877,0.009331386284239209,0.01166245949096986,0.01931155033135525,-0.0520669623263294,0.023632923943848264,2024,0.28402777430278864,0.3290909178561266,0.267692569245558,0.34339245551573566,0.2613259274204119,0.3497590973408818,0.20881858364617017,0.4022664411151235
673357,431.0,0.3079999951755299,0.308966919923576,0.2917595315718874,0.3375445413961112,0.3321004289814854,0.3095290028181681,0.3197595315718874,2025,422,-0.010792611648311419,-0.03476849374367112,0.015000583837405965,0.012697818376786192,0.017958740338688006,-0.04599109591984656,0.024405872623223725,2024,0.2849910378282163,0.3347601154092934,0.27376843565204084,0.34416540419511116,0.26585880770734854,0.35207503213980346,0.24918796563757153,0.3687458742095805
645302,149.0,0.285234894528485,0.3472139065455822,0.3685595315718874,0.3313391755934406,0.3195331030357815,0.342045743697484,0.3197595315718874,2025,288,0.027454374973694868,0.005122933249420102,0.05162591748994512,0.012085849907824867,0.01952634675631717,-0.010816561418327288,0.06572531136571702,2024,0.3248824648213075,0.3713854490618325,0.30894297015356015,0.38548484293760443,0.30220526417432575,0.3922225489168388,0.25656215213877265,0.4378656609523919
677587,392.0,0.2865633031194524,0.2999416124320965,0.2834595315718874,0.3115229312062851,0.2985315960602905,0.3072714588004686,0.3197595315718874,2025,476,-0.019817919139790863,-0.041670369500179105,0.00384519786140345,0.0118312441475073,0.017360099377690726,-0.05384308868810089,0.014207250408519168,2024,0.2780891620717083,0.3236047294332909,0.2659164428837865,0.3339667819804066,0.25876597419409475,0.34111725067009835,0.2389123560547704,0.3609708688094227
663898,128.0,0.2765624951571226,0.3112153990798681,0.3183595315718874,0.3249591711582268,0.3053498675553655,0.3218770131247411,0.3197595315718874,2025,535,-0.00854413249201926,-0.03240962201006038,0.016865883278618415,0.012557477114002841,0.016871081439272184,-0.04161084449323492,0.024522579509196396,2024,0.28734990956182704,0.33662541485050584,0.2781486870786525,0.3442821110810838,0.2699944338657433,0.35243636429399305,0.21658765484328368,0.40584314331645266
677594,765.0,0.3543593085111368,0.3419319146063081,0.3339595315718874,0.3624943343138357,0.3610648834240726,0.3314975540737829,0.3197595315718874,2025,612,0.02217238303442071,-0.0021457106381853187,0.047191427051871904,0.012335167105023423,0.016271550901636907,-0.00971927070539787,0.054064036774239294,2024,0.3176138209337021,0.3669509586237593,0.31004026086648956,0.37382356834612673,0.3019121704601624,0.38195165875245385,0.29363716770904474,0.3902266615035715
668670,143.0,0.2890845033484445,0.301869220642237,0.2709595315718874,0.299732096896642,0.3008626658749672,0.3004862604141685,0.3197595315718874,2025,360,-0.017890310929650377,-0.041136841963837864,0.006541636418963262,0.012473431606960716,0.01862713489405134,-0.05439882445716032,0.018618202597859568,2024,0.27862268960804953,0.3263011679908507,0.2653607071147271,0.338377734169747,0.2579311883964242,0.34580725288804987,0.21038537829261672,0.39335306299185735
679032,172.0,0.262797614293439,0.3020188796231464,0.2780595315718874,0.3052812681876556,0.2953348177610013,0.3033685266690153,0.3197595315718874,2025,361,-0.017740651948740953,-0.040393660747129134,0.004206135984736048,0.011305701646904538,0.0186197953971375,-0.05423478032663513,0.01875347642915322,2024,0.2793658708247583,0.3239656675566235,0.26552475124525227,0.3385130080010406,0.2593242381858147,0.3447135210604782,0.21727296641494795,0.3867647928313449
668942,211.0,0.2553140054578366,0.3076212868309851,0.2885595315718874,0.3084521003593636,0.3116160810483763,0.307591850307521,0.3197595315718874,2025,472,-0.012138244740902254,-0.03432713063881997,0.010900564975355995,0.011704540501343612,0.01751373072486081,-0.046464526196562016,0.022188036714757504,2024,0.28543240093306743,0.33066009654724343,0.2732950053753254,0.3419475682866449,0.2663349801177514,0.3489075935442189,0.23050414586165652,0.3847384278003138
500743,337.0,0.3222910167632088,0.3171800913002408,0.3204595315718874,0.2998385883050328,0.2981368379988046,0.3233404767206642,0.3197595315718874,2025,345,-0.0025794402716466454,-0.027092325873648713,0.02150308659760222,0.012325552681691263,0.018810995907080446,-0.03944831476285469,0.0342894342195614,2024,0.2926672056982387,0.3412626181694896,0.2803112168090327,0.3540489657914488,0.2731016901835519,0.36125849241692964,0.2512627545428622,0.38309742805761937
667670,699.0,0.3556834489321537,0.3687515441196596,0.3919595315718874,0.3651868529264591,0.3592271383900657,0.3648298470737351,0.3197595315718874,2025,608,0.04899201254777223,0.02157800989765906,0.07772449152549274,0.01414423884699989,0.01628625251366058,0.017071544177872572,0.08091248091767189,2024,0.3413375414695465,0.3974840230973802,0.33683107574976,0.4006720124895593,0.3264734575579935,0.4110296306813258,0.3191691562290061,0.4183339320103132
666163,138.0,0.2499999954844966,0.3077287792526212,0.2848595315718874,0.2984640502484055,0.2966143062479695,0.3082703022553479,0.3197595315718874,2025,326,-0.012030752319266175,-0.03260019930396164,0.009030025866267898,0.010836232172011392,0.01908450586047043,-0.04943569646853181,0.025374191829999462,2024,0.2871593322679258,0.3287895574381553,0.2703238351033556,0.34513372340188686,0.26471472306654875,0.35074283543869367,0.21450595737641898,0.40095160112882344
642708,201.0,0.3284999951720238,0.318116935066852,0.3138595315718874,0.3187559221015318,0.3174385029683238,0.3197133006580936,0.3197595315718874,2025,346,-0.0016425965050353968,-0.02373023759928778,0.02255536060974897,0.01171088951963038,0.01876849836805571,-0.03842817735032337,0.03514298434025257,2024,0.29602929397259964,0.34231489218163635,0.281331354221564,0.35490251591214,0.2747577887189191,0.36147608141478493,0.23837240218963213,0.3978614679440719
660688,267.0,0.2796992428768846,0.2865491493469398,0.2600595315718874,0.3056491054379333,0.2920711475558679,0.2960597405993314,0.3197595315718874,2025,484,-0.03321038222494755,-0.056722607971704336,-0.01011880971557473,0.012026790290707136,0.01730981426456578,-0.06713699476257416,0.0007162303126790615,2024,0.26303692360018305,0.3096407218563127,0.25262253680931324,0.3204757618845665,0.24523743434121928,0.32786086435266043,0.21640939212766008,0.35668890656621965
668939,365.0,0.3049315026361648,0.3097759122433223,0.3033595315718874,0.3397680761455536,0.3286520208457998,0.3179670998820472,0.3197595315718874,2025,643,-0.009983619328565126,-0.033915957983657964,0.014819100189663845,0.012630229651094648,0.01597275109762172,-0.04128963621392631,0.02132239755679606,2024,0.2858435735882294,0.3345786317615513,0.2784698953579611,0.34108192912868346,0.26986517959864087,0.3496866448880037,0.24864652627065004,0.37090529821599455
695336,295.0,0.2886054371895433,0.3067937381311695,0.2377595315718874,0.3176361779337204,0.3006940872595171,0.3123342410452062,0.3197595315718874,2025,52,-0.012965793440717873,-0.025690075331391806,0.0018153221045193197,0.007126655446905185,0.024025546322832467,-0.060054998942368244,0.034123412060932494,2024,0.29406945624049563,0.32157485367640676,0.25970453262951915,0.3538829436328199,0.25767655209901885,0.35591092416332026,0.23177194828493858,0.38181552797740054
596142,101.0,0.3229999953508377,0.3181317719431648,0.3063595315718874,0.3127217379866293,0.3092940105346818,0.3176279347947501,0.3197595315718874,2025,287,-0.001627759628722648,-0.026378096856410158,0.023280889305261256,0.012920052333691796,0.01956210176232051,-0.039968774544778374,0.036713255287333074,2024,0.29338143471547723,0.34304042087714864,0.27979075702710904,0.35647278685922046,0.27218311025095465,0.3640804336353749,0.21120893955827402,0.42505460432805553
660821,497.0,0.3117943505846685,0.3133520989432869,0.3208595315718874,0.3287573612963274,0.3131002823860243,0.3242981704268045,0.3197595315718874,2025,532,-0.006407432628600437,-0.031317654904170385,0.01929363485079175,0.013024595507669792,0.016968500290396857,-0.039665082069435725,0.02685021681223485,2024,0.28844187666771703,0.3390531664226792,0.28009444950245166,0.3466097483841223,0.2714267288286163,0.35527746905795765,0.25740001873231716,0.3693041791542568
691594,342.0,0.3133531117297775,0.3118611883960704,0.2781595315718874,0.3274351414943628,0.3064969513256365,0.3174728168820854,0.3197595315718874,2025,36,-0.007898343175817014,-0.019063082862042238,0.004046944458377007,0.005997396160729337,0.024458547069644707,-0.05583621454649832,0.04003952819486429,2024,0.3006964487098452,0.3238064760302644,0.26392331702538907,0.3597990597667517,0.26250318980773646,0.36121918698440436,0.2394721759981704,0.38425020079397043
467793,474.0,0.2905919612336108,0.318028788936642,0.3179595315718874,0.3171276175920779,0.3154704304993849,0.3262610462698017,0.3197595315718874,2025,590,-0.0017307426352454218,-0.026611717795005086,0.02299744721340512,0.012597845651521044,0.016387739075054357,-0.0338501210103917,0.030388635739900857,2024,0.2931478137768823,0.34275697878529254,0.2859094105614957,0.35014816731178827,0.27751563136757706,0.3585419465057069,0.26186423748294924,0.37419334039033475
623993,237.0,0.2536016909752862,0.3271349919318,0.3312595315718874,0.3403925792643107,0.331731081020263,0.3347469813255308,0.3197595315718874,2025,669,0.007375460359912642,-0.016889091822401284,0.035058205017991964,0.013610432197286769,0.015781211793804078,-0.023555146388342094,0.03830606710816738,2024,0.30287043974948613,0.35481773658987936,0.2962043851835453,0.3580655986800548,0.28629005208057046,0.3679799317830297,0.25500797078582066,0.3992620130777795
694384,564.0,0.3376122027154029,0.3183705407465624,0.3169595315718874,0.3360550727020487,0.3239866983480831,0.3215288443932009,0.3197595315718874,2025,602,-0.0013889908253249946,-0.024102612434775975,0.02239059902510581,0.011990255461647744,0.01651612172201054,-0.033759994564745315,0.030982012914095323,2024,0.29565691913711145,0.34215013059699323,0.2859995370071421,0.3507415444859827,0.27836861679008473,0.3583724647030401,0.26515457325184616,0.37158650824127865
669477,348.0,0.3111271632544567,0.3165635921114444,0.3129595315718874,0.3044226349486384,0.2923578657149298,0.3204117030019837,0.3197595315718874,2025,113,-0.003195939460442949,-0.024569598567942046,0.020528647814324594,0.011668342981237144,0.022569442340698607,-0.047431233599365595,0.041039354678479696,2024,0.29518993300394536,0.34028817938621203,0.27232829797252184,0.3607988862503671,0.2667662353385221,0.3663609488843668,0.24693483024209312,0.3861923539807958
682177,425.0,0.2906175732895767,0.3041193632978138,0.2828595315718874,0.3073296966324501,0.3017173289788786,0.310459864804014,0.3197595315718874,2025,228,-0.015640168274073538,-0.037522503513439054,0.008220768932127347,0.011633450943412534,0.020441416697412326,-0.05570460879397739,0.024424272245830318,2024,0.28223702805844836,0.3279803005040148,0.26405492277791004,0.34418380381771774,0.25802108131976476,0.35021764527586297,0.24108993847518553,0.36714878812044216
676914,251.0,0.3609561701694808,0.2960689028288137,0.2711595315718874,0.3177444571069889,0.3101206888829254,0.2991189954601458,0.3197595315718874,2025,452,-0.023690628743073667,-0.047858320687265005,0.0005329299238415706,0.01247460388655667,0.017644328322381008,-0.05827287678634048,0.010891619300193143,2024,0.2719012108846224,0.320292461495729,0.26148665478554695,0.3306511508720806,0.2537165316442305,0.338421274013397,0.22392508822140716,0.36821271743622036
680474,213.0,0.277619042850676,0.3049842580720374,0.2835595315718874,0.3015472708981758,0.3017402024155246,0.3044432601289333,0.3197595315718874,2025,454,-0.014775273499849983,-0.03706215954321687,0.007905607473133265,0.011395739815238018,0.017615903577552824,-0.04930181006698381,0.01975126306728384,2024,0.2826973720286705,0.3276651390450207,0.2704577215049036,0.3395107946391713,0.263863160616065,0.34610535552800986,0.2280683008693823,0.3819002152746926
656941,742.0,0.3927989091076281,0.3416788809377439,0.3666595315718874,0.3543213967501213,0.3503069477485976,0.3498426496234582,0.3197595315718874,2025,707,0.021919349365856544,-0.004141402867262098,0.04813701825430963,0.013478782275817064,0.015750633454030463,-0.008951324937734876,0.05279002366944796,2024,0.3156181287046253,0.367896549826197,0.31080820663415254,0.3725495552413354,0.301047545221909,0.3823102166535789,0.29362605124728675,0.38973171062820117
687363,463.0,0.2790929155539622,0.2931073468781196,0.2364595315718874,0.2960711274068294,0.291134244301656,0.2990773366658321,0.3197595315718874,2025,155,-0.026652184693767768,-0.045805170560540884,-0.006038751476084655,0.010107638589356897,0.021715643423800442,-0.06921406370553071,0.015909694317995167,2024,0.2739543610113465,0.31372078009580273,0.2505454678663567,0.33566922588988257,0.2461608484075508,0.34005384534868843,0.2299824732744591,0.35623222048178016
608369,445.0,0.3750574661397385,0.3462192772929298,0.3656595315718874,0.3699756812741938,0.3643558858604941,0.347052936550509,0.3197595315718874,2025,520,0.026459745721042423,9.927631812668009e-06,0.05307477920898282,0.013648178984455835,0.01706902414038442,-0.006994926845355801,0.05991441828744065,2024,0.3197694592037001,0.37283431078087026,0.3127646047265316,0.37967394985932806,0.3033850110197997,0.38905354356606,0.28807843606040484,0.40436011852545484
543760,534.0,0.3041275749734374,0.3240669375531302,0.3125595315718874,0.3296417870080014,0.3321302533461648,0.3185192598762893,0.3197595315718874,2025,713,0.004307405981242794,-0.019450842301524753,0.028898776264607722,0.012269262113923143,0.015577181704387506,-0.02622330913999297,0.03483812110247856,2024,0.30030868927036264,0.34865830783649515,0.2935362224318944,0.354597652674366,0.28520310123304493,0.3629307738732155,0.27099707964805675,0.37713679545820367
657757,551.0,0.3301094845481162,0.3043099440261761,0.2917595315718874,0.3010083026342493,0.299547834460611,0.3087152181733857,0.3197595315718874,2025,497,-0.015449587545711229,-0.03770253020109482,0.008185797717789408,0.011984328160242082,0.017319072342964655,-0.04939434558356568,0.018495170492143227,2024,0.2820570013707926,0.32794532928967685,0.2703651859883217,0.33825470206403063,0.26303073925590303,0.3455891487964493,0.2497352611789924,0.3588846268733599
596103,160.0,0.3140127343736636,0.3013419839877155,0.2754595315718874,0.3210809301753959,0.3171137165866491,0.3090237771493635,0.3197595315718874,2025,214,-0.018417547584171873,-0.03807281703558593,0.0023214667190455587,0.010070156572238621,0.020623366908852855,-0.05883860396547862,0.022003508797134867,2024,0.28168671453630145,0.32208099829093295,0.2609209276064088,0.3417630403690223,0.2563595800928267,0.3463243878826044,0.21233263712814543,0.3903513308472857
642086,225.0,0.3334821374820811,0.3110213310611162,0.3101595315718874,0.3117396356782809,0.3020184769578835,0.3198305449251848,0.3197595315718874,2025,306,-0.008738200510771215,-0.03270569122017417,0.016828278998081377,0.012550798866019728,0.01931708802159321,-0.04659899731928399,0.029122596297741565,2024,0.2870538403517132,0.3365878105699688,0.27316053425260345,0.34888212786962897,0.2658709563950353,0.3561717057271971,0.23417423005105642,0.38786843207117594
669701,563.0,0.3227109462825357,0.3258285582907239,0.3254595315718874,0.3178324436989315,0.3076305640132661,0.3265710483377547,0.3197595315718874,2025,589,0.006069026718836471,-0.01723638893328054,0.030312053249093533,0.011920194187871373,0.016519454490784558,-0.02630850912734972,0.03844656256502266,2024,0.30252314263860686,0.35007158482098094,0.2934510224445377,0.35820609413691007,0.28590185462018125,0.3657552619612665,0.2725788542401774,0.37907826234127034
656976,288.0,0.3545296119480598,0.3325067080327796,0.3803595315718874,0.3280376309166885,0.3172749593285166,0.33773320483516,0.3197595315718874,2025,158,0.012747176460892212,-0.011912271747866006,0.03795703344191033,0.012868119126044032,0.021659568437585233,-0.029704797597455333,0.05519915051923976,2024,0.3078472598240214,0.3577165650137977,0.2900547339744321,0.37495868209112715,0.28312785156202064,0.38188556450353855,0.2597334367948771,0.4052799792706821
669257,502.0,0.3798979536611206,0.3187045694711811,0.3215595315718874,0.3370521632623101,0.3342827467655399,0.3238239634106931,0.3197595315718874,2025,601,-0.0010549621007062884,-0.026325622613530355,0.023222414362748526,0.012850379827836366,0.016343997989529787,-0.033088609523579726,0.030978685322167146,2024,0.2934339089583571,0.34298194593463593,0.2866709220483077,0.35073821689405454,0.2779552952374339,0.3594538437049284,0.2636541051642938,0.3737550337780685
691016,624.0,0.3577419306962721,0.3231235122722421,0.3248595315718874,0.3169642928971015,0.3006742667595981,0.3247770220688106,0.3197595315718874,2025,212,0.003363980700354697,-0.019816483675126485,0.02944937143647548,0.012931263847510133,0.020705436599533212,-0.03721792931890788,0.043945890719617284,2024,0.2999430478967609,0.3492089030083629,0.28254160225297953,0.3637054222915047,0.27527739553839253,0.3709696290060917,0.26603231538796007,0.38021470915652417
686765,111.0,0.3168181766163219,0.3086629687623491,0.2772595315718874,0.3149473576424828,0.302622718298618,0.3154697550719986,0.3197595315718874,2025,86,-0.011096562809538298,-0.026647689570867182,0.0062209387010714965,0.008390985540656771,0.023171394438300377,-0.056511661380178754,0.03431853576110215,2024,0.29311184200102025,0.3259804702729589,0.26324787019170864,0.3540780673329896,0.2603617983521124,0.35696413917258585,0.203176140009373,0.4141497975153252
456781,179.0,0.284357536771444,0.3225732709401868,0.3240595315718874,0.3240483586655056,0.3235300854322816,0.3242850937436101,0.3197595315718874,2025,322,0.0028137393682993797,-0.019973293500837215,0.02739652523673357,0.01230042174938296,0.01909781872137243,-0.034617297508865365,0.040244776245464124,2024,0.2997862380710502,0.347156056808621,0.285142234063022,0.36000430781735154,0.2780502804449966,0.367096261435377,0.2387737597322258,0.40637278214814776
624585,315.0,0.3114285671521747,0.3357723236213373,0.3425595315718874,0.3405678449913391,0.3364552594302027,0.3361354522325138,0.3197595315718874,2025,581,0.016012792049449956,-0.008242538342313189,0.041756076821001714,0.012825701188784275,0.016418724528828848,-0.016167316699138956,0.04819290079803887,2024,0.3115169932295742,0.3615156083928891,0.30359221487274846,0.36795243236992625,0.29493760751815673,0.376607039724518,0.2707348610249106,0.4008097862177641
624641,264.0,0.3392307645999468,0.3233029577541056,0.3252595315718874,0.3210229905895311,0.3113045977644756,0.3257373745477969,0.3197595315718874,2025,277,0.0035434261822181925,-0.020699218654297566,0.028421872271734473,0.012667387484261586,0.019699647217426737,-0.0350671728720829,0.04215402523651929,2024,0.29906031291758983,0.3481814038436219,0.2846923586998045,0.3619135568084067,0.27739882683492634,0.3692070886732849,0.25048693253535903,0.3961189829728522
672820,544.0,0.3249537844534502,0.3025827384564598,0.2769595315718874,0.2943735415978161,0.2851091590689483,0.3031419954199377,0.3197595315718874,2025,365,-0.017176793115427635,-0.03910116425463919,0.007257227859793939,0.011865098233676607,0.01856833585967168,-0.05357006265322771,0.01921647642237244,2024,0.28065836731724825,0.32701675943168135,0.2661894689186597,0.33897600799425986,0.2593939346220915,0.34577154229082807,0.24624342959175258,0.35892204732116695
665742,715.0,0.40357142329216,0.3937638397984684,0.4297595315718874,0.4069671704493987,0.3950043698626354,0.3915709764896529,0.3197595315718874,2025,771,0.07400430822658104,0.047304624739271675,0.09966912800303165,0.013360500502548514,0.015275171425223867,0.04406552237546689,0.10394309407769518,2024,0.3670641563111591,0.41942865957491904,0.3638250539473543,0.4237026256495826,0.3539889391575283,0.4335387404394086,0.34576784758608436,0.44175983201085256
543807,661.0,0.4124048652532801,0.3136553047006675,0.3063595315718874,0.3230714585106191,0.3297141771187448,0.3154964999338104,0.3197595315718874,2025,611,-0.006104226871219854,-0.03110629152427997,0.017999312309070894,0.01257517514964898,0.016271264055340424,-0.03799531840262822,0.025786864660188518,2024,0.28865324004760745,0.3377588438809583,0.2817642131692592,0.34554639623207595,0.27335008264335514,0.35396052675797995,0.2632639032026209,0.3640467061987142
607732,129.0,0.1867187465541064,0.3261519179175982,0.3527595315718874,0.3005216675248028,0.2930190135677395,0.3349922476273027,0.3197595315718874,2025,277,0.006392386345710786,-0.01956952863632883,0.031106558254055647,0.012992289680284338,0.019706422177461904,-0.03223149138625594,0.04501626407767751,2024,0.3001900029355586,0.3508660898259431,0.2875280401856315,0.3647757956495649,0.2798891833534321,0.37241465248176425,0.22975757957956972,0.42254625625562664
519317,311.0,0.3866883073147241,0.3343143532779601,0.3430595315718874,0.3243367024830948,0.3271950343214921,0.3345267524431381,0.3197595315718874,2025,515,0.014554821706072772,-0.01266338813370219,0.04479094459227154,0.01462595300253307,0.017076635038980815,-0.01891476794746437,0.048024411359609914,2024,0.3070961434381852,0.3645504761641589,0.30084476362442303,0.3677839429314973,0.29024653571179665,0.3783821708441237,0.2683173080863321,0.40031139846958824
668715,577.0,0.3274869063761846,0.3244239332945997,0.3230595315718874,0.3420436856985265,0.3276202266658748,0.3258153031709121,0.3197595315718874,2025,653,0.004664401722712284,-0.01920230596262957,0.03082446499634541,0.012632810637344548,0.015959118269444135,-0.026614895310413417,0.035943698755837986,2024,0.30055722560925785,0.3505839965682328,0.293144636261474,0.3557032303277254,0.28453101679700016,0.3643168497921992,0.2722486868893574,0.37659917969984197
663886,350.0,0.3254310303720935,0.335278775862085,0.3454595315718874,0.3400493271660863,0.3283816980371111,0.3366278635106303,0.3197595315718874,2025,512,0.015519244290197638,-0.010673714173766644,0.042632830138984196,0.01347907810439699,0.0170842996002127,-0.017965367627311296,0.04900385620770657,2024,0.30908581739812074,0.36239236171087164,0.30179416394457614,0.368763387779594,0.29262720167505263,0.37793035004911746,0.27206406109577674,0.39849349062839334
596115,667.0,0.3305302982077454,0.3198282864671184,0.3242595315718874,0.3139768999930363,0.3114109600359755,0.3214002148673968,0.3197595315718874,2025,104,6.875489523101332e-05,-0.01789368591595792,0.020230709062862447,0.00989321792474223,0.022758100944109804,-0.04453630331175121,0.04467381310221323,2024,0.3018658456559295,0.33999024063474986,0.27522322826013623,0.36443334467410066,0.2711908839592288,0.36846568897500803,0.2606829618370426,0.37897361109719424
681082,574.0,0.3170175389239663,0.3002525749413675,0.2955595315718874,0.3165715615349234,0.3062065645404003,0.3107828996705724,0.3197595315718874,2025,581,-0.01950695663051996,-0.04147004788271269,0.0028546088175932308,0.011422642110231458,0.01661364129389543,-0.05206909521862243,0.013055181957582505,2024,0.2782894836891747,0.32261414038948066,0.267690436353265,0.3328147135294699,0.26073657891081004,0.3397685709719249,0.24721231622339426,0.3532928336593407
669065,457.0,0.3921460129518424,0.2957200919135581,0.2703595315718874,0.2954292130436561,0.2886079189334957,0.3060978317648704,0.3197595315718874,2025,208,-0.024039439658329272,-0.04607465797257461,-0.0008063308778801029,0.011455145985855016,0.020760770874536347,-0.06472980286370864,0.016650923547050087,2024,0.2736848735993128,0.3189532006940073,0.25502972870817875,0.3364104551189375,0.24924662309665,0.34219356073046625,0.2336115222889934,0.35782866153812287
553993,708.0,0.3510623195184864,0.3251775285945017,0.3360595315718874,0.3297807912966503,0.3374851124789702,0.3339777627287733,0.3197595315718874,2025,639,0.005417997022614298,-0.02104909296803805,0.030124965142710885,0.01297884504914802,0.01605185331087313,-0.026043057351817063,0.03687905139704566,2024,0.2987104386038494,0.3498844967145983,0.29371647422007036,0.3566385829689331,0.2847189906879309,0.36563606650107255,0.27607563310071925,0.3742794240882842
669261,178.0,0.2511299400679809,0.2909373599593891,0.2671595315718874,0.324989458982362,0.3134389975220699,0.3026006729266119,0.3197595315718874,2025,273,-0.028822171612498306,-0.052105224775403164,-0.0024909301890933505,0.012477869543937661,0.019805583616077475,-0.06764040219280673,0.009996058967810115,2024,0.2676543067964843,0.31726860138279406,0.25211912937908065,0.32975559053969755,0.24505752215878265,0.3368171977599956,0.20632228575781503,0.37555243416096323
673548,683.0,0.3524517048521169,0.3578388387068312,0.3657595315718874,0.3581063698089624,0.3561974173540816,0.3493042610887842,0.3197595315718874,2025,581,0.0380793071349438,0.012779565961090894,0.06374611118936135,0.013211618016906032,0.01649208322621692,0.005755417981521495,0.07040319628836611,2024,0.3325390975329783,0.38350564276124877,0.3255149495534089,0.3901627278602535,0.3164220746014702,0.3992556028121922,0.3076586390200452,0.4080190383936172
621020,674.0,0.3180722846503717,0.3239238488099852,0.3088595315718874,0.3234921727513534,0.3261571092280348,0.3168466528511313,0.3197595315718874,2025,590,0.004164317238097872,-0.021122977085360893,0.028852257514849763,0.012544868563003355,0.01643369386893466,-0.028045130877970764,0.036373765354166504,2024,0.29863655448652654,0.3486117890867372,0.29171440069391663,0.3561332969260539,0.283402333035254,0.36444536458471655,0.27362137136194775,0.37422632625802277
700242,326.0,0.2567901191888032,0.3040283567458344,0.2574595315718874,0.3052564193533232,0.2996045157262016,0.3059525859614549,0.3197595315718874,2025,145,-0.015731174826053,-0.03606290144721276,0.006033472424968564,0.010750575535712912,0.02191756678498454,-0.05868881635337404,0.027226466701268038,2024,0.28369663012467466,0.32579300399685596,0.2610707152185134,0.34698599827315546,0.2561813601200412,0.35187535337162756,0.23380095775534288,0.3742557557363259
665487,704.0,0.3628962482258634,0.3491611279995152,0.3751595315718874,0.3597611824884921,0.3447376863362643,0.3504048567469551,0.3197595315718874,2025,467,0.029401596427627855,0.0002780517292774974,0.0576667170138265,0.014512327335954122,0.017528111784935817,-0.004952871387838429,0.06375606424309414,2024,0.3200375833011649,0.37742624858571394,0.31480666018404896,0.38351559581498157,0.30455989423468616,0.39376236176434437,0.2980778367255494,0.40024441927348114
643565,385.0,0.3498697861408193,0.3264246805277465,0.3227595315718874,0.3276492759571114,0.3249525738967598,0.3239012671142904,0.3197595315718874,2025,349,0.006665148955859049,-0.015389772914325929,0.03164598649098535,0.011862488929679879,0.01881449236155251,-0.03021057846018782,0.043540876371905915,2024,0.3043697586575615,0.3514055180628728,0.2895489531116996,0.3633004079437933,0.28283128484466213,0.3700180762108308,0.26339018688679416,0.3894591741686988
665750,180.0,0.2372881318889768,0.3021510232100812,0.2816595315718874,0.3129635710936034,0.3011608727799734,0.3056147736665415,0.3197595315718874,2025,522,-0.01760850836180618,-0.0405358331026589,0.007429718650200359,0.011826484671815865,0.016986024019999303,-0.050900503681537076,0.01568348695792472,2024,0.2792236984692285,0.3271892502220878,0.2688590278903503,0.3354430185298121,0.26158446762762644,0.34271757879253606,0.22030725007667465,0.3839947963434879
621035,125.0,0.2499999966621399,0.3006928258724244,0.2820595315718874,0.3057315168005947,0.3049767940280952,0.3081718067353219,0.3197595315718874,2025,260,-0.019066705699463025,-0.040808517210063774,0.002166259967752191,0.01097827456610206,0.019931185612471782,-0.058131111669090615,0.019997700270164565,2024,0.2789510143618236,0.3219257915396396,0.2616284199027968,0.339757231842052,0.2560945065958167,0.34529114514903214,0.20283734870648046,0.39854830303836836
572191,325.0,0.2692789939877381,0.2904721443027937,0.2465595315718874,0.2935592892142569,0.2954503169565412,0.2931395010998705,0.3197595315718874,2025,294,-0.02928738726909368,-0.05064688458730836,-0.006950403463629192,0.011063281150691245,0.019440526436938606,-0.06739011892599213,0.008815344387804774,2024,0.26911264698457904,0.3128091281082582,0.2523694126458953,0.3285748759596922,0.24663154573573395,0.3343127428698535,0.2230344413897733,0.35790984721581415
621438,341.0,0.2729970285729767,0.3156881609807758,0.3099595315718874,0.3134644346240121,0.3140544114651011,0.3176666012942392,0.3197595315718874,2025,387,-0.004071370591111549,-0.028148606628997267,0.020305241879728545,0.012516191967750032,0.018310056778300388,-0.039958422431463796,0.0318156812492407,2024,0.29161092494289015,0.34006477345161595,0.2798011091404236,0.35157521282112814,0.2722178900233501,0.35915843193820157,0.25058333750173245,0.38079298445981924
642133,312.0,0.3133012782304715,0.3003471134407413,0.2971595315718874,0.3146736226010366,0.3103902012242502,0.3138913964766121,0.3197595315718874,2025,420,-0.019412418131146116,-0.04434155767811884,0.005369691520405723,0.012639615450126046,0.018070812717483495,-0.054830560228782146,0.016005723966489915,2024,0.27541797389376854,0.32512922309229314,0.2649289713431053,0.3357652555383773,0.25712494569110794,0.3435692811903746,0.23341825963772894,0.3672759672437536
677588,169.0,0.3147590318358088,0.3065958356881632,0.2871595315718874,0.3155998588970222,0.3009799952994677,0.3125047457228024,0.3197595315718874,2025,166,-0.013163695883724243,-0.03294366758568744,0.008356649027022801,0.010692463213919708,0.02152834459308622,-0.05535847593294084,0.029031084165492355,2024,0.28681586398619996,0.32811618059891023,0.26440105563894656,0.3487906157373798,0.25948332435870947,0.3537083470176169,0.21865099572674943,0.39454067564957696
669326,150.0,0.2446308692029658,0.3090062320823625,0.1449595315718874,0.3172219084338147,0.3037726766439695,0.3153501929862892,0.3197595315718874,2025,12,-0.010753299489524876,-0.015126205859830667,-0.004363943183426871,0.0027760044484846816,0.025161013116599722,-0.060067979012600234,0.038561380033550474,2024,0.30463332571205676,0.31539558838846055,0.25969155255928716,0.3583209116054379,0.25939231599918056,0.35862014816554455,0.21340292087152696,0.40460954329319815
642136,190.0,0.3074468031842657,0.3076985339420034,0.2885595315718874,0.3066154546633977,0.3056326323280766,0.3121726231903183,0.3197595315718874,2025,186,-0.012060997629883975,-0.03166949424877301,0.009029576760144304,0.010382227074756518,0.02114732280004078,-0.05350898868740663,0.02938699342763868,2024,0.2880900373231144,0.32878910833203173,0.2662505428844808,0.3491465249995261,0.26152484810470567,0.35387221977930117,0.2239502847029364,0.3914467831810704
677950,469.0,0.2985900169856636,0.3060674737127737,0.2726595315718874,0.3074664823211279,0.2970428936690898,0.3125183928305061,0.3197595315718874,2025,102,-0.013692057859113713,-0.033588623064128104,0.007540723587222445,0.010456692037635072,0.022823507753682627,-0.058425311057202334,0.03104119533897491,2024,0.2861709085077593,0.3273002551591099,0.2613342205146851,0.35080072691086234,0.2568628164048221,0.3552721310207253,0.24167417072377323,0.3704607767017742
657041,142.0,0.242957742701114,0.3215410257517924,0.3169595315718874,0.3292066312583151,0.3274042363883715,0.3210223352158313,0.3197595315718874,2025,570,0.0017814941799050039,-0.021788201536791403,0.02751086929282098,0.012723677781719988,0.01653109423663378,-0.030618855148934865,0.03418184350874487,2024,0.297971330035096,0.3472704008647084,0.28914067642295255,0.3539413750806323,0.28065479338732363,0.36242725811626125,0.23134259586385353,0.41173945563973136
669911,337.0,0.2739457798650466,0.3095442125783609,0.3200595315718874,0.3197051374959563,0.2919366924420565,0.3270486878411724,0.3197595315718874,2025,456,-0.010215318993526519,-0.03792597330114776,0.01695222087354549,0.013983502820734111,0.0175740059270916,-0.0446597376747195,0.024229099687666462,2024,0.28183355827073964,0.3367117524454329,0.27509979389716793,0.34398863125955387,0.2655263695820671,0.3535620555746547,0.24495164832191943,0.3741367768348024
679529,686.0,0.3382352899102603,0.3133866492868175,0.2970595315718874,0.3229052984420687,0.3136557459219617,0.3109859944626953,0.3197595315718874,2025,403,-0.006372882285069921,-0.030359793759511974,0.01829865547590108,0.01255310676953707,0.018144106703705615,-0.041934677955984684,0.02918891338584484,2024,0.28939973781237543,0.3380581870477885,0.2778248536159027,0.34894844495773225,0.2701433807591279,0.35662991781450704,0.2611236863506208,0.3656496122230142
647351,284.0,0.303356885699417,0.3019402686905359,0.2758595315718874,0.2936301039163088,0.2893932964770874,0.3054113107360832,0.3197595315718874,2025,361,-0.017819262881351522,-0.040480239366770476,0.006155273278161092,0.012028957182849274,0.018627145522158658,-0.05432779723956903,0.018689271476865985,2024,0.27927929220511694,0.3259148048500485,0.26543173433231837,0.3384488030487534,0.25848090744223123,0.3453996299388406,0.23211290915435956,0.3717676282267123
620443,283.0,0.2893616977735614,0.3090671524593673,0.2882595315718874,0.3025352052649034,0.2995869070265278,0.3147879323079303,0.3197595315718874,2025,131,-0.010692379112520061,-0.03100217464123357,0.009932643530208733,0.010489316638520775,0.022175780085841933,-0.0541561094098508,0.03277135118481067,2024,0.28875735693065385,0.32969217510209614,0.2656034221620366,0.3525308827566981,0.26098643604181027,0.3571478688769244,0.235279604058104,0.38285470086063067
650402,666.0,0.3397590306149908,0.3208592472973797,0.3186595315718874,0.3330382218861436,0.3307696059754115,0.3215645863642833,0.3197595315718874,2025,730,0.0010997157254922958,-0.02138139059315397,0.02398975056731294,0.011714701216105374,0.015434136772365284,-0.029150636480808935,0.03135006793179353,2024,0.29837814097873344,0.34374928213920036,0.29060889509107846,0.3511095995036809,0.2828821037617042,0.3588363908330552,0.27160574875191196,0.3701127458428474
678662,390.0,0.3060052176990957,0.3137345712725795,0.3222595315718874,0.3315476702283415,0.3004874218207106,0.3255689343850724,0.3197595315718874,2025,687,-0.006024960299307915,-0.03304123248502873,0.019797726443482693,0.013289992829344082,0.01572811622539089,-0.036851501645734114,0.024801581047118288,2024,0.2867182990868587,0.3395572580153701,0.28290802992615327,0.3445611126190057,0.2733765593529065,0.35409258319225245,0.2543182688230644,0.37315087372209454
624431,302.0,0.282999995748202,0.3036072285846577,0.2791595315718874,0.2933052459148039,0.2955660207223632,0.3083143001971555,0.3197595315718874,2025,238,-0.01615230298722968,-0.038506340425837574,0.007099090713520016,0.01183288961636201,0.02027267011924791,-0.055886006291416906,0.023581400316957546,2024,0.28125319114604985,0.3268586222854074,0.2638735252804705,0.34334093188884496,0.2576002967070561,0.34961416046225935,0.2335316777628964,0.37368277940641903
669707,376.0,0.3174731135368347,0.3071047039521546,0.2861595315718874,0.3180410635500094,0.3151382209016224,0.3057851253822423,0.3197595315718874,2025,445,-0.012654827619732809,-0.03555380406191804,0.009759174194312981,0.011682023733223024,0.01769150028546972,-0.047329531011733546,0.02201987577226793,2024,0.28420572750996936,0.3295187057662004,0.2724300005601539,0.34177940734415535,0.26555259563539024,0.348656812268919,0.24482773368806,0.36938167421624923
545361,556.0,0.3440366926543209,0.3289997525861144,0.3734595315718874,0.3728491999931551,0.3731015233741065,0.3310996332895185,0.3197595315718874,2025,125,0.009240221014227038,-0.014889907664101058,0.03613628951402392,0.012985133408410112,0.022315172977438073,-0.03449671433033303,0.0529771563587871,2024,0.3048696239077864,0.35589582108591133,0.2852628172415544,0.3727366879306745,0.27839696552186927,0.37960253965035967,0.2679862564067004,0.39001324876552856
663656,629.0,0.3699346354194716,0.3610518185000199,0.4115595315718874,0.3710329747487222,0.3676670029521998,0.3608332295650479,0.3197595315718874,2025,344,0.04129228692813246,0.01338667477201894,0.06953198467538178,0.014422467040556414,0.018949552967748588,0.004151845588211127,0.07843272826805378,2024,0.33314620634390635,0.3892915162472692,0.32391137716009855,0.3981922598399412,0.3143777910124687,0.40772584598757106,0.3064706161248396,0.41563302087520015
668930,696.0,0.3468930580884735,0.3112462857954404,0.3024595315718874,0.3068619236244342,0.2965437982208231,0.3137914271261372,0.3197595315718874,2025,622,-0.008513245776447041,-0.030919076850874822,0.013864544862648223,0.011583508278784287,0.016303379774250892,-0.04046728296025755,0.023440791407363465,2024,0.2888404547210126,0.3336240764345356,0.2792922486116299,0.34320032297925085,0.27204809115042067,0.3504444804404601,0.2615797768754925,0.3609127947153883
457759,193.0,0.2761780057902111,0.3300302143850855,0.3266595315718874,0.3304714946829494,0.3381627864331622,0.327461648405371,0.3197595315718874,2025,537,0.01027068281319813,-0.0121841274638765,0.03461613044468241,0.011956327690683864,0.01678266164839267,-0.022622729582373116,0.043164095208769376,2024,0.30757540410801093,0.35437566201656984,0.2971368019895143,0.3629236267806568,0.2896429935493023,0.37041743522086884,0.2506860828138979,0.4093743459562732
607208,658.0,0.3667427644337693,0.3421807625968974,0.3529595315718874,0.3490888279052828,0.3454524875728409,0.3414520826156383,0.3197595315718874,2025,555,0.022421231025010015,-0.0032849602925942144,0.04939755772400223,0.01326409677360342,0.01671153859393026,-0.01033278274534443,0.05517524479536446,2024,0.3164745712792932,0.36915708929588964,0.309426748826543,0.37493477636725187,0.3003635732091212,0.3839979519846737,0.29117078905349997,0.3931907361402949
649966,330.0,0.3125757520849054,0.3185400248450615,0.3104595315718874,0.3278897504870777,0.3225806772474198,0.3190371893341691,0.3197595315718874,2025,109,-0.0012195067268259254,-0.0214295547706916,0.02013501210358434,0.010622267070974108,0.022653000014887004,-0.04561857089778976,0.04317955744413791,2024,0.29832997680119583,0.3398945436754717,0.27414096067409766,0.36293908901602534,0.2695020954087607,0.3675779542813623,0.24768529293026642,0.3893947567598566
602104,391.0,0.304498710025552,0.3229605838618445,0.3307595315718874,0.3234063866613398,0.3222073071709399,0.3271659468093277,0.3197595315718874,2025,308,0.0032010522899571688,-0.02088265701118236,0.02953902027099085,0.012986373746323414,0.01927900516210447,-0.034585103485529387,0.04098720806544372,2024,0.29887687456070505,0.3492985518428783,0.285174428086358,0.3607467396373311,0.2774013931288339,0.36851977459485524,0.25970541495357485,0.3862157527701143
570482,197.0,0.2784615342433636,0.3065282962679359,0.2862595315718874,0.3088440762669192,0.3127482315518742,0.3054618599735398,0.3197595315718874,2025,463,-0.013231235303951497,-0.036406548285556756,0.00989864623303037,0.011969366714605426,0.017484059055429723,-0.04749936135616515,0.021036890748262156,2024,0.28335298328633063,0.3296581778049178,0.27226017021572224,0.34079642232014956,0.26499934369237677,0.3480572488434951,0.22726947383347057,0.3857871187024013
665839,102.0,0.2921568593558143,0.3011069487676298,0.2757595315718874,0.3173501346739222,0.3016986049360266,0.3085642407944446,0.3197595315718874,2025,221,-0.018652582804257634,-0.04141875877883999,0.006182382476521876,0.0120958894666518,0.020560181153082384,-0.0589497973799183,0.021644631771403036,2024,0.2783407727930474,0.3259419140484093,0.2608097341919691,0.34140416334329043,0.2543532171022025,0.34786068043305707,0.19392181453888663,0.40829208299637293
545121,121.0,0.3083333278695742,0.2960404857535398,0.2647595315718874,0.2971214519829794,0.2940882714484953,0.3030019582737586,0.3197595315718874,2025,297,-0.023719045818347544,-0.044300221731980685,-0.002761396469632635,0.010454607127032096,0.01939540697222472,-0.06173334494940506,0.01429525331270997,2024,0.27545930983990674,0.3169981351022548,0.25802618662248233,0.3340547848845974,0.25285537469793273,0.339225596809147,0.19724343004359926,0.3948375414634805
678246,569.0,0.3193661930485511,0.2900177269747697,0.2395595315718874,0.2941278212390139,0.2842928977762257,0.2954028942142658,0.3197595315718874,2025,237,-0.029741804597117723,-0.04974730648263222,-0.008552606237439125,0.010415111570846715,0.02026140700192542,-0.06945343259699922,0.009969823402763773,2024,0.2700122250892552,0.31120692533444827,0.2503060989748882,0.32972935497465117,0.2453667033403073,0.33466875060923207,0.2321783495368059,0.34785710441273343
662139,352.0,0.3392857113906315,0.3107015663030604,0.3011595315718874,0.3146961925897809,0.3133077602258995,0.31295922125597,0.3197595315718874,2025,509,-0.00905796526882701,-0.034775263097860644,0.0167641274587753,0.013187749626766254,0.01723974744014237,-0.04284724935407265,0.02473131881641863,2024,0.28498426847402675,0.3365236590306627,0.2769122822178148,0.34449085038830607,0.26815970791897836,0.3532434246871424,0.2474539410829204,0.3739491915232004
683734,477.0,0.3170168021646868,0.3176254942367422,0.3052595315718874,0.3271191566235873,0.3222796418013943,0.3146789396309969,0.3197595315718874,2025,618,-0.002134037335145224,-0.02560473841262903,0.022754942885993324,0.01234386182937146,0.01622689439920333,-0.033938165938518464,0.02967009126822802,2024,0.2941547931592584,0.34251447445788075,0.28582136563336896,0.3494296228401154,0.2776651485231386,0.35758583995034576,0.261759994948817,0.37349099352466736
543877,214.0,0.2712616775637475,0.293322403616189,0.2635595315718874,0.2861581077767167,0.2905539055106951,0.299004656140279,0.3197595315718874,2025,310,-0.026437127955698345,-0.048413348149354635,-0.002154663858311963,0.011889214625021186,0.01924471607074194,-0.06415607834705173,0.011281822435655037,2024,0.2713461834225328,0.31760486771357543,0.2556034532248357,0.3310413540075424,0.24898593355348134,0.33765887367889674,0.21506240567356347,0.3715824015588146
657077,213.0,0.2688679194675301,0.3042394831367481,0.2923595315718874,0.3167061319007389,0.3125177611102819,0.3061913479752218,0.3197595315718874,2025,670,-0.015520048435139348,-0.03691218067146687,0.007933832813687874,0.011488591553765705,0.01591228329081219,-0.04670755059692973,0.015667453726651036,2024,0.28284735090042057,0.3276933643855753,0.2730519809749577,0.3354269852985384,0.26577279958660416,0.342706166686892,0.22876337409441116,0.379715592179085
668901,463.0,0.3124190024371795,0.3466330675479876,0.3655595315718874,0.347265997535209,0.3308741396595675,0.3480922879742891,0.3197595315718874,2025,511,0.026873535976100208,-0.0018291575324572906,0.05503697727091671,0.014923557239319348,0.017076685241313384,-0.006596152072200708,0.06034322402440112,2024,0.31793037403943014,0.37479650884280413,0.3131633794996867,0.38010275559628853,0.302183532694,0.39108260240197523,0.2892444263328765,0.40402170876309873
663837,100.0,0.2804999947547912,0.3248133540997824,0.3164595315718874,0.3193090223224074,0.3136685409436069,0.3210762300844759,0.3197595315718874,2025,595,0.005053822527895015,-0.021047329569947038,0.029118384427468166,0.012742915776447743,0.016415751601177656,-0.027120459389568915,0.03722810444535894,2024,0.2987122020019404,0.3488779159993556,0.2926390721823185,0.35698763601724637,0.2840829255662032,0.3655437826333616,0.21946978446251017,0.4301569237370546
683011,622.0,0.2892568626580986,0.3081652297512258,0.2996595315718874,0.3146541548423886,0.3045819362277142,0.3102870654958456,0.3197595315718874,2025,741,-0.01159430182066155,-0.03316354696556338,0.011324519398987348,0.011716355296588984,0.015376741421295864,-0.04173216120598669,0.018543557564663585,2024,0.286595984606324,0.3310840509708748,0.27802737036590075,0.338303089136551,0.2702756655717637,0.346054793930688,0.25790601328743235,0.35842444621501934
664774,242.0,0.2539748916067338,0.3270156999742286,0.3331595315718874,0.3370969467138472,0.3321601084626882,0.3306092782667845,0.3197595315718874,2025,395,0.00725616840234118,-0.01478225014585794,0.03175224641182227,0.012040285745237696,0.018294428159140497,-0.028600251907329594,0.04311258871201196,2024,0.3049772814260295,0.3515117779837097,0.2911592796645578,0.36287212028389937,0.2840904937799751,0.3699409061684821,0.25323515703310107,0.4007962429153561
642180,127.0,0.2808943037095108,0.2944062904242856,0.2420595315718874,0.285426427932623,0.2873875140705538,0.3015475924207474,0.3197595315718874,2025,152,-0.025353241147601784,-0.04192625471798167,-0.008411945792595323,0.008913089142959536,0.021776369101520907,-0.06803414030063362,0.017327658005430048,2024,0.27783327685390574,0.3113475857792921,0.2517253912712538,0.3370871895773175,0.24828864984256904,0.3405239310060022,0.19569175579531653,0.39312082505325474
676572,514.0,0.3050682215895104,0.3135169647283352,0.3044595315718874,0.3190139256947418,0.3087010185681995,0.3180330594269746,0.3197595315718874,2025,73,-0.0062425668435522,-0.024489253620000727,0.013669858118518795,0.00951182018481293,0.023494888867186824,-0.05229170284400944,0.039806569156905044,2024,0.2952702779518867,0.3334293896904062,0.267467828727878,0.35956610072879247,0.26383721181043623,0.36319671764623424,0.24965675277327895,0.37737717668339155
695238,149.0,0.3010135079557831,0.3208461204773244,0.3487595315718874,0.3327439285454017,0.3161887646277782,0.3251375641006163,0.3197595315718874,2025,86,0.0010865889054370798,-0.017038220113962277,0.0218711298230791,0.009794437353163224,0.02318187544884319,-0.04434905206838887,0.04652222987926303,2024,0.30272131145792514,0.3416306613949665,0.27541047950349856,0.36628176145115043,0.2715215579490603,0.37017068300558864,0.2269447175303358,0.41474752342431315
572233,640.0,0.316901404159916,0.3248607864324194,0.3372595315718874,0.3412847695522853,0.3380311063406814,0.3333472130694563,0.3197595315718874,2025,547,0.005101254860532015,-0.02086393882402937,0.03191486339051329,0.013324041650775727,0.01678541430381368,-0.027797552640526267,0.038000062361590294,2024,0.29889559274785804,0.3516743949624007,0.29196197893136117,0.3577595939334777,0.2828571431445401,0.3668644297202988,0.2733386354453119,0.376382937419527
691023,396.0,0.2763291091858586,0.3024927918264637,0.2658595315718874,0.3362013201715773,0.3187929799645425,0.3063563513867954,0.3197595315718874,2025,178,-0.017266739745423643,-0.03889297931651915,0.005931214164126354,0.01140835116678147,0.021280522717225896,-0.05897579784337285,0.024442318352525562,2024,0.2808665522553683,0.32569074573601375,0.26078373372851454,0.344201849924413,0.2551682398181286,0.34981734383479896,0.23706668357982014,0.3679189000731074
670242,392.0,0.3416879762469045,0.3396474166874331,0.3769595315718874,0.3633890352687167,0.3451010314200951,0.3433780423832148,0.3197595315718874,2025,261,0.01988788511554576,-0.005153156286618365,0.048116483408152416,0.01362249593879943,0.019947686335633073,-0.019208861677196827,0.05898463190828835,2024,0.314606375285269,0.36787601498003986,0.3005506698946906,0.37874416348017576,0.2923037336268515,0.38699109974801477,0.27565199825022013,0.40364283512464616
670764,317.0,0.276996800693841,0.289748231038811,0.2346595315718874,0.2810145252604821,0.2784781833620771,0.294219071467562,0.3197595315718874,2025,252,-0.03001130053307644,-0.04938699483340514,-0.0077973610639352825,0.010483777678791962,0.020049854429746397,-0.06930829311065025,0.009285692044497366,2024,0.27037253673848227,0.3119621705079521,0.2504512384612372,0.3290452236163848,0.2454033688042846,0.33409309327333736,0.2210575302224375,0.3584389318551845
621493,663.0,0.3459969750884076,0.3279504259615448,0.3261595315718874,0.3391750967792967,0.3404397746666164,0.3272453840493337,0.3197595315718874,2025,662,0.00819089438965742,-0.016401338294625867,0.03243675353655588,0.012610835827929505,0.015914447674717835,-0.023000849886636747,0.03938263866595158,2024,0.30335819327726155,0.3521962851084433,0.29675868168525066,0.359142170237839,0.2881528842766179,0.3677479676464718,0.27804466952070295,0.3778561824023867
671221,219.0,0.2903225754263214,0.3108417238017272,0.2582595315718874,0.3205528640931557,0.3034357531634211,0.3177863307545903,0.3197595315718874,2025,19,-0.008917807770160208,-0.0171319052009401,-8.123483255042217e-05,0.004383629405352806,0.024951719615289268,-0.05782227956846878,0.03998666402814837,2024,0.3026276263709473,0.319678296739337,0.2619372520034186,0.3597461956000358,0.26118826844519244,0.36049517915826196,0.22725819718221968,0.3944252504212347
669224,471.0,0.309129508057977,0.311559471753224,0.3020595315718874,0.3195212562222446,0.3109094981594197,0.3147570202163954,0.3197595315718874,2025,467,-0.008200059818663352,-0.031320137562872774,0.017403807610866535,0.012592037708567361,0.017539602450873562,-0.042577048925525995,0.026176929288199296,2024,0.28843939400901464,0.33716333918275393,0.2771824826463614,0.3459364608600867,0.2692407189568746,0.3538782245495735,0.2539565136081459,0.3691624298983022
676059,352.0,0.3460227222266522,0.3309595260402058,0.3415595315718874,0.3390324072760967,0.3277839795434316,0.3325270072799405,0.3197595315718874,2025,454,0.011199994468318403,-0.01642666374233142,0.039286702588176944,0.013933736307451275,0.017652013343922652,-0.02339731594039044,0.045797304877027246,2024,0.303332867829556,0.35904623416006437,0.29636221563149695,0.3655568364489147,0.2868824423702185,0.3750366097101932,0.26727655920832516,0.3946424928720865
642201,271.0,0.3033707824985632,0.3156798799428069,0.3336595315718874,0.307791138951651,0.2998591542530368,0.3212231483835234,0.3197595315718874,2025,42,-0.004079651629080506,-0.017730414489272477,0.011714394701116598,0.0074993005897164644,0.024294361323324427,-0.05169572485019923,0.043536421592038216,2024,0.30202911708261493,0.331473926273004,0.26806380672168817,0.3632959531639256,0.26584683680670007,0.3655129230789137,0.23834789253392674,0.393011867351687
805779,523.0,0.3632495102384335,0.3118252958004753,0.2806595315718874,0.3200797327100765,0.305825812044204,0.313340113575716,0.3197595315718874,2025,102,-0.007934235771412104,-0.02462837857002523,0.009900805139610936,0.008944296329441598,0.02280488953596596,-0.05263099793331973,0.03676252639049552,2024,0.29513115300186216,0.32966033671149836,0.2671285336385677,0.35652205796238295,0.26381364167906685,0.35983694992188375,0.24920168173530152,0.37444890986564905
642215,125.0,0.3032258023177424,0.3236213373351021,0.3516595315718874,0.3367686523551135,0.3231003474584955,0.327410687408102,0.3197595315718874,2025,100,0.0038618057632147356,-0.016040440240038232,0.024975706518353243,0.010407570657854906,0.022846853406720137,-0.040917204074022974,0.04864081560045245,2024,0.30371909133184916,0.34473523809024065,0.2788423274978644,0.3684003471723399,0.27441506698744617,0.3728276076827581,0.22334758045116895,0.42389509421903526
691026,537.0,0.3014018642568142,0.3233001305346279,0.3191595315718874,0.3268666945096631,0.3082702838413445,0.3247777369526345,0.3197595315718874,2025,630,0.003540598962740532,-0.0204428836653473,0.028839631942919674,0.012269915739051576,0.016172497158406456,-0.028156913007812485,0.03523811093329355,2024,0.2993166479065401,0.3485991635148071,0.29160261856407493,0.35499764250518095,0.28351235492945365,0.3630879061398022,0.26964856220600225,0.3769516988632536
677951,687.0,0.3716715929599908,0.3759362422266433,0.4056595315718874,0.3719280351142846,0.3480721347604817,0.375999369182508,0.3197595315718874,2025,727,0.05617671065475595,0.029045266084537,0.08248240301723221,0.013574705889336094,0.015473520423908278,0.025849167909850774,0.08650425339966113,2024,0.3488047976564244,0.4022419345891196,0.34560869948173817,0.4062637849715485,0.33559227604562186,0.41628020840766483,0.3271059157135565,0.4247665687397302
657136,188.0,0.2483870922237314,0.3267501932364108,0.3302595315718874,0.3220762664961679,0.3118184164150833,0.328858970098361,0.3197595315718874,2025,483,0.006990661664523473,-0.017450392918951778,0.031142698193936596,0.012727988494183416,0.01737585110743595,-0.027065380706781404,0.04104670403582835,2024,0.3023091386529356,0.350902229765824,0.29269415086510603,0.36080623560771574,0.2845348305437778,0.3689655559290439,0.24605331620948057,0.40744707026334115
695578,689.0,0.3595870161830148,0.3281067596784962,0.3472595315718874,0.3506167410011919,0.3254588871723264,0.3331347116244388,0.3197595315718874,2025,334,0.008347228106608795,-0.014205441596586517,0.0353220456416561,0.012738794971209918,0.019057943118210244,-0.029005654024496258,0.04570011023771385,2024,0.30555408997530087,0.3550815772135435,0.2907538775473911,0.3654596418096013,0.28317772872857094,0.3730357906284215,0.27466869043674086,0.3815448289202516
642851,110.0,0.3743119223402181,0.3186514787182836,0.4133595315718874,0.302969563882265,0.2963510307080302,0.3240250832423464,0.3197595315718874,2025,20,-0.0011080528536037953,-0.012305654385872583,0.01037339792433992,0.005755317273621024,0.02491970804661675,-0.04994978313022561,0.04773367742301802,2024,0.3074538771860148,0.33013292949622736,0.2698097484416618,0.36749320899490545,0.2685240624942991,0.3687788949422682,0.21126031044642518,0.4260426469901421
573262,558.0,0.3319999954917214,0.3207848839812232,0.3180595315718874,0.3189164576192208,0.3218151938685809,0.3223932488964051,0.3197595315718874,2025,470,0.0010253524093358094,-0.023762109690459145,0.02797633020899953,0.013590387481110957,0.017569081337895847,-0.03340941425439484,0.035460119073066454,2024,0.29599742188142825,0.34773586178088695,0.2863501173174926,0.35521965064495387,0.2772502386534269,0.36431952930901956,0.26611319221612706,0.3754565757463194
592885,682.0,0.3448888837849652,0.3507391809428,0.3945595315718874,0.3538994653580117,0.3485898105510061,0.3525340673666204,0.3197595315718874,2025,310,0.03097964937091265,0.00573170339488455,0.05686887046596438,0.013146851588088685,0.019277702754091377,-0.006803953731775062,0.06876325247360036,2024,0.32549123496677196,0.3766284020378518,0.31295557784011235,0.3885227840454878,0.3050056344018795,0.3964727274837206,0.29685987657976964,0.40461848530583044
807799,212.0,0.3372037857064703,0.3266693743356965,0.3393595315718874,0.3408321689229722,0.3305766133588269,0.3317908760023826,0.3197595315718874,2025,421,0.006909842763809055,-0.016361703947931048,0.031199825301622405,0.01232204227725294,0.017982071295535005,-0.028334369342871063,0.04215405487048918,2024,0.30339782762395634,0.3509593568735098,0.2914251622290164,0.3619135864423766,0.28394451446311564,0.36939423420827733,0.2492844909954956,0.40405425767589737
696285,364.0,0.2790368217922135,0.3128153562381045,0.2970595315718874,0.3153945555224091,0.3085677685467718,0.3111641693035131,0.3197595315718874,2025,508,-0.0069441753337828975,-0.02828954852542505,0.015101358262805932,0.011062271752256804,0.017127456372609227,-0.04051337297087802,0.026625022303312224,2024,0.2914699830464624,0.33486088983469336,0.2792461586010094,0.3463845538751996,0.2728530595100114,0.3527776529661977,0.2504358755225354,0.37519483695367367
